id;entrada;salida;duracion;detecciones;ejemplar_id;ubi_id
1;2026-05-15 06:01:20+00;2026-05-15 06:54:20+00;3180;31;218;19
2;2026-05-15 06:11:44+00;2026-05-15 07:08:44+00;3420;64;220;13
3;2026-05-15 06:12:09+00;2026-05-15 07:01:09+00;2940;39;220;14
4;2026-05-15 06:13:21+00;2026-05-15 06:14:14+00;53;13;203;2
5;2026-05-15 06:14:16+00;2026-05-15 06:41:16+00;1620;103;222;13
6;2026-05-15 06:15:16+00;2026-05-15 06:15:58+00;42;28;223;2
7;2026-05-15 06:16:41+00;2026-05-15 06:17:55+00;74;30;212;2
8;2026-05-15 06:22:29+00;2026-05-15 06:38:29+00;960;84;211;13
9;2026-05-15 06:22:41+00;2026-05-15 06:23:28+00;47;10;210;2
10;2026-05-15 06:26:47+00;2026-05-15 07:53:47+00;5220;38;217;14
11;2026-05-15 06:27:03+00;2026-05-15 06:28:57+00;114;27;223;2
12;2026-05-15 06:27:22+00;2026-05-15 06:29:00+00;98;21;218;2
13;2026-05-15 06:30:45+00;2026-05-15 06:32:37+00;112;15;217;2
14;2026-05-15 06:31:26+00;2026-05-15 06:57:26+00;1560;77;212;14
15;2026-05-15 06:33:28+00;2026-05-15 06:35:06+00;98;21;220;2
16;2026-05-15 06:36:21+00;2026-05-15 06:38:11+00;110;20;216;2
17;2026-05-15 06:44:22+00;2026-05-15 07:02:22+00;1080;93;214;14
18;2026-05-15 06:47:06+00;2026-05-15 06:48:17+00;71;20;219;2
19;2026-05-15 06:48:01+00;2026-05-15 07:30:01+00;2520;41;210;19
20;2026-05-15 06:48:51+00;2026-05-15 06:50:16+00;85;28;210;2
21;2026-05-15 06:56:36+00;2026-05-15 06:58:14+00;98;17;216;2
22;2026-05-15 07:00:33+00;2026-05-15 07:02:23+00;110;23;217;2
23;2026-05-15 07:01:08+00;2026-05-15 07:02:45+00;97;13;215;2
24;2026-05-15 07:06:13+00;2026-05-15 08:00:13+00;3240;43;212;19
25;2026-05-15 07:06:44+00;2026-05-15 07:08:21+00;97;10;221;2
26;2026-05-15 07:06:52+00;2026-05-15 07:33:52+00;1620;16;202;13
27;2026-05-15 07:08:02+00;2026-05-15 07:09:02+00;60;25;222;2
28;2026-05-15 07:11:55+00;2026-05-15 07:13:19+00;84;12;218;2
29;2026-05-15 07:12:58+00;2026-05-15 07:13:49+00;51;16;202;2
30;2026-05-15 07:24:22+00;2026-05-15 07:26:15+00;113;20;215;2
31;2026-05-15 07:25:55+00;2026-05-15 07:26:49+00;54;13;208;2
32;2026-05-15 07:33:59+00;2026-05-15 08:04:59+00;1860;143;209;13
33;2026-05-15 07:37:02+00;2026-05-15 07:38:21+00;79;22;220;2
34;2026-05-15 07:42:46+00;2026-05-15 08:55:46+00;4380;94;200;19
35;2026-05-15 07:50:09+00;2026-05-15 08:54:09+00;3840;124;205;19
36;2026-05-15 07:51:26+00;2026-05-15 08:46:26+00;3300;83;211;14
37;2026-05-15 07:58:18+00;2026-05-15 09:18:18+00;4800;122;211;19
38;2026-05-15 07:58:20+00;2026-05-15 07:59:15+00;55;30;216;2
39;2026-05-15 08:02:43+00;2026-05-15 08:03:35+00;52;10;222;2
40;2026-05-15 08:07:04+00;2026-05-15 08:07:48+00;44;25;215;2
41;2026-05-15 08:08:25+00;2026-05-15 08:36:25+00;1680;128;219;13
42;2026-05-15 08:08:57+00;2026-05-15 08:09:38+00;41;30;208;2
43;2026-05-15 08:13:43+00;2026-05-15 08:14:46+00;63;11;200;2
44;2026-05-15 08:17:39+00;2026-05-15 08:34:39+00;1020;40;201;14
45;2026-05-15 08:19:22+00;2026-05-15 09:36:22+00;4620;82;213;14
46;2026-05-15 08:26:03+00;2026-05-15 08:54:03+00;1680;88;206;14
47;2026-05-15 08:33:41+00;2026-05-15 08:35:31+00;110;13;201;2
48;2026-05-15 08:35:07+00;2026-05-15 08:36:25+00;78;14;221;2
49;2026-05-15 08:40:05+00;2026-05-15 08:55:05+00;900;41;201;13
50;2026-05-15 08:40:17+00;2026-05-15 09:12:17+00;1920;9;215;3
51;2026-05-15 08:44:11+00;2026-05-15 09:57:11+00;4380;99;213;19
52;2026-05-15 08:48:18+00;2026-05-15 08:50:04+00;106;29;200;2
53;2026-05-15 08:57:26+00;2026-05-15 08:59:22+00;116;12;222;2
54;2026-05-15 08:57:43+00;2026-05-15 09:33:43+00;2160;8;221;3
55;2026-05-15 09:02:07+00;2026-05-15 09:03:15+00;68;13;208;2
56;2026-05-15 09:02:12+00;2026-05-15 09:33:12+00;1860;91;200;13
57;2026-05-15 09:09:18+00;2026-05-15 09:41:18+00;1920;5;213;3
58;2026-05-15 09:10:59+00;2026-05-15 09:12:23+00;84;15;216;2
59;2026-05-15 09:18:46+00;2026-05-15 09:19:48+00;62;17;218;2
60;2026-05-15 09:22:15+00;2026-05-15 09:39:15+00;1020;101;207;19
61;2026-05-15 09:25:06+00;2026-05-15 10:07:06+00;2520;109;202;14
62;2026-05-15 09:27:46+00;2026-05-15 10:26:46+00;3540;91;211;19
63;2026-05-15 09:38:07+00;2026-05-15 10:23:07+00;2700;33;203;13
64;2026-05-15 09:41:05+00;2026-05-15 10:09:05+00;1680;120;209;19
65;2026-05-15 09:43:57+00;2026-05-15 10:39:57+00;3360;116;207;13
66;2026-05-15 09:45:05+00;2026-05-15 09:46:59+00;114;30;200;2
67;2026-05-15 09:49:13+00;2026-05-15 09:50:08+00;55;10;209;2
68;2026-05-15 09:50:30+00;2026-05-15 10:41:30+00;3060;109;214;13
69;2026-05-15 09:53:24+00;2026-05-15 10:27:24+00;2040;16;204;19
70;2026-05-15 09:58:07+00;2026-05-15 09:59:52+00;105;22;221;2
71;2026-05-15 10:03:39+00;2026-05-15 10:05:33+00;114;21;203;2
72;2026-05-15 10:05:36+00;2026-05-15 10:27:36+00;1320;138;202;14
73;2026-05-15 10:07:51+00;2026-05-15 10:38:51+00;1860;80;220;19
74;2026-05-15 10:12:30+00;2026-05-15 11:30:30+00;4680;71;209;13
75;2026-05-15 10:21:48+00;2026-05-15 10:23:24+00;96;15;223;2
76;2026-05-15 10:27:11+00;2026-05-15 10:28:39+00;88;11;220;2
77;2026-05-15 10:39:23+00;2026-05-15 11:12:23+00;1980;68;212;19
78;2026-05-15 10:45:12+00;2026-05-15 10:46:39+00;87;27;217;2
79;2026-05-15 10:47:49+00;2026-05-15 10:48:36+00;47;28;215;2
80;2026-05-15 10:52:58+00;2026-05-15 12:08:58+00;4560;79;203;19
81;2026-05-15 10:55:16+00;2026-05-15 11:19:16+00;1440;5;203;3
82;2026-05-15 10:55:40+00;2026-05-15 10:57:27+00;107;30;213;2
83;2026-05-15 11:05:08+00;2026-05-15 11:30:08+00;1500;5;214;3
84;2026-05-15 11:08:33+00;2026-05-15 11:09:42+00;69;19;220;2
85;2026-05-15 11:13:50+00;2026-05-15 12:08:50+00;3300;133;214;13
86;2026-05-15 11:24:33+00;2026-05-15 11:25:32+00;59;29;218;2
87;2026-05-15 11:28:23+00;2026-05-15 11:29:39+00;76;28;204;2
88;2026-05-15 11:29:10+00;2026-05-15 12:39:10+00;4200;85;205;13
89;2026-05-15 11:40:48+00;2026-05-15 11:41:55+00;67;14;206;2
90;2026-05-15 11:41:27+00;2026-05-15 12:29:27+00;2880;44;203;19
91;2026-05-15 11:42:01+00;2026-05-15 12:43:01+00;3660;110;209;13
92;2026-05-15 11:44:22+00;2026-05-15 13:13:22+00;5340;48;213;13
93;2026-05-15 11:48:38+00;2026-05-15 12:32:38+00;2640;31;214;14
94;2026-05-15 11:49:22+00;2026-05-15 11:51:06+00;104;10;221;2
95;2026-05-15 11:51:19+00;2026-05-15 11:52:29+00;70;16;214;2
96;2026-05-15 11:56:39+00;2026-05-15 12:50:39+00;3240;70;205;13
97;2026-05-15 11:57:40+00;2026-05-15 11:59:36+00;116;26;216;2
98;2026-05-15 12:00:38+00;2026-05-15 13:22:38+00;4920;122;200;19
99;2026-05-15 12:01:35+00;2026-05-15 12:21:35+00;1200;92;207;13
100;2026-05-15 12:02:02+00;2026-05-15 12:03:19+00;77;18;200;2
101;2026-05-15 12:04:36+00;2026-05-15 12:05:27+00;51;22;213;2
102;2026-05-15 12:06:42+00;2026-05-15 12:34:42+00;1680;9;200;3
103;2026-05-15 12:16:51+00;2026-05-15 12:18:09+00;78;25;222;2
104;2026-05-15 12:19:03+00;2026-05-15 12:20:11+00;68;29;211;2
105;2026-05-15 12:20:07+00;2026-05-15 13:09:07+00;2940;111;213;13
106;2026-05-15 12:24:12+00;2026-05-15 12:25:31+00;79;18;218;2
107;2026-05-15 12:28:28+00;2026-05-15 12:29:32+00;64;11;202;2
108;2026-05-15 12:30:02+00;2026-05-15 12:30:56+00;54;12;209;2
109;2026-05-15 12:30:05+00;2026-05-15 12:32:00+00;115;26;206;2
110;2026-05-15 12:31:48+00;2026-05-15 12:46:48+00;900;77;207;13
111;2026-05-15 12:40:59+00;2026-05-15 12:42:22+00;83;12;214;2
112;2026-05-15 12:44:54+00;2026-05-15 13:15:54+00;1860;9;222;3
113;2026-05-15 12:46:44+00;2026-05-15 12:48:44+00;120;13;223;2
114;2026-05-15 12:48:04+00;2026-05-15 12:48:57+00;53;24;211;2
115;2026-05-15 12:48:09+00;2026-05-15 12:49:37+00;88;13;203;2
116;2026-05-15 12:50:44+00;2026-05-15 14:18:44+00;5280;127;206;14
117;2026-05-15 12:51:08+00;2026-05-15 13:33:08+00;2520;126;217;14
118;2026-05-15 12:54:31+00;2026-05-15 12:55:44+00;73;25;206;2
119;2026-05-15 12:59:09+00;2026-05-15 13:51:09+00;3120;120;215;13
120;2026-05-15 13:10:22+00;2026-05-15 13:45:22+00;2100;53;222;19
121;2026-05-15 13:14:32+00;2026-05-15 13:52:32+00;2280;92;208;13
122;2026-05-15 13:19:22+00;2026-05-15 13:21:20+00;118;16;208;2
123;2026-05-15 13:21:39+00;2026-05-15 14:31:39+00;4200;48;219;13
124;2026-05-15 13:31:26+00;2026-05-15 13:46:26+00;900;82;216;19
125;2026-05-15 13:31:28+00;2026-05-15 13:32:11+00;43;13;219;2
126;2026-05-15 13:32:30+00;2026-05-15 14:27:30+00;3300;60;219;13
127;2026-05-15 13:33:17+00;2026-05-15 13:34:57+00;100;30;204;2
128;2026-05-15 13:40:46+00;2026-05-15 13:41:48+00;62;10;220;2
129;2026-05-15 13:43:56+00;2026-05-15 14:54:56+00;4260;19;201;19
130;2026-05-15 13:45:26+00;2026-05-15 13:46:41+00;75;22;219;2
131;2026-05-15 13:52:30+00;2026-05-15 13:53:53+00;83;29;219;2
132;2026-05-15 14:01:01+00;2026-05-15 14:02:08+00;67;12;222;2
133;2026-05-15 14:07:01+00;2026-05-15 14:08:26+00;85;21;221;2
134;2026-05-15 14:16:47+00;2026-05-15 14:18:08+00;81;25;215;2
135;2026-05-15 14:20:51+00;2026-05-15 14:46:51+00;1560;71;223;19
136;2026-05-15 14:27:36+00;2026-05-15 14:28:25+00;49;13;220;2
137;2026-05-15 14:54:18+00;2026-05-15 14:55:03+00;45;22;208;2
138;2026-05-15 14:56:35+00;2026-05-15 16:24:35+00;5280;114;208;14
139;2026-05-15 14:57:02+00;2026-05-15 16:08:02+00;4260;138;221;14
140;2026-05-15 15:03:03+00;2026-05-15 15:03:58+00;55;18;215;2
141;2026-05-15 15:05:45+00;2026-05-15 15:07:36+00;111;20;212;2
142;2026-05-15 15:07:18+00;2026-05-15 15:54:18+00;2820;49;206;13
143;2026-05-15 15:09:14+00;2026-05-15 15:10:58+00;104;26;209;2
144;2026-05-15 15:14:41+00;2026-05-15 15:37:41+00;1380;5;211;3
145;2026-05-15 15:15:27+00;2026-05-15 15:52:27+00;2220;8;204;3
146;2026-05-15 15:16:22+00;2026-05-15 15:17:15+00;53;26;206;2
147;2026-05-15 15:17:19+00;2026-05-15 16:34:19+00;4620;15;221;19
148;2026-05-15 15:25:31+00;2026-05-15 15:26:22+00;51;12;218;2
149;2026-05-15 15:35:36+00;2026-05-15 15:36:44+00;68;14;203;2
150;2026-05-15 15:35:47+00;2026-05-15 15:56:47+00;1260;87;205;13
151;2026-05-15 15:36:34+00;2026-05-15 15:37:56+00;82;11;219;2
152;2026-05-15 15:42:11+00;2026-05-15 15:43:24+00;73;25;211;2
153;2026-05-15 15:45:43+00;2026-05-15 15:47:10+00;87;15;201;2
154;2026-05-15 15:50:50+00;2026-05-15 17:18:50+00;5280;72;203;13
155;2026-05-15 15:56:20+00;2026-05-15 15:58:05+00;105;12;223;2
156;2026-05-15 16:10:37+00;2026-05-15 16:11:27+00;50;25;219;2
157;2026-05-15 16:11:06+00;2026-05-15 17:22:06+00;4260;45;216;14
158;2026-05-15 16:13:42+00;2026-05-15 17:28:42+00;4500;37;206;19
159;2026-05-15 16:18:46+00;2026-05-15 17:40:46+00;4920;32;222;13
160;2026-05-15 16:23:21+00;2026-05-15 16:24:46+00;85;30;217;2
161;2026-05-15 16:23:27+00;2026-05-15 17:44:27+00;4860;23;206;14
162;2026-05-15 16:27:03+00;2026-05-15 17:21:03+00;3240;147;201;13
163;2026-05-15 16:27:29+00;2026-05-15 16:28:22+00;53;16;207;2
164;2026-05-15 16:35:27+00;2026-05-15 16:36:13+00;46;20;223;2
165;2026-05-15 16:36:09+00;2026-05-15 16:53:09+00;1020;81;218;19
166;2026-05-15 16:42:25+00;2026-05-15 17:07:25+00;1500;22;223;19
167;2026-05-15 16:45:08+00;2026-05-15 17:26:08+00;2460;121;208;14
168;2026-05-15 16:45:52+00;2026-05-15 17:08:52+00;1380;49;213;13
169;2026-05-15 16:48:49+00;2026-05-15 16:50:32+00;103;21;201;2
170;2026-05-15 16:49:17+00;2026-05-15 16:50:05+00;48;20;205;2
171;2026-05-15 16:52:00+00;2026-05-15 16:52:43+00;43;21;210;2
172;2026-05-15 16:53:54+00;2026-05-15 16:55:43+00;109;29;213;2
173;2026-05-15 16:54:28+00;2026-05-15 17:18:28+00;1440;39;209;19
174;2026-05-15 16:57:23+00;2026-05-15 17:22:23+00;1500;42;201;14
175;2026-05-15 17:02:28+00;2026-05-15 17:04:26+00;118;10;212;2
176;2026-05-15 17:04:27+00;2026-05-15 17:05:10+00;43;12;208;2
177;2026-05-15 17:07:02+00;2026-05-15 18:28:02+00;4860;75;204;13
178;2026-05-15 17:09:06+00;2026-05-15 18:17:06+00;4080;32;215;14
179;2026-05-15 17:34:59+00;2026-05-15 18:51:59+00;4620;143;208;13
180;2026-05-15 17:39:02+00;2026-05-15 17:40:10+00;68;10;204;2
181;2026-05-15 17:39:36+00;2026-05-15 18:46:36+00;4020;18;221;14
182;2026-05-15 17:40:47+00;2026-05-15 17:42:14+00;87;19;210;2
183;2026-05-15 17:42:01+00;2026-05-15 17:43:26+00;85;20;205;2
184;2026-05-15 17:44:28+00;2026-05-15 18:10:28+00;1560;49;201;19
185;2026-05-15 17:45:58+00;2026-05-15 18:13:58+00;1680;32;204;19
186;2026-05-15 17:49:52+00;2026-05-15 18:34:52+00;2700;21;220;14
187;2026-05-15 17:58:18+00;2026-05-15 19:00:18+00;3720;121;215;13
188;2026-05-15 18:02:13+00;2026-05-15 18:03:39+00;86;28;211;2
189;2026-05-15 18:04:53+00;2026-05-15 19:01:53+00;3420;105;208;14
190;2026-05-15 18:09:49+00;2026-05-15 18:11:06+00;77;26;214;2
191;2026-05-15 18:16:30+00;2026-05-15 19:17:30+00;3660;133;213;13
192;2026-05-15 18:22:45+00;2026-05-15 18:24:14+00;89;12;202;2
193;2026-05-15 18:27:22+00;2026-05-15 19:02:22+00;2100;18;217;19
194;2026-05-15 18:34:31+00;2026-05-15 18:36:31+00;120;27;222;2
195;2026-05-15 18:38:01+00;2026-05-15 18:38:47+00;46;15;202;2
196;2026-05-15 18:40:35+00;2026-05-15 19:36:35+00;3360;106;214;13
197;2026-05-15 19:05:10+00;2026-05-15 19:05:58+00;48;21;213;2
198;2026-05-15 19:07:46+00;2026-05-15 19:09:33+00;107;29;217;2
199;2026-05-15 19:10:35+00;2026-05-15 20:20:35+00;4200;28;204;19
200;2026-05-15 19:13:13+00;2026-05-15 20:21:13+00;4080;89;219;13
201;2026-05-15 19:34:24+00;2026-05-15 21:01:24+00;5220;104;219;19
202;2026-05-15 19:43:26+00;2026-05-15 21:08:26+00;5100;75;211;14
203;2026-05-15 19:44:08+00;2026-05-15 20:39:08+00;3300;100;210;13
204;2026-05-15 19:46:27+00;2026-05-15 20:07:27+00;1260;34;215;13
205;2026-05-15 19:46:35+00;2026-05-15 19:47:21+00;46;28;220;2
206;2026-05-15 19:53:29+00;2026-05-15 20:48:29+00;3300;22;222;13
207;2026-05-15 20:00:12+00;2026-05-15 20:01:04+00;52;20;217;2
208;2026-05-15 20:08:33+00;2026-05-15 20:10:20+00;107;15;206;2
209;2026-05-15 20:08:44+00;2026-05-15 21:12:44+00;3840;19;211;14
210;2026-05-15 20:24:18+00;2026-05-15 21:38:18+00;4440;105;205;13
211;2026-05-15 20:31:58+00;2026-05-15 20:32:53+00;55;17;215;2
212;2026-05-15 20:32:34+00;2026-05-15 21:01:34+00;1740;19;223;13
213;2026-05-15 20:37:05+00;2026-05-15 21:34:05+00;3420;75;216;13
214;2026-05-15 20:41:22+00;2026-05-15 20:42:35+00;73;29;202;2
215;2026-05-15 20:43:46+00;2026-05-15 20:45:07+00;81;15;216;2
216;2026-05-15 20:43:59+00;2026-05-15 20:45:03+00;64;28;202;2
217;2026-05-15 20:52:49+00;2026-05-15 20:54:10+00;81;22;202;2
218;2026-05-15 21:07:39+00;2026-05-15 21:08:44+00;65;22;203;2
219;2026-05-15 21:14:27+00;2026-05-15 21:38:27+00;1440;96;203;14
220;2026-05-15 21:14:33+00;2026-05-15 21:16:26+00;113;28;222;2
221;2026-05-15 21:17:04+00;2026-05-15 22:42:04+00;5100;100;215;19
222;2026-05-15 21:22:18+00;2026-05-15 21:23:46+00;88;14;223;2
223;2026-05-15 21:23:22+00;2026-05-15 22:48:22+00;5100;119;204;19
224;2026-05-15 21:27:26+00;2026-05-15 21:29:01+00;95;25;211;2
225;2026-05-15 21:28:38+00;2026-05-15 21:29:31+00;53;10;203;2
226;2026-05-15 21:29:36+00;2026-05-15 21:31:25+00;109;10;210;2
227;2026-05-15 21:31:12+00;2026-05-15 21:32:53+00;101;14;207;2
228;2026-05-15 21:31:50+00;2026-05-15 21:33:42+00;112;16;223;2
229;2026-05-15 21:32:19+00;2026-05-15 21:33:43+00;84;12;215;2
230;2026-05-15 21:33:15+00;2026-05-15 21:34:29+00;74;18;210;2
231;2026-05-15 21:35:25+00;2026-05-15 21:37:15+00;110;28;214;2
232;2026-05-15 21:37:22+00;2026-05-15 22:49:22+00;4320;150;220;14
233;2026-05-15 21:48:04+00;2026-05-15 21:48:49+00;45;25;201;2
234;2026-05-15 21:49:34+00;2026-05-15 22:59:34+00;4200;26;209;13
235;2026-05-15 21:56:05+00;2026-05-15 22:53:05+00;3420;71;214;13
236;2026-05-15 21:57:37+00;2026-05-15 21:58:28+00;51;29;210;2
237;2026-05-15 22:00:21+00;2026-05-15 22:02:08+00;107;16;218;2
238;2026-05-15 22:01:28+00;2026-05-15 22:03:00+00;92;28;212;2
239;2026-05-15 22:02:00+00;2026-05-15 22:02:44+00;44;28;209;2
240;2026-05-15 22:03:48+00;2026-05-15 22:05:32+00;104;11;213;2
241;2026-05-15 22:09:23+00;2026-05-15 22:10:12+00;49;24;209;2
242;2026-05-15 22:10:03+00;2026-05-15 22:11:22+00;79;27;204;2
243;2026-05-15 22:10:35+00;2026-05-15 22:11:53+00;78;25;204;2
244;2026-05-15 22:11:14+00;2026-05-15 22:11:55+00;41;22;214;2
245;2026-05-15 22:13:13+00;2026-05-15 22:43:13+00;1800;96;212;14
246;2026-05-15 22:18:43+00;2026-05-15 22:19:34+00;51;27;207;2
247;2026-05-15 22:19:54+00;2026-05-15 22:21:10+00;76;13;211;2
248;2026-05-15 22:20:34+00;2026-05-15 22:22:04+00;90;17;203;2
249;2026-05-15 22:24:16+00;2026-05-15 22:25:35+00;79;11;210;2
250;2026-05-15 22:27:50+00;2026-05-15 23:11:50+00;2640;60;204;13
251;2026-05-15 22:35:20+00;2026-05-15 22:36:25+00;65;26;219;2
252;2026-05-15 22:38:21+00;2026-05-15 23:38:21+00;3600;120;221;14
253;2026-05-15 22:41:26+00;2026-05-15 22:43:02+00;96;18;205;2
254;2026-05-15 22:50:46+00;2026-05-15 22:52:22+00;96;26;217;2
255;2026-05-15 22:55:54+00;2026-05-15 23:45:54+00;3000;62;222;19
256;2026-05-15 23:06:01+00;2026-05-16 00:11:01+00;3900;79;210;14
257;2026-05-15 23:15:16+00;2026-05-16 00:27:16+00;4320;119;219;14
258;2026-05-15 23:23:37+00;2026-05-15 23:24:55+00;78;29;221;2
259;2026-05-15 23:26:31+00;2026-05-15 23:28:04+00;93;24;216;2
260;2026-05-15 23:27:17+00;2026-05-16 00:20:17+00;3180;98;202;13
261;2026-05-15 23:29:21+00;2026-05-15 23:30:56+00;95;13;221;2
262;2026-05-15 23:29:31+00;2026-05-16 00:58:31+00;5340;77;218;13
263;2026-05-15 23:36:06+00;2026-05-16 00:30:06+00;3240;100;215;13
264;2026-05-15 23:41:44+00;2026-05-15 23:43:23+00;99;23;205;2
265;2026-05-15 23:43:06+00;2026-05-15 23:44:47+00;101;12;207;2
266;2026-05-15 23:46:51+00;2026-05-15 23:48:10+00;79;26;218;2
267;2026-05-16 00:03:01+00;2026-05-16 00:04:26+00;85;26;211;2
268;2026-05-16 00:08:08+00;2026-05-16 00:09:21+00;73;24;202;2
269;2026-05-16 00:09:25+00;2026-05-16 00:10:22+00;57;13;205;2
270;2026-05-16 00:14:27+00;2026-05-16 00:15:43+00;76;26;221;2
271;2026-05-16 00:16:10+00;2026-05-16 00:17:18+00;68;18;208;2
272;2026-05-16 00:29:49+00;2026-05-16 00:31:13+00;84;20;222;2
273;2026-05-16 00:35:56+00;2026-05-16 00:37:40+00;104;26;203;2
274;2026-05-16 00:50:50+00;2026-05-16 00:52:46+00;116;26;212;2
275;2026-05-16 06:04:54+00;2026-05-16 06:06:20+00;86;27;216;2
276;2026-05-16 06:08:22+00;2026-05-16 06:31:22+00;1380;32;204;13
277;2026-05-16 06:17:20+00;2026-05-16 06:19:15+00;115;27;211;2
278;2026-05-16 06:19:49+00;2026-05-16 06:37:49+00;1080;149;215;14
279;2026-05-16 06:20:16+00;2026-05-16 06:47:16+00;1620;55;210;13
280;2026-05-16 06:43:44+00;2026-05-16 08:12:44+00;5340;145;220;14
281;2026-05-16 06:49:48+00;2026-05-16 06:51:03+00;75;28;201;2
282;2026-05-16 06:50:41+00;2026-05-16 07:29:41+00;2340;104;208;14
283;2026-05-16 07:14:17+00;2026-05-16 08:22:17+00;4080;69;223;19
284;2026-05-16 07:18:17+00;2026-05-16 07:18:57+00;40;12;217;2
285;2026-05-16 07:20:17+00;2026-05-16 07:21:45+00;88;28;209;2
286;2026-05-16 07:24:07+00;2026-05-16 08:12:07+00;2880;147;203;19
287;2026-05-16 07:25:37+00;2026-05-16 07:26:58+00;81;21;200;2
288;2026-05-16 07:26:02+00;2026-05-16 08:11:02+00;2700;60;205;14
289;2026-05-16 07:39:42+00;2026-05-16 07:40:37+00;55;30;215;2
290;2026-05-16 07:40:50+00;2026-05-16 07:41:42+00;52;15;219;2
291;2026-05-16 07:54:15+00;2026-05-16 07:55:01+00;46;27;210;2
292;2026-05-16 07:54:37+00;2026-05-16 08:17:37+00;1380;8;212;3
293;2026-05-16 07:55:00+00;2026-05-16 08:48:00+00;3180;135;202;19
294;2026-05-16 08:11:52+00;2026-05-16 08:12:40+00;48;15;215;2
295;2026-05-16 08:16:52+00;2026-05-16 08:44:52+00;1680;6;209;1
296;2026-05-16 08:21:53+00;2026-05-16 09:37:53+00;4560;65;218;19
297;2026-05-16 08:34:57+00;2026-05-16 09:57:57+00;4980;128;204;13
298;2026-05-16 08:39:52+00;2026-05-16 08:41:04+00;72;20;201;2
299;2026-05-16 08:39:55+00;2026-05-16 09:14:55+00;2100;7;207;3
300;2026-05-16 08:40:11+00;2026-05-16 08:41:53+00;102;17;223;2
301;2026-05-16 08:44:58+00;2026-05-16 08:46:22+00;84;15;209;2
302;2026-05-16 08:54:43+00;2026-05-16 09:35:43+00;2460;130;212;13
303;2026-05-16 08:57:21+00;2026-05-16 10:01:21+00;3840;47;212;19
304;2026-05-16 08:58:41+00;2026-05-16 08:59:54+00;73;14;205;2
305;2026-05-16 09:06:45+00;2026-05-16 09:28:45+00;1320;85;220;19
306;2026-05-16 09:10:40+00;2026-05-16 09:11:31+00;51;12;215;2
307;2026-05-16 09:19:01+00;2026-05-16 09:20:12+00;71;15;213;2
308;2026-05-16 09:20:05+00;2026-05-16 09:46:05+00;1560;132;210;13
309;2026-05-16 09:20:54+00;2026-05-16 09:22:16+00;82;21;222;2
310;2026-05-16 09:24:17+00;2026-05-16 09:25:31+00;74;13;223;2
311;2026-05-16 09:33:10+00;2026-05-16 09:34:59+00;109;24;204;2
312;2026-05-16 09:34:03+00;2026-05-16 09:35:18+00;75;25;204;2
313;2026-05-16 09:34:57+00;2026-05-16 09:35:48+00;51;22;215;2
314;2026-05-16 09:36:49+00;2026-05-16 09:38:27+00;98;14;210;2
315;2026-05-16 09:50:18+00;2026-05-16 09:51:34+00;76;28;212;2
316;2026-05-16 09:56:31+00;2026-05-16 10:25:31+00;1740;41;214;13
317;2026-05-16 09:59:35+00;2026-05-16 11:02:35+00;3780;30;217;19
318;2026-05-16 10:00:45+00;2026-05-16 10:40:45+00;2400;8;220;3
319;2026-05-16 10:12:45+00;2026-05-16 10:35:45+00;1380;5;222;3
320;2026-05-16 10:13:00+00;2026-05-16 10:14:44+00;104;28;209;2
321;2026-05-16 10:14:10+00;2026-05-16 10:45:10+00;1860;5;219;3
322;2026-05-16 10:24:10+00;2026-05-16 10:26:03+00;113;26;222;2
323;2026-05-16 10:35:28+00;2026-05-16 10:37:21+00;113;19;222;2
324;2026-05-16 10:37:44+00;2026-05-16 10:38:38+00;54;13;210;2
325;2026-05-16 10:38:06+00;2026-05-16 11:06:06+00;1680;8;208;3
326;2026-05-16 10:53:06+00;2026-05-16 11:25:06+00;1920;94;220;19
327;2026-05-16 10:56:37+00;2026-05-16 11:21:37+00;1500;20;222;19
328;2026-05-16 10:56:59+00;2026-05-16 12:01:59+00;3900;65;207;13
329;2026-05-16 11:01:29+00;2026-05-16 12:22:29+00;4860;83;201;13
330;2026-05-16 11:02:02+00;2026-05-16 11:18:02+00;960;102;206;14
331;2026-05-16 11:12:51+00;2026-05-16 11:14:14+00;83;22;218;2
332;2026-05-16 11:19:15+00;2026-05-16 11:21:14+00;119;20;214;2
333;2026-05-16 11:23:15+00;2026-05-16 12:27:15+00;3840;13;216;19
334;2026-05-16 11:28:38+00;2026-05-16 11:51:38+00;1380;34;212;19
335;2026-05-16 11:35:02+00;2026-05-16 12:35:02+00;3600;83;204;13
336;2026-05-16 11:36:28+00;2026-05-16 11:37:31+00;63;20;218;2
337;2026-05-16 11:37:50+00;2026-05-16 11:39:30+00;100;27;206;2
338;2026-05-16 11:38:08+00;2026-05-16 12:16:08+00;2280;9;203;3
339;2026-05-16 11:42:22+00;2026-05-16 12:02:22+00;1200;70;218;19
340;2026-05-16 11:43:19+00;2026-05-16 11:44:09+00;50;22;222;2
341;2026-05-16 11:48:35+00;2026-05-16 12:33:35+00;2700;139;211;19
342;2026-05-16 11:49:48+00;2026-05-16 11:51:28+00;100;26;223;2
343;2026-05-16 11:49:49+00;2026-05-16 11:51:21+00;92;16;218;2
344;2026-05-16 11:50:11+00;2026-05-16 11:51:01+00;50;18;214;2
345;2026-05-16 11:57:56+00;2026-05-16 11:59:32+00;96;10;201;2
346;2026-05-16 11:58:53+00;2026-05-16 12:00:21+00;88;20;211;2
347;2026-05-16 11:59:28+00;2026-05-16 12:00:47+00;79;28;216;2
348;2026-05-16 12:00:24+00;2026-05-16 13:08:24+00;4080;128;219;14
349;2026-05-16 12:01:31+00;2026-05-16 12:02:50+00;79;28;207;2
350;2026-05-16 12:03:07+00;2026-05-16 12:04:51+00;104;16;219;2
351;2026-05-16 12:06:24+00;2026-05-16 13:24:24+00;4680;13;200;19
352;2026-05-16 12:12:58+00;2026-05-16 12:37:58+00;1500;6;201;1
353;2026-05-16 12:22:42+00;2026-05-16 13:49:42+00;5220;61;214;14
354;2026-05-16 12:26:01+00;2026-05-16 13:00:01+00;2040;7;213;3
355;2026-05-16 12:36:15+00;2026-05-16 12:36:57+00;42;17;220;2
356;2026-05-16 12:38:27+00;2026-05-16 13:35:27+00;3420;117;212;13
357;2026-05-16 12:41:38+00;2026-05-16 13:08:38+00;1620;18;212;14
358;2026-05-16 12:42:30+00;2026-05-16 12:44:27+00;117;29;217;2
359;2026-05-16 12:42:59+00;2026-05-16 12:43:57+00;58;11;210;2
360;2026-05-16 12:51:43+00;2026-05-16 12:53:17+00;94;15;200;2
361;2026-05-16 12:52:20+00;2026-05-16 14:22:20+00;5400;94;208;19
362;2026-05-16 12:53:49+00;2026-05-16 13:20:49+00;1620;8;217;3
363;2026-05-16 12:56:30+00;2026-05-16 13:39:30+00;2580;90;209;19
364;2026-05-16 12:59:01+00;2026-05-16 13:25:01+00;1560;10;200;13
365;2026-05-16 12:59:51+00;2026-05-16 13:01:08+00;77;19;215;2
366;2026-05-16 13:01:15+00;2026-05-16 14:18:15+00;4620;114;211;19
367;2026-05-16 13:02:15+00;2026-05-16 13:38:15+00;2160;136;221;13
368;2026-05-16 13:04:23+00;2026-05-16 13:05:27+00;64;27;209;2
369;2026-05-16 13:06:13+00;2026-05-16 13:07:51+00;98;13;220;2
370;2026-05-16 13:06:35+00;2026-05-16 13:23:35+00;1020;40;218;13
371;2026-05-16 13:13:44+00;2026-05-16 14:12:44+00;3540;130;213;14
372;2026-05-16 13:14:44+00;2026-05-16 13:15:46+00;62;20;205;2
373;2026-05-16 13:15:02+00;2026-05-16 14:45:02+00;5400;111;219;19
374;2026-05-16 13:17:42+00;2026-05-16 13:18:40+00;58;27;205;2
375;2026-05-16 13:17:57+00;2026-05-16 14:43:57+00;5160;114;219;19
376;2026-05-16 13:22:53+00;2026-05-16 13:42:53+00;1200;7;205;1
377;2026-05-16 13:27:15+00;2026-05-16 13:28:41+00;86;30;221;2
378;2026-05-16 13:32:12+00;2026-05-16 13:33:02+00;50;30;207;2
379;2026-05-16 13:34:27+00;2026-05-16 14:45:27+00;4260;80;209;13
380;2026-05-16 13:34:43+00;2026-05-16 13:35:57+00;74;30;222;2
381;2026-05-16 13:42:02+00;2026-05-16 13:43:47+00;105;26;221;2
382;2026-05-16 13:45:05+00;2026-05-16 13:46:43+00;98;21;204;2
383;2026-05-16 13:50:29+00;2026-05-16 14:54:29+00;3840;91;215;14
384;2026-05-16 13:50:36+00;2026-05-16 14:05:36+00;900;36;206;19
385;2026-05-16 13:51:25+00;2026-05-16 13:53:02+00;97;27;211;2
386;2026-05-16 13:52:10+00;2026-05-16 14:24:10+00;1920;7;205;3
387;2026-05-16 13:57:33+00;2026-05-16 13:59:13+00;100;14;220;2
388;2026-05-16 14:05:58+00;2026-05-16 14:07:45+00;107;13;215;2
389;2026-05-16 14:06:21+00;2026-05-16 15:19:21+00;4380;106;206;13
390;2026-05-16 14:43:46+00;2026-05-16 15:00:46+00;1020;16;203;13
391;2026-05-16 14:46:46+00;2026-05-16 15:15:46+00;1740;66;213;19
392;2026-05-16 14:54:45+00;2026-05-16 14:56:37+00;112;25;220;2
393;2026-05-16 14:54:48+00;2026-05-16 14:55:43+00;55;15;207;2
394;2026-05-16 15:02:05+00;2026-05-16 16:04:05+00;3720;59;210;13
395;2026-05-16 15:04:11+00;2026-05-16 15:40:11+00;2160;89;223;13
396;2026-05-16 15:05:32+00;2026-05-16 15:07:02+00;90;28;211;2
397;2026-05-16 15:05:57+00;2026-05-16 15:06:54+00;57;15;220;2
398;2026-05-16 15:10:20+00;2026-05-16 15:29:20+00;1140;133;220;19
399;2026-05-16 15:11:51+00;2026-05-16 15:12:49+00;58;11;218;2
400;2026-05-16 15:17:43+00;2026-05-16 15:18:38+00;55;17;204;2
401;2026-05-16 15:17:48+00;2026-05-16 15:19:25+00;97;22;207;2
402;2026-05-16 15:18:56+00;2026-05-16 15:20:26+00;90;25;212;2
403;2026-05-16 15:28:09+00;2026-05-16 15:29:15+00;66;26;208;2
404;2026-05-16 15:29:45+00;2026-05-16 16:50:45+00;4860;114;203;14
405;2026-05-16 15:32:04+00;2026-05-16 15:32:59+00;55;24;203;2
406;2026-05-16 15:40:50+00;2026-05-16 16:35:50+00;3300;98;206;14
407;2026-05-16 15:43:29+00;2026-05-16 15:44:24+00;55;30;210;2
408;2026-05-16 15:44:29+00;2026-05-16 15:45:51+00;82;22;205;2
409;2026-05-16 15:44:34+00;2026-05-16 15:45:30+00;56;20;202;2
410;2026-05-16 15:45:55+00;2026-05-16 15:47:20+00;85;29;218;2
411;2026-05-16 15:49:04+00;2026-05-16 15:50:23+00;79;11;202;2
412;2026-05-16 15:51:07+00;2026-05-16 15:52:04+00;57;19;205;2
413;2026-05-16 15:58:16+00;2026-05-16 15:59:44+00;88;24;213;2
414;2026-05-16 16:03:36+00;2026-05-16 16:41:36+00;2280;132;213;13
415;2026-05-16 16:08:56+00;2026-05-16 16:10:14+00;78;24;216;2
416;2026-05-16 16:09:12+00;2026-05-16 17:36:12+00;5220;91;219;13
417;2026-05-16 16:09:39+00;2026-05-16 16:11:29+00;110;23;214;2
418;2026-05-16 16:22:29+00;2026-05-16 16:23:55+00;86;17;205;2
419;2026-05-16 16:23:34+00;2026-05-16 16:24:40+00;66;16;213;2
420;2026-05-16 16:24:02+00;2026-05-16 16:24:48+00;46;16;209;2
421;2026-05-16 16:26:01+00;2026-05-16 16:58:01+00;1920;80;207;14
422;2026-05-16 16:28:02+00;2026-05-16 17:36:02+00;4080;29;221;19
423;2026-05-16 16:28:27+00;2026-05-16 16:30:19+00;112;30;200;2
424;2026-05-16 16:30:02+00;2026-05-16 17:42:02+00;4320;149;217;13
425;2026-05-16 16:38:21+00;2026-05-16 17:09:21+00;1860;119;200;13
426;2026-05-16 16:48:58+00;2026-05-16 16:50:57+00;119;12;222;2
427;2026-05-16 16:50:17+00;2026-05-16 17:32:17+00;2520;121;208;19
428;2026-05-16 16:53:04+00;2026-05-16 16:55:03+00;119;24;209;2
429;2026-05-16 16:53:17+00;2026-05-16 17:56:17+00;3780;51;221;14
430;2026-05-16 16:54:53+00;2026-05-16 18:09:53+00;4500;63;223;19
431;2026-05-16 16:55:33+00;2026-05-16 16:56:54+00;81;21;202;2
432;2026-05-16 16:58:29+00;2026-05-16 16:59:27+00;58;10;211;2
433;2026-05-16 17:05:04+00;2026-05-16 17:39:04+00;2040;93;222;14
434;2026-05-16 17:11:05+00;2026-05-16 17:59:05+00;2880;93;203;14
435;2026-05-16 17:13:57+00;2026-05-16 17:15:34+00;97;24;217;2
436;2026-05-16 17:14:49+00;2026-05-16 17:16:47+00;118;21;206;2
437;2026-05-16 17:21:29+00;2026-05-16 18:18:29+00;3420;81;215;13
438;2026-05-16 17:27:10+00;2026-05-16 17:28:55+00;105;28;208;2
439;2026-05-16 17:28:02+00;2026-05-16 17:30:01+00;119;23;216;2
440;2026-05-16 17:28:59+00;2026-05-16 17:29:40+00;41;21;221;2
441;2026-05-16 17:30:25+00;2026-05-16 18:38:25+00;4080;67;211;19
442;2026-05-16 17:36:25+00;2026-05-16 17:37:48+00;83;25;206;2
443;2026-05-16 17:44:05+00;2026-05-16 18:04:05+00;1200;138;210;13
444;2026-05-16 17:50:12+00;2026-05-16 18:07:12+00;1020;126;205;13
445;2026-05-16 18:03:04+00;2026-05-16 18:04:53+00;109;20;200;2
446;2026-05-16 18:05:50+00;2026-05-16 18:30:50+00;1500;31;201;14
447;2026-05-16 18:11:41+00;2026-05-16 18:13:30+00;109;29;208;2
448;2026-05-16 18:17:45+00;2026-05-16 18:19:01+00;76;21;214;2
449;2026-05-16 18:17:52+00;2026-05-16 18:58:52+00;2460;122;201;13
450;2026-05-16 18:19:54+00;2026-05-16 19:48:54+00;5340;114;204;19
451;2026-05-16 18:20:48+00;2026-05-16 18:22:43+00;115;25;219;2
452;2026-05-16 18:21:56+00;2026-05-16 18:23:34+00;98;12;202;2
453;2026-05-16 18:23:17+00;2026-05-16 19:52:17+00;5340;150;213;14
454;2026-05-16 18:25:19+00;2026-05-16 18:27:16+00;117;16;212;2
455;2026-05-16 18:36:28+00;2026-05-16 19:20:28+00;2640;16;218;19
456;2026-05-16 18:37:00+00;2026-05-16 18:38:11+00;71;16;203;2
457;2026-05-16 18:41:46+00;2026-05-16 18:43:19+00;93;15;221;2
458;2026-05-16 18:43:20+00;2026-05-16 19:50:20+00;4020;141;216;13
459;2026-05-16 19:07:29+00;2026-05-16 19:08:19+00;50;14;208;2
460;2026-05-16 19:12:15+00;2026-05-16 19:13:03+00;48;12;208;2
461;2026-05-16 19:13:06+00;2026-05-16 19:57:06+00;2640;90;222;19
462;2026-05-16 19:13:24+00;2026-05-16 19:51:24+00;2280;72;206;13
463;2026-05-16 19:23:17+00;2026-05-16 20:34:17+00;4260;98;210;14
464;2026-05-16 19:26:03+00;2026-05-16 19:27:51+00;108;19;208;2
465;2026-05-16 19:36:16+00;2026-05-16 19:36:58+00;42;21;203;2
466;2026-05-16 19:40:50+00;2026-05-16 19:42:08+00;78;18;213;2
467;2026-05-16 19:42:02+00;2026-05-16 19:43:35+00;93;14;213;2
468;2026-05-16 19:47:39+00;2026-05-16 20:09:39+00;1320;74;206;14
469;2026-05-16 19:47:51+00;2026-05-16 19:49:43+00;112;13;214;2
470;2026-05-16 19:51:46+00;2026-05-16 19:52:30+00;44;14;216;2
471;2026-05-16 19:53:57+00;2026-05-16 20:28:57+00;2100;135;202;14
472;2026-05-16 19:55:28+00;2026-05-16 19:56:48+00;80;19;209;2
473;2026-05-16 19:55:29+00;2026-05-16 20:41:29+00;2760;58;218;19
474;2026-05-16 19:56:26+00;2026-05-16 19:57:26+00;60;25;214;2
475;2026-05-16 19:57:09+00;2026-05-16 21:19:09+00;4920;147;216;13
476;2026-05-16 20:05:37+00;2026-05-16 20:06:20+00;43;21;220;2
477;2026-05-16 20:10:12+00;2026-05-16 20:11:41+00;89;11;207;2
478;2026-05-16 20:20:44+00;2026-05-16 21:23:44+00;3780;144;203;19
479;2026-05-16 20:31:10+00;2026-05-16 20:32:24+00;74;24;213;2
480;2026-05-16 20:31:49+00;2026-05-16 21:58:49+00;5220;72;217;19
481;2026-05-16 20:33:35+00;2026-05-16 20:35:01+00;86;26;217;2
482;2026-05-16 20:45:47+00;2026-05-16 21:54:47+00;4140;68;214;14
483;2026-05-16 20:45:53+00;2026-05-16 21:57:53+00;4320;39;213;14
484;2026-05-16 20:48:58+00;2026-05-16 20:49:38+00;40;10;221;2
485;2026-05-16 20:51:09+00;2026-05-16 21:13:09+00;1320;24;209;13
486;2026-05-16 20:52:04+00;2026-05-16 20:53:26+00;82;11;205;2
487;2026-05-16 21:03:27+00;2026-05-16 21:24:27+00;1260;134;204;13
488;2026-05-16 21:04:09+00;2026-05-16 21:04:51+00;42;18;203;2
489;2026-05-16 21:07:57+00;2026-05-16 22:05:57+00;3480;139;207;14
490;2026-05-16 21:12:48+00;2026-05-16 21:14:02+00;74;24;211;2
491;2026-05-16 21:15:52+00;2026-05-16 21:17:02+00;70;23;220;2
492;2026-05-16 21:15:56+00;2026-05-16 21:44:56+00;1740;15;200;19
493;2026-05-16 21:24:00+00;2026-05-16 21:24:58+00;58;25;202;2
494;2026-05-16 21:32:29+00;2026-05-16 21:33:52+00;83;26;210;2
495;2026-05-16 21:33:10+00;2026-05-16 21:34:19+00;69;23;219;2
496;2026-05-16 21:38:37+00;2026-05-16 21:39:47+00;70;17;202;2
497;2026-05-16 21:45:27+00;2026-05-16 21:47:22+00;115;27;212;2
498;2026-05-16 21:47:56+00;2026-05-16 21:49:05+00;69;21;217;2
499;2026-05-16 21:55:38+00;2026-05-16 23:00:38+00;3900;14;209;19
500;2026-05-16 21:55:48+00;2026-05-16 21:56:37+00;49;29;221;2
501;2026-05-16 21:55:51+00;2026-05-16 21:56:50+00;59;14;219;2
502;2026-05-16 22:00:37+00;2026-05-16 22:02:10+00;93;14;203;2
503;2026-05-16 22:08:42+00;2026-05-16 23:08:42+00;3600;19;222;19
504;2026-05-16 22:10:05+00;2026-05-16 22:11:59+00;114;18;202;2
505;2026-05-16 22:16:42+00;2026-05-16 23:20:42+00;3840;33;204;13
506;2026-05-16 22:21:40+00;2026-05-16 22:57:40+00;2160;69;210;13
507;2026-05-16 22:22:29+00;2026-05-16 23:41:29+00;4740;30;223;13
508;2026-05-16 22:33:55+00;2026-05-16 22:35:38+00;103;27;206;2
509;2026-05-16 22:39:08+00;2026-05-16 22:40:11+00;63;14;209;2
510;2026-05-16 22:40:42+00;2026-05-16 22:42:12+00;90;17;214;2
511;2026-05-16 22:43:48+00;2026-05-16 22:45:00+00;72;18;212;2
512;2026-05-16 22:45:31+00;2026-05-16 22:47:21+00;110;17;219;2
513;2026-05-16 22:46:59+00;2026-05-16 22:48:58+00;119;15;206;2
514;2026-05-16 22:48:55+00;2026-05-17 00:00:55+00;4320;62;215;19
515;2026-05-16 22:51:25+00;2026-05-16 22:52:15+00;50;30;208;2
516;2026-05-16 22:51:47+00;2026-05-17 00:11:47+00;4800;35;202;14
517;2026-05-16 22:51:51+00;2026-05-16 22:53:43+00;112;27;216;2
518;2026-05-16 22:59:53+00;2026-05-16 23:01:44+00;111;12;223;2
519;2026-05-16 23:01:58+00;2026-05-16 23:03:16+00;78;13;212;2
520;2026-05-16 23:03:13+00;2026-05-17 00:00:13+00;3420;32;221;13
521;2026-05-16 23:05:30+00;2026-05-16 23:59:30+00;3240;28;216;14
522;2026-05-16 23:13:00+00;2026-05-17 00:02:00+00;2940;24;223;14
523;2026-05-16 23:14:02+00;2026-05-17 00:35:02+00;4860;41;215;19
524;2026-05-16 23:14:20+00;2026-05-16 23:15:21+00;61;16;216;2
525;2026-05-16 23:15:10+00;2026-05-16 23:17:00+00;110;30;212;2
526;2026-05-16 23:19:44+00;2026-05-17 00:32:44+00;4380;94;216;14
527;2026-05-16 23:20:48+00;2026-05-16 23:55:48+00;2100;59;220;14
528;2026-05-16 23:24:49+00;2026-05-16 23:26:09+00;80;28;222;2
529;2026-05-16 23:25:28+00;2026-05-17 00:32:28+00;4020;38;202;13
530;2026-05-16 23:25:51+00;2026-05-16 23:27:34+00;103;24;215;2
531;2026-05-16 23:37:35+00;2026-05-16 23:39:08+00;93;16;201;2
532;2026-05-16 23:38:00+00;2026-05-17 01:07:00+00;5340;60;200;13
533;2026-05-16 23:38:01+00;2026-05-17 00:53:01+00;4500;27;211;14
534;2026-05-16 23:38:13+00;2026-05-17 01:05:13+00;5220;128;214;13
535;2026-05-16 23:44:49+00;2026-05-17 01:05:49+00;4860;36;219;13
536;2026-05-16 23:46:11+00;2026-05-17 00:40:11+00;3240;38;203;14
537;2026-05-16 23:50:36+00;2026-05-17 00:46:36+00;3360;33;205;13
538;2026-05-17 00:02:21+00;2026-05-17 00:03:26+00;65;28;210;2
539;2026-05-17 00:03:04+00;2026-05-17 00:04:24+00;80;24;204;2
540;2026-05-17 00:04:39+00;2026-05-17 00:06:04+00;85;14;210;2
541;2026-05-17 00:09:34+00;2026-05-17 00:10:40+00;66;11;207;2
542;2026-05-17 00:15:27+00;2026-05-17 00:17:23+00;116;10;211;2
543;2026-05-17 00:23:15+00;2026-05-17 00:24:55+00;100;21;214;2
544;2026-05-17 00:24:25+00;2026-05-17 00:25:10+00;45;10;206;2
545;2026-05-17 00:27:30+00;2026-05-17 00:28:43+00;73;27;223;2
546;2026-05-17 00:28:04+00;2026-05-17 00:29:13+00;69;15;221;2
547;2026-05-17 00:45:13+00;2026-05-17 00:46:51+00;98;23;206;2
548;2026-05-17 00:51:13+00;2026-05-17 00:52:51+00;98;25;220;2
549;2026-05-17 00:58:44+00;2026-05-17 00:59:50+00;66;15;222;2
550;2026-05-17 06:27:43+00;2026-05-17 06:28:52+00;69;30;220;2
551;2026-05-17 06:34:04+00;2026-05-17 07:29:04+00;3300;103;203;19
552;2026-05-17 06:39:39+00;2026-05-17 08:06:39+00;5220;132;212;19
553;2026-05-17 06:47:56+00;2026-05-17 06:48:54+00;58;17;215;2
554;2026-05-17 06:52:32+00;2026-05-17 07:08:32+00;960;37;200;19
555;2026-05-17 06:53:00+00;2026-05-17 07:31:00+00;2280;117;219;19
556;2026-05-17 07:00:25+00;2026-05-17 07:21:25+00;1260;118;213;14
557;2026-05-17 07:14:32+00;2026-05-17 07:15:31+00;59;20;218;2
558;2026-05-17 07:15:58+00;2026-05-17 07:17:27+00;89;23;207;2
559;2026-05-17 07:18:34+00;2026-05-17 07:19:31+00;57;16;201;2
560;2026-05-17 07:23:51+00;2026-05-17 08:14:51+00;3060;125;200;19
561;2026-05-17 07:31:09+00;2026-05-17 07:32:36+00;87;30;214;2
562;2026-05-17 07:33:45+00;2026-05-17 07:35:25+00;100;16;209;2
563;2026-05-17 07:34:23+00;2026-05-17 07:36:07+00;104;20;217;2
564;2026-05-17 07:37:29+00;2026-05-17 07:38:16+00;47;29;215;2
565;2026-05-17 07:44:00+00;2026-05-17 08:48:00+00;3840;71;209;13
566;2026-05-17 07:49:21+00;2026-05-17 07:50:47+00;86;24;211;2
567;2026-05-17 07:50:27+00;2026-05-17 07:52:05+00;98;14;209;2
568;2026-05-17 07:51:23+00;2026-05-17 09:17:23+00;5160;91;211;14
569;2026-05-17 07:52:27+00;2026-05-17 09:13:27+00;4860;129;204;13
570;2026-05-17 07:55:41+00;2026-05-17 07:57:38+00;117;19;204;2
571;2026-05-17 07:56:22+00;2026-05-17 07:57:48+00;86;18;201;2
572;2026-05-17 07:59:20+00;2026-05-17 08:00:34+00;74;26;202;2
573;2026-05-17 08:02:22+00;2026-05-17 09:28:22+00;5160;43;217;13
574;2026-05-17 08:02:47+00;2026-05-17 08:04:14+00;87;17;218;2
575;2026-05-17 08:02:51+00;2026-05-17 08:23:51+00;1260;102;206;19
576;2026-05-17 08:03:18+00;2026-05-17 08:28:18+00;1500;7;217;3
577;2026-05-17 08:08:57+00;2026-05-17 09:19:57+00;4260;111;222;14
578;2026-05-17 08:10:22+00;2026-05-17 08:11:39+00;77;23;219;2
579;2026-05-17 08:17:12+00;2026-05-17 08:56:12+00;2340;80;211;19
580;2026-05-17 08:32:12+00;2026-05-17 09:49:12+00;4620;115;216;14
581;2026-05-17 08:39:03+00;2026-05-17 08:40:35+00;92;23;213;2
582;2026-05-17 08:41:02+00;2026-05-17 08:42:09+00;67;20;223;2
583;2026-05-17 08:48:42+00;2026-05-17 08:50:09+00;87;11;221;2
584;2026-05-17 08:49:14+00;2026-05-17 09:21:14+00;1920;12;212;19
585;2026-05-17 08:54:22+00;2026-05-17 08:55:26+00;64;19;206;2
586;2026-05-17 09:01:29+00;2026-05-17 10:19:29+00;4680;123;209;13
587;2026-05-17 09:04:08+00;2026-05-17 09:05:20+00;72;14;221;2
588;2026-05-17 09:06:36+00;2026-05-17 09:29:36+00;1380;6;214;3
589;2026-05-17 09:12:05+00;2026-05-17 09:46:05+00;2040;5;200;3
590;2026-05-17 09:13:02+00;2026-05-17 09:58:02+00;2700;110;213;13
591;2026-05-17 09:19:20+00;2026-05-17 09:53:20+00;2040;28;219;19
592;2026-05-17 09:22:33+00;2026-05-17 10:33:33+00;4260;102;212;14
593;2026-05-17 09:29:03+00;2026-05-17 10:58:03+00;5340;63;210;13
594;2026-05-17 09:29:58+00;2026-05-17 09:31:54+00;116;28;219;2
595;2026-05-17 09:31:02+00;2026-05-17 10:58:02+00;5220;25;200;13
596;2026-05-17 09:34:18+00;2026-05-17 10:51:18+00;4620;18;222;19
597;2026-05-17 09:38:45+00;2026-05-17 10:35:45+00;3420;52;221;13
598;2026-05-17 10:00:26+00;2026-05-17 10:24:26+00;1440;126;210;19
599;2026-05-17 10:02:20+00;2026-05-17 10:03:23+00;63;20;204;2
600;2026-05-17 10:08:26+00;2026-05-17 10:46:26+00;2280;5;221;3
601;2026-05-17 10:10:25+00;2026-05-17 11:06:25+00;3360;44;221;13
602;2026-05-17 10:14:02+00;2026-05-17 10:38:02+00;1440;7;201;3
603;2026-05-17 10:16:50+00;2026-05-17 11:24:50+00;4080;61;222;14
604;2026-05-17 10:18:44+00;2026-05-17 10:20:41+00;117;17;208;2
605;2026-05-17 10:24:01+00;2026-05-17 10:24:45+00;44;22;202;2
606;2026-05-17 10:30:25+00;2026-05-17 10:32:10+00;105;17;205;2
607;2026-05-17 10:32:41+00;2026-05-17 10:50:41+00;1080;62;211;19
608;2026-05-17 10:33:04+00;2026-05-17 10:34:12+00;68;25;217;2
609;2026-05-17 10:36:22+00;2026-05-17 11:43:22+00;4020;25;208;14
610;2026-05-17 10:38:29+00;2026-05-17 10:39:21+00;52;30;208;2
611;2026-05-17 10:42:09+00;2026-05-17 10:43:29+00;80;21;200;2
612;2026-05-17 10:42:22+00;2026-05-17 10:43:34+00;72;15;208;2
613;2026-05-17 10:42:47+00;2026-05-17 10:44:37+00;110;29;218;2
614;2026-05-17 10:46:35+00;2026-05-17 10:48:01+00;86;25;208;2
615;2026-05-17 10:50:14+00;2026-05-17 10:51:10+00;56;28;205;2
616;2026-05-17 10:50:38+00;2026-05-17 12:00:38+00;4200;56;217;13
617;2026-05-17 10:55:48+00;2026-05-17 10:57:01+00;73;28;222;2
618;2026-05-17 10:56:54+00;2026-05-17 12:10:54+00;4440;146;202;19
619;2026-05-17 11:00:04+00;2026-05-17 11:27:04+00;1620;5;212;1
620;2026-05-17 11:11:45+00;2026-05-17 11:12:27+00;42;22;216;2
621;2026-05-17 11:11:52+00;2026-05-17 11:34:52+00;1380;6;207;3
622;2026-05-17 11:12:35+00;2026-05-17 11:14:19+00;104;20;200;2
623;2026-05-17 11:26:12+00;2026-05-17 11:48:12+00;1320;87;200;19
624;2026-05-17 11:34:28+00;2026-05-17 12:21:28+00;2820;141;203;14
625;2026-05-17 11:46:08+00;2026-05-17 11:47:51+00;103;26;220;2
626;2026-05-17 11:47:35+00;2026-05-17 11:48:25+00;50;15;205;2
627;2026-05-17 11:55:41+00;2026-05-17 13:01:41+00;3960;30;203;14
628;2026-05-17 11:56:43+00;2026-05-17 11:58:27+00;104;24;222;2
629;2026-05-17 12:01:17+00;2026-05-17 12:40:17+00;2340;9;205;3
630;2026-05-17 12:01:30+00;2026-05-17 12:03:11+00;101;20;200;2
631;2026-05-17 12:01:48+00;2026-05-17 12:03:37+00;109;18;210;2
632;2026-05-17 12:05:17+00;2026-05-17 12:33:17+00;1680;43;222;13
633;2026-05-17 12:06:06+00;2026-05-17 12:07:41+00;95;20;212;2
634;2026-05-17 12:08:25+00;2026-05-17 13:10:25+00;3720;98;220;19
635;2026-05-17 12:08:52+00;2026-05-17 13:01:52+00;3180;44;207;13
636;2026-05-17 12:10:16+00;2026-05-17 13:20:16+00;4200;113;202;19
637;2026-05-17 12:20:05+00;2026-05-17 13:03:05+00;2580;117;218;13
638;2026-05-17 12:21:40+00;2026-05-17 12:23:04+00;84;21;205;2
639;2026-05-17 12:22:51+00;2026-05-17 12:53:51+00;1860;5;220;3
640;2026-05-17 12:24:41+00;2026-05-17 12:26:41+00;120;27;221;2
641;2026-05-17 12:24:56+00;2026-05-17 13:54:56+00;5400;38;218;19
642;2026-05-17 12:38:25+00;2026-05-17 13:08:25+00;1800;6;206;3
643;2026-05-17 12:39:50+00;2026-05-17 14:03:50+00;5040;88;202;14
644;2026-05-17 12:41:48+00;2026-05-17 13:12:48+00;1860;109;204;19
645;2026-05-17 12:49:30+00;2026-05-17 13:43:30+00;3240;92;214;14
646;2026-05-17 12:50:57+00;2026-05-17 13:24:57+00;2040;6;222;3
647;2026-05-17 12:52:35+00;2026-05-17 12:54:31+00;116;25;202;2
648;2026-05-17 12:56:18+00;2026-05-17 12:57:08+00;50;15;200;2
649;2026-05-17 12:59:48+00;2026-05-17 14:10:48+00;4260;56;218;14
650;2026-05-17 13:12:41+00;2026-05-17 13:13:39+00;58;20;217;2
651;2026-05-17 13:15:09+00;2026-05-17 13:16:42+00;93;28;208;2
652;2026-05-17 13:18:12+00;2026-05-17 13:20:12+00;120;13;207;2
653;2026-05-17 13:21:35+00;2026-05-17 14:34:35+00;4380;62;215;13
654;2026-05-17 13:31:17+00;2026-05-17 14:42:17+00;4260;113;213;19
655;2026-05-17 14:01:24+00;2026-05-17 14:25:24+00;1440;14;220;19
656;2026-05-17 14:07:43+00;2026-05-17 14:58:43+00;3060;33;204;13
657;2026-05-17 14:09:06+00;2026-05-17 15:29:06+00;4800;28;205;14
658;2026-05-17 14:11:59+00;2026-05-17 14:12:57+00;58;11;212;2
659;2026-05-17 14:14:10+00;2026-05-17 14:16:01+00;111;16;213;2
660;2026-05-17 14:27:23+00;2026-05-17 14:28:09+00;46;29;222;2
661;2026-05-17 14:31:23+00;2026-05-17 15:34:23+00;3780;48;217;13
662;2026-05-17 14:33:45+00;2026-05-17 14:35:45+00;120;23;202;2
663;2026-05-17 14:40:29+00;2026-05-17 15:05:29+00;1500;114;220;13
664;2026-05-17 14:43:42+00;2026-05-17 14:45:26+00;104;20;209;2
665;2026-05-17 15:07:53+00;2026-05-17 15:51:53+00;2640;107;204;14
666;2026-05-17 15:15:43+00;2026-05-17 15:16:47+00;64;25;206;2
667;2026-05-17 15:17:55+00;2026-05-17 15:19:28+00;93;20;203;2
668;2026-05-17 15:18:28+00;2026-05-17 16:09:28+00;3060;13;222;14
669;2026-05-17 15:20:25+00;2026-05-17 15:42:25+00;1320;58;216;14
670;2026-05-17 15:25:39+00;2026-05-17 15:48:39+00;1380;9;217;1
671;2026-05-17 15:25:55+00;2026-05-17 15:46:55+00;1260;132;201;14
672;2026-05-17 15:30:28+00;2026-05-17 15:32:23+00;115;16;203;2
673;2026-05-17 15:33:18+00;2026-05-17 15:34:25+00;67;14;222;2
674;2026-05-17 15:34:55+00;2026-05-17 15:35:54+00;59;21;217;2
675;2026-05-17 15:41:29+00;2026-05-17 15:43:21+00;112;26;220;2
676;2026-05-17 15:53:11+00;2026-05-17 16:56:11+00;3780;133;206;19
677;2026-05-17 16:01:35+00;2026-05-17 16:44:35+00;2580;32;217;19
678;2026-05-17 16:09:47+00;2026-05-17 16:11:15+00;88;12;206;2
679;2026-05-17 16:11:42+00;2026-05-17 16:12:28+00;46;29;220;2
680;2026-05-17 16:18:40+00;2026-05-17 16:20:12+00;92;19;212;2
681;2026-05-17 16:21:01+00;2026-05-17 16:22:09+00;68;27;217;2
682;2026-05-17 16:22:04+00;2026-05-17 17:25:04+00;3780;15;200;13
683;2026-05-17 16:22:11+00;2026-05-17 16:43:11+00;1260;33;219;13
684;2026-05-17 16:23:21+00;2026-05-17 16:38:21+00;900;119;209;19
685;2026-05-17 16:28:31+00;2026-05-17 16:29:37+00;66;20;207;2
686;2026-05-17 16:31:27+00;2026-05-17 16:32:15+00;48;17;204;2
687;2026-05-17 16:36:32+00;2026-05-17 16:37:24+00;52;25;205;2
688;2026-05-17 16:52:11+00;2026-05-17 17:28:11+00;2160;34;211;14
689;2026-05-17 16:53:37+00;2026-05-17 16:54:48+00;71;14;211;2
690;2026-05-17 16:55:15+00;2026-05-17 16:56:46+00;91;10;215;2
691;2026-05-17 16:59:04+00;2026-05-17 16:59:48+00;44;20;201;2
692;2026-05-17 17:00:40+00;2026-05-17 17:02:07+00;87;12;221;2
693;2026-05-17 17:01:20+00;2026-05-17 17:02:12+00;52;28;222;2
694;2026-05-17 17:02:26+00;2026-05-17 17:03:07+00;41;17;211;2
695;2026-05-17 17:05:53+00;2026-05-17 17:07:38+00;105;16;212;2
696;2026-05-17 17:12:10+00;2026-05-17 17:13:41+00;91;23;206;2
697;2026-05-17 17:17:18+00;2026-05-17 17:18:10+00;52;15;208;2
698;2026-05-17 17:21:18+00;2026-05-17 17:55:18+00;2040;136;218;14
699;2026-05-17 17:25:02+00;2026-05-17 18:54:02+00;5340;29;210;14
700;2026-05-17 17:31:42+00;2026-05-17 17:33:15+00;93;10;209;2
701;2026-05-17 17:36:24+00;2026-05-17 18:29:24+00;3180;25;215;13
702;2026-05-17 17:39:52+00;2026-05-17 18:20:52+00;2460;58;201;19
703;2026-05-17 17:44:50+00;2026-05-17 18:33:50+00;2940;53;202;13
704;2026-05-17 17:49:11+00;2026-05-17 17:50:25+00;74;22;207;2
705;2026-05-17 17:52:22+00;2026-05-17 18:52:22+00;3600;13;208;19
706;2026-05-17 17:52:47+00;2026-05-17 17:54:07+00;80;28;200;2
707;2026-05-17 17:53:52+00;2026-05-17 18:48:52+00;3300;86;223;14
708;2026-05-17 17:54:27+00;2026-05-17 19:24:27+00;5400;147;205;19
709;2026-05-17 18:06:44+00;2026-05-17 18:08:16+00;92;11;204;2
710;2026-05-17 18:09:12+00;2026-05-17 18:10:04+00;52;19;219;2
711;2026-05-17 18:10:14+00;2026-05-17 18:32:14+00;1320;67;212;19
712;2026-05-17 18:17:26+00;2026-05-17 18:18:38+00;72;15;218;2
713;2026-05-17 18:18:07+00;2026-05-17 18:19:08+00;61;10;223;2
714;2026-05-17 18:18:24+00;2026-05-17 18:20:21+00;117;15;210;2
715;2026-05-17 18:21:17+00;2026-05-17 18:55:17+00;2040;13;205;14
716;2026-05-17 18:22:32+00;2026-05-17 19:41:32+00;4740;98;209;19
717;2026-05-17 18:24:23+00;2026-05-17 18:25:50+00;87;25;222;2
718;2026-05-17 18:27:26+00;2026-05-17 18:29:03+00;97;18;208;2
719;2026-05-17 18:28:25+00;2026-05-17 18:29:54+00;89;25;209;2
720;2026-05-17 18:36:08+00;2026-05-17 19:14:08+00;2280;28;216;19
721;2026-05-17 18:39:31+00;2026-05-17 18:41:31+00;120;18;213;2
722;2026-05-17 18:39:58+00;2026-05-17 20:08:58+00;5340;62;208;19
723;2026-05-17 18:50:35+00;2026-05-17 19:31:35+00;2460;88;219;19
724;2026-05-17 18:52:44+00;2026-05-17 18:53:57+00;73;29;211;2
725;2026-05-17 18:52:55+00;2026-05-17 20:04:55+00;4320;89;203;14
726;2026-05-17 18:55:59+00;2026-05-17 19:31:59+00;2160;74;203;13
727;2026-05-17 18:56:32+00;2026-05-17 18:58:21+00;109;26;214;2
728;2026-05-17 19:01:38+00;2026-05-17 19:03:12+00;94;29;218;2
729;2026-05-17 19:04:25+00;2026-05-17 20:24:25+00;4800;73;211;13
730;2026-05-17 19:05:39+00;2026-05-17 19:06:30+00;51;20;201;2
731;2026-05-17 19:09:59+00;2026-05-17 19:11:26+00;87;29;214;2
732;2026-05-17 19:15:04+00;2026-05-17 19:37:04+00;1320;14;219;19
733;2026-05-17 19:18:45+00;2026-05-17 19:20:19+00;94;27;211;2
734;2026-05-17 19:24:31+00;2026-05-17 19:26:02+00;91;16;219;2
735;2026-05-17 19:28:28+00;2026-05-17 20:23:28+00;3300;24;204;19
736;2026-05-17 19:29:38+00;2026-05-17 19:31:09+00;91;21;221;2
737;2026-05-17 19:34:18+00;2026-05-17 20:24:18+00;3000;102;215;13
738;2026-05-17 19:41:44+00;2026-05-17 20:13:44+00;1920;109;214;19
739;2026-05-17 19:46:44+00;2026-05-17 19:47:35+00;51;26;207;2
740;2026-05-17 19:47:04+00;2026-05-17 19:48:55+00;111;30;212;2
741;2026-05-17 19:51:17+00;2026-05-17 19:52:35+00;78;10;218;2
742;2026-05-17 19:57:00+00;2026-05-17 20:44:00+00;2820;111;202;19
743;2026-05-17 19:57:14+00;2026-05-17 21:12:14+00;4500;28;220;14
744;2026-05-17 20:00:52+00;2026-05-17 20:31:52+00;1860;92;222;13
745;2026-05-17 20:01:11+00;2026-05-17 20:43:11+00;2520;146;201;14
746;2026-05-17 20:04:52+00;2026-05-17 21:34:52+00;5400;53;223;19
747;2026-05-17 20:09:16+00;2026-05-17 21:01:16+00;3120;122;203;19
748;2026-05-17 20:10:05+00;2026-05-17 20:11:10+00;65;26;215;2
749;2026-05-17 20:14:53+00;2026-05-17 21:42:53+00;5280;133;223;14
750;2026-05-17 20:22:14+00;2026-05-17 21:42:14+00;4800;22;217;14
751;2026-05-17 20:31:37+00;2026-05-17 20:32:30+00;53;28;210;2
752;2026-05-17 20:42:15+00;2026-05-17 21:32:15+00;3000;102;216;14
753;2026-05-17 20:46:26+00;2026-05-17 20:47:14+00;48;20;200;2
754;2026-05-17 20:48:25+00;2026-05-17 21:12:25+00;1440;91;211;19
755;2026-05-17 20:49:24+00;2026-05-17 20:50:39+00;75;30;211;2
756;2026-05-17 20:55:55+00;2026-05-17 20:57:48+00;113;16;223;2
757;2026-05-17 21:07:02+00;2026-05-17 21:08:44+00;102;30;221;2
758;2026-05-17 21:16:06+00;2026-05-17 21:17:01+00;55;28;215;2
759;2026-05-17 21:26:10+00;2026-05-17 21:27:23+00;73;18;206;2
760;2026-05-17 21:29:28+00;2026-05-17 21:30:48+00;80;27;217;2
761;2026-05-17 21:33:25+00;2026-05-17 22:10:25+00;2220;104;201;13
762;2026-05-17 21:35:22+00;2026-05-17 21:36:17+00;55;19;203;2
763;2026-05-17 21:36:42+00;2026-05-17 21:38:19+00;97;24;209;2
764;2026-05-17 21:37:07+00;2026-05-17 22:17:07+00;2400;116;221;19
765;2026-05-17 21:37:18+00;2026-05-17 21:39:18+00;120;16;222;2
766;2026-05-17 21:38:34+00;2026-05-17 21:39:51+00;77;12;200;2
767;2026-05-17 21:39:07+00;2026-05-17 22:45:07+00;3960;129;214;14
768;2026-05-17 21:39:24+00;2026-05-17 21:40:16+00;52;18;216;2
769;2026-05-17 21:39:30+00;2026-05-17 21:54:30+00;900;31;207;13
770;2026-05-17 21:40:03+00;2026-05-17 21:41:28+00;85;21;216;2
771;2026-05-17 21:50:17+00;2026-05-17 22:13:17+00;1380;90;217;14
772;2026-05-17 21:52:41+00;2026-05-17 22:51:41+00;3540;75;210;19
773;2026-05-17 21:53:13+00;2026-05-17 21:55:08+00;115;29;219;2
774;2026-05-17 21:53:28+00;2026-05-17 21:54:22+00;54;13;206;2
775;2026-05-17 22:12:41+00;2026-05-17 23:15:41+00;3780;102;207;14
776;2026-05-17 22:19:25+00;2026-05-17 23:34:25+00;4500;14;202;19
777;2026-05-17 22:25:58+00;2026-05-17 22:27:15+00;77;13;204;2
778;2026-05-17 22:33:34+00;2026-05-17 22:35:30+00;116;21;201;2
779;2026-05-17 22:44:26+00;2026-05-17 22:46:24+00;118;23;203;2
780;2026-05-17 22:49:21+00;2026-05-17 22:50:43+00;82;21;214;2
781;2026-05-17 22:49:54+00;2026-05-17 22:51:32+00;98;29;209;2
782;2026-05-17 22:55:12+00;2026-05-17 23:11:12+00;960;112;219;13
783;2026-05-17 23:00:06+00;2026-05-17 23:36:06+00;2160;48;207;14
784;2026-05-17 23:07:48+00;2026-05-17 23:09:35+00;107;23;200;2
785;2026-05-17 23:11:13+00;2026-05-17 23:13:08+00;115;13;211;2
786;2026-05-17 23:15:39+00;2026-05-17 23:16:20+00;41;19;214;2
787;2026-05-17 23:27:37+00;2026-05-17 23:29:14+00;97;10;221;2
788;2026-05-17 23:31:06+00;2026-05-17 23:32:21+00;75;25;201;2
789;2026-05-17 23:32:55+00;2026-05-17 23:34:14+00;79;26;210;2
790;2026-05-17 23:34:07+00;2026-05-18 00:06:07+00;1920;64;208;13
791;2026-05-17 23:34:29+00;2026-05-17 23:36:10+00;101;29;213;2
792;2026-05-17 23:39:38+00;2026-05-17 23:41:32+00;114;20;201;2
793;2026-05-17 23:48:11+00;2026-05-17 23:50:03+00;112;17;214;2
794;2026-05-17 23:53:27+00;2026-05-18 01:13:27+00;4800;147;206;14
795;2026-05-17 23:54:04+00;2026-05-18 00:18:04+00;1440;114;210;14
796;2026-05-17 23:56:33+00;2026-05-18 00:51:33+00;3300;82;214;14
797;2026-05-18 00:00:52+00;2026-05-18 00:01:37+00;45;22;207;2
798;2026-05-18 00:12:44+00;2026-05-18 00:14:40+00;116;12;223;2
799;2026-05-18 00:21:21+00;2026-05-18 00:22:06+00;45;15;207;2
800;2026-05-18 00:21:21+00;2026-05-18 00:23:15+00;114;24;216;2
801;2026-05-18 00:26:56+00;2026-05-18 00:28:32+00;96;13;211;2
802;2026-05-18 00:29:08+00;2026-05-18 00:31:01+00;113;30;216;2
803;2026-05-18 00:32:37+00;2026-05-18 00:34:11+00;94;11;217;2
804;2026-05-18 00:38:33+00;2026-05-18 00:40:17+00;104;16;220;2
805;2026-05-18 00:44:59+00;2026-05-18 00:45:49+00;50;14;201;2
806;2026-05-18 00:46:01+00;2026-05-18 00:47:21+00;80;24;212;2
807;2026-05-18 00:52:48+00;2026-05-18 00:54:01+00;73;28;215;2
808;2026-05-18 06:02:04+00;2026-05-18 06:24:04+00;1320;107;221;14
809;2026-05-18 06:08:49+00;2026-05-18 07:22:49+00;4440;122;204;19
810;2026-05-18 06:16:00+00;2026-05-18 06:17:36+00;96;17;205;2
811;2026-05-18 06:17:30+00;2026-05-18 06:18:12+00;42;26;219;2
812;2026-05-18 06:19:20+00;2026-05-18 06:20:42+00;82;18;206;2
813;2026-05-18 06:24:35+00;2026-05-18 07:50:35+00;5160;146;223;14
814;2026-05-18 06:32:23+00;2026-05-18 06:34:16+00;113;12;217;2
815;2026-05-18 06:34:45+00;2026-05-18 06:36:39+00;114;22;210;2
816;2026-05-18 06:36:54+00;2026-05-18 07:19:54+00;2580;29;211;19
817;2026-05-18 06:40:38+00;2026-05-18 07:25:38+00;2700;90;209;13
818;2026-05-18 06:42:49+00;2026-05-18 06:44:46+00;117;19;212;2
819;2026-05-18 06:45:58+00;2026-05-18 07:42:58+00;3420;75;222;14
820;2026-05-18 06:49:36+00;2026-05-18 06:50:33+00;57;16;206;2
821;2026-05-18 06:49:56+00;2026-05-18 06:51:33+00;97;28;209;2
822;2026-05-18 06:50:27+00;2026-05-18 07:43:27+00;3180;47;214;19
823;2026-05-18 06:54:21+00;2026-05-18 08:02:21+00;4080;26;201;19
824;2026-05-18 07:03:54+00;2026-05-18 07:46:54+00;2580;135;201;19
825;2026-05-18 07:04:26+00;2026-05-18 08:20:26+00;4560;148;216;19
826;2026-05-18 07:05:32+00;2026-05-18 07:28:32+00;1380;100;206;14
827;2026-05-18 07:05:58+00;2026-05-18 07:07:43+00;105;30;223;2
828;2026-05-18 07:19:41+00;2026-05-18 07:59:41+00;2400;144;223;14
829;2026-05-18 07:20:55+00;2026-05-18 07:21:41+00;46;18;203;2
830;2026-05-18 07:25:46+00;2026-05-18 07:46:46+00;1260;18;201;14
831;2026-05-18 07:28:30+00;2026-05-18 08:22:30+00;3240;102;216;13
832;2026-05-18 07:34:06+00;2026-05-18 07:35:46+00;100;14;203;2
833;2026-05-18 07:35:07+00;2026-05-18 08:58:07+00;4980;53;214;13
834;2026-05-18 07:35:40+00;2026-05-18 08:04:40+00;1740;9;220;3
835;2026-05-18 07:36:50+00;2026-05-18 07:37:42+00;52;24;216;2
836;2026-05-18 07:40:31+00;2026-05-18 07:41:16+00;45;10;215;2
837;2026-05-18 07:41:53+00;2026-05-18 08:08:53+00;1620;8;209;3
838;2026-05-18 07:42:59+00;2026-05-18 08:02:59+00;1200;9;206;3
839;2026-05-18 07:56:32+00;2026-05-18 09:08:32+00;4320;84;212;13
840;2026-05-18 07:56:59+00;2026-05-18 07:58:48+00;109;12;200;2
841;2026-05-18 08:09:55+00;2026-05-18 08:40:55+00;1860;6;213;3
842;2026-05-18 08:11:38+00;2026-05-18 08:37:38+00;1560;51;205;14
843;2026-05-18 08:15:30+00;2026-05-18 08:16:32+00;62;24;219;2
844;2026-05-18 08:16:22+00;2026-05-18 08:17:33+00;71;18;205;2
845;2026-05-18 08:23:46+00;2026-05-18 09:19:46+00;3360;109;204;14
846;2026-05-18 08:23:48+00;2026-05-18 08:25:37+00;109;10;219;2
847;2026-05-18 08:28:45+00;2026-05-18 08:29:49+00;64;29;218;2
848;2026-05-18 08:33:48+00;2026-05-18 09:54:48+00;4860;120;200;14
849;2026-05-18 08:37:10+00;2026-05-18 09:21:10+00;2640;131;219;14
850;2026-05-18 08:39:29+00;2026-05-18 08:40:40+00;71;10;214;2
851;2026-05-18 08:45:19+00;2026-05-18 08:46:25+00;66;19;211;2
852;2026-05-18 08:54:05+00;2026-05-18 09:12:05+00;1080;78;213;14
853;2026-05-18 08:54:58+00;2026-05-18 09:24:58+00;1800;57;220;14
854;2026-05-18 08:55:39+00;2026-05-18 08:57:06+00;87;23;202;2
855;2026-05-18 08:59:17+00;2026-05-18 09:00:40+00;83;26;218;2
856;2026-05-18 09:00:00+00;2026-05-18 09:02:00+00;120;29;222;2
857;2026-05-18 09:02:34+00;2026-05-18 09:04:03+00;89;30;200;2
858;2026-05-18 09:02:50+00;2026-05-18 10:01:50+00;3540;37;214;14
859;2026-05-18 09:05:42+00;2026-05-18 09:54:42+00;2940;18;204;13
860;2026-05-18 09:08:43+00;2026-05-18 09:54:43+00;2760;88;220;19
861;2026-05-18 09:12:01+00;2026-05-18 09:57:01+00;2700;78;217;19
862;2026-05-18 09:17:45+00;2026-05-18 09:19:36+00;111;18;212;2
863;2026-05-18 09:18:03+00;2026-05-18 09:38:03+00;1200;113;201;19
864;2026-05-18 09:19:13+00;2026-05-18 09:20:38+00;85;22;211;2
865;2026-05-18 09:29:20+00;2026-05-18 10:08:20+00;2340;101;202;19
866;2026-05-18 09:30:10+00;2026-05-18 09:31:03+00;53;16;221;2
867;2026-05-18 09:30:14+00;2026-05-18 09:31:02+00;48;19;221;2
868;2026-05-18 09:49:32+00;2026-05-18 09:51:03+00;91;28;220;2
869;2026-05-18 09:51:04+00;2026-05-18 09:52:19+00;75;11;211;2
870;2026-05-18 10:02:48+00;2026-05-18 10:04:01+00;73;13;203;2
871;2026-05-18 10:03:00+00;2026-05-18 10:03:51+00;51;28;219;2
872;2026-05-18 10:08:24+00;2026-05-18 11:13:24+00;3900;120;218;14
873;2026-05-18 10:12:41+00;2026-05-18 10:35:41+00;1380;7;218;3
874;2026-05-18 10:13:11+00;2026-05-18 10:14:58+00;107;21;217;2
875;2026-05-18 10:27:00+00;2026-05-18 10:50:00+00;1380;13;211;19
876;2026-05-18 10:27:58+00;2026-05-18 10:29:16+00;78;10;206;2
877;2026-05-18 10:30:00+00;2026-05-18 10:30:58+00;58;14;222;2
878;2026-05-18 10:30:51+00;2026-05-18 10:53:51+00;1380;7;210;3
879;2026-05-18 10:34:55+00;2026-05-18 12:00:55+00;5160;74;201;13
880;2026-05-18 10:40:49+00;2026-05-18 11:24:49+00;2640;43;212;19
881;2026-05-18 10:52:21+00;2026-05-18 10:53:13+00;52;14;205;2
882;2026-05-18 10:54:50+00;2026-05-18 10:56:27+00;97;23;208;2
883;2026-05-18 10:57:24+00;2026-05-18 10:58:07+00;43;29;216;2
884;2026-05-18 10:57:43+00;2026-05-18 10:59:31+00;108;13;210;2
885;2026-05-18 10:57:48+00;2026-05-18 11:33:48+00;2160;72;212;14
886;2026-05-18 10:59:09+00;2026-05-18 11:22:09+00;1380;6;215;3
887;2026-05-18 11:01:47+00;2026-05-18 11:02:34+00;47;18;211;2
888;2026-05-18 11:04:24+00;2026-05-18 11:05:38+00;74;28;208;2
889;2026-05-18 11:04:46+00;2026-05-18 12:24:46+00;4800;120;219;13
890;2026-05-18 11:07:03+00;2026-05-18 11:08:41+00;98;19;208;2
891;2026-05-18 11:10:31+00;2026-05-18 11:38:31+00;1680;68;218;19
892;2026-05-18 11:13:18+00;2026-05-18 11:38:18+00;1500;71;206;14
893;2026-05-18 11:17:26+00;2026-05-18 11:19:13+00;107;16;216;2
894;2026-05-18 11:18:49+00;2026-05-18 11:19:55+00;66;16;212;2
895;2026-05-18 11:22:26+00;2026-05-18 12:37:26+00;4500;143;202;19
896;2026-05-18 11:34:05+00;2026-05-18 11:35:07+00;62;16;208;2
897;2026-05-18 11:37:42+00;2026-05-18 12:14:42+00;2220;30;206;14
898;2026-05-18 11:38:15+00;2026-05-18 12:30:15+00;3120;119;200;14
899;2026-05-18 11:38:54+00;2026-05-18 11:40:09+00;75;22;218;2
900;2026-05-18 11:46:45+00;2026-05-18 12:35:45+00;2940;86;207;19
901;2026-05-18 11:47:20+00;2026-05-18 11:48:52+00;92;12;223;2
902;2026-05-18 11:50:16+00;2026-05-18 11:51:05+00;49;20;217;2
903;2026-05-18 11:58:45+00;2026-05-18 12:00:11+00;86;26;218;2
904;2026-05-18 11:59:47+00;2026-05-18 12:01:27+00;100;21;200;2
905;2026-05-18 12:11:39+00;2026-05-18 12:29:39+00;1080;84;216;14
906;2026-05-18 12:18:08+00;2026-05-18 13:15:08+00;3420;146;218;13
907;2026-05-18 12:23:39+00;2026-05-18 12:24:47+00;68;23;212;2
908;2026-05-18 12:23:54+00;2026-05-18 12:24:49+00;55;20;217;2
909;2026-05-18 12:24:55+00;2026-05-18 12:26:09+00;74;26;221;2
910;2026-05-18 12:30:45+00;2026-05-18 13:28:45+00;3480;68;204;13
911;2026-05-18 12:39:12+00;2026-05-18 13:38:12+00;3540;127;206;19
912;2026-05-18 12:39:15+00;2026-05-18 12:41:14+00;119;20;216;2
913;2026-05-18 12:40:46+00;2026-05-18 12:42:01+00;75;13;204;2
914;2026-05-18 12:42:24+00;2026-05-18 12:43:39+00;75;28;200;2
915;2026-05-18 12:43:08+00;2026-05-18 14:04:08+00;4860;144;212;13
916;2026-05-18 12:50:42+00;2026-05-18 13:10:42+00;1200;52;207;14
917;2026-05-18 12:51:19+00;2026-05-18 12:52:47+00;88;30;214;2
918;2026-05-18 13:10:04+00;2026-05-18 13:11:11+00;67;14;216;2
919;2026-05-18 13:15:09+00;2026-05-18 13:54:09+00;2340;84;214;14
920;2026-05-18 13:19:36+00;2026-05-18 13:21:20+00;104;25;217;2
921;2026-05-18 13:23:48+00;2026-05-18 13:24:29+00;41;26;208;2
922;2026-05-18 13:27:59+00;2026-05-18 13:44:59+00;1020;27;215;19
923;2026-05-18 13:32:04+00;2026-05-18 13:34:03+00;119;19;220;2
924;2026-05-18 13:42:33+00;2026-05-18 14:20:33+00;2280;7;208;3
925;2026-05-18 13:45:28+00;2026-05-18 14:06:28+00;1260;34;207;19
926;2026-05-18 14:15:27+00;2026-05-18 14:41:27+00;1560;12;207;14
927;2026-05-18 14:18:18+00;2026-05-18 14:19:42+00;84;17;220;2
928;2026-05-18 14:24:28+00;2026-05-18 14:26:21+00;113;21;215;2
929;2026-05-18 14:32:11+00;2026-05-18 15:19:11+00;2820;147;202;13
930;2026-05-18 14:36:27+00;2026-05-18 14:37:20+00;53;16;201;2
931;2026-05-18 14:44:51+00;2026-05-18 14:45:42+00;51;18;220;2
932;2026-05-18 14:45:21+00;2026-05-18 16:13:21+00;5280;33;202;19
933;2026-05-18 14:47:06+00;2026-05-18 14:48:49+00;103;10;218;2
934;2026-05-18 15:03:55+00;2026-05-18 15:43:55+00;2400;66;209;14
935;2026-05-18 15:08:13+00;2026-05-18 15:09:23+00;70;19;214;2
936;2026-05-18 15:12:55+00;2026-05-18 16:33:55+00;4860;86;200;19
937;2026-05-18 15:15:18+00;2026-05-18 16:02:18+00;2820;61;222;19
938;2026-05-18 15:20:10+00;2026-05-18 16:24:10+00;3840;54;222;14
939;2026-05-18 15:21:00+00;2026-05-18 15:22:18+00;78;28;215;2
940;2026-05-18 15:21:20+00;2026-05-18 16:29:20+00;4080;126;208;14
941;2026-05-18 15:28:58+00;2026-05-18 15:51:58+00;1380;5;203;3
942;2026-05-18 15:30:16+00;2026-05-18 16:59:16+00;5340;30;217;19
943;2026-05-18 15:32:57+00;2026-05-18 17:02:57+00;5400;104;213;19
944;2026-05-18 15:33:41+00;2026-05-18 15:35:01+00;80;28;213;2
945;2026-05-18 15:33:45+00;2026-05-18 15:35:32+00;107;25;218;2
946;2026-05-18 15:33:49+00;2026-05-18 15:34:48+00;59;11;212;2
947;2026-05-18 15:43:45+00;2026-05-18 17:13:45+00;5400;65;204;14
948;2026-05-18 15:47:11+00;2026-05-18 15:48:29+00;78;26;201;2
949;2026-05-18 15:53:27+00;2026-05-18 15:54:39+00;72;27;209;2
950;2026-05-18 15:55:41+00;2026-05-18 15:57:04+00;83;25;215;2
951;2026-05-18 16:01:29+00;2026-05-18 16:17:29+00;960;128;200;14
952;2026-05-18 16:05:27+00;2026-05-18 16:06:20+00;53;27;210;2
953;2026-05-18 16:05:36+00;2026-05-18 16:58:36+00;3180;120;210;19
954;2026-05-18 16:05:52+00;2026-05-18 16:44:52+00;2340;69;208;19
955;2026-05-18 16:06:31+00;2026-05-18 16:07:28+00;57;20;218;2
956;2026-05-18 16:10:14+00;2026-05-18 17:15:14+00;3900;128;206;19
957;2026-05-18 16:13:57+00;2026-05-18 16:15:11+00;74;15;213;2
958;2026-05-18 16:28:16+00;2026-05-18 17:39:16+00;4260;127;203;19
959;2026-05-18 16:40:10+00;2026-05-18 16:42:05+00;115;23;215;2
960;2026-05-18 16:40:19+00;2026-05-18 16:42:18+00;119;11;206;2
961;2026-05-18 16:44:46+00;2026-05-18 18:02:46+00;4680;75;210;13
962;2026-05-18 16:45:07+00;2026-05-18 16:46:02+00;55;12;211;2
963;2026-05-18 16:54:47+00;2026-05-18 16:55:51+00;64;22;203;2
964;2026-05-18 17:07:35+00;2026-05-18 18:11:35+00;3840;68;205;13
965;2026-05-18 17:08:09+00;2026-05-18 17:08:57+00;48;14;202;2
966;2026-05-18 17:08:24+00;2026-05-18 17:09:08+00;44;15;204;2
967;2026-05-18 17:25:50+00;2026-05-18 17:27:30+00;100;12;214;2
968;2026-05-18 17:29:58+00;2026-05-18 17:31:06+00;68;17;209;2
969;2026-05-18 17:38:22+00;2026-05-18 18:18:22+00;2400;23;223;19
970;2026-05-18 17:39:12+00;2026-05-18 17:57:12+00;1080;75;222;13
971;2026-05-18 17:43:17+00;2026-05-18 17:44:37+00;80;13;206;2
972;2026-05-18 17:43:38+00;2026-05-18 19:02:38+00;4740;131;205;13
973;2026-05-18 17:44:40+00;2026-05-18 19:06:40+00;4920;131;221;14
974;2026-05-18 17:45:22+00;2026-05-18 17:46:07+00;45;12;216;2
975;2026-05-18 17:47:43+00;2026-05-18 18:20:43+00;1980;40;205;19
976;2026-05-18 17:54:02+00;2026-05-18 19:18:02+00;5040;76;208;14
977;2026-05-18 17:56:25+00;2026-05-18 17:57:44+00;79;25;215;2
978;2026-05-18 17:59:25+00;2026-05-18 19:22:25+00;4980;101;215;14
979;2026-05-18 17:59:25+00;2026-05-18 18:59:25+00;3600;42;217;14
980;2026-05-18 18:05:58+00;2026-05-18 19:26:58+00;4860;108;205;13
981;2026-05-18 18:08:47+00;2026-05-18 18:09:49+00;62;12;207;2
982;2026-05-18 18:10:50+00;2026-05-18 18:12:01+00;71;27;206;2
983;2026-05-18 18:11:57+00;2026-05-18 18:57:57+00;2760;129;209;13
984;2026-05-18 18:23:36+00;2026-05-18 18:24:38+00;62;14;217;2
985;2026-05-18 18:27:42+00;2026-05-18 19:01:42+00;2040;88;209;13
986;2026-05-18 18:33:31+00;2026-05-18 19:27:31+00;3240;48;214;19
987;2026-05-18 18:36:22+00;2026-05-18 18:37:06+00;44;18;203;2
988;2026-05-18 18:38:20+00;2026-05-18 20:05:20+00;5220;18;215;13
989;2026-05-18 18:42:40+00;2026-05-18 19:59:40+00;4620;95;207;14
990;2026-05-18 18:43:02+00;2026-05-18 19:15:02+00;1920;35;203;19
991;2026-05-18 18:46:38+00;2026-05-18 18:47:33+00;55;10;204;2
992;2026-05-18 18:51:52+00;2026-05-18 19:46:52+00;3300;29;213;13
993;2026-05-18 18:57:37+00;2026-05-18 18:58:49+00;72;23;209;2
994;2026-05-18 18:59:27+00;2026-05-18 19:00:50+00;83;25;221;2
995;2026-05-18 19:03:00+00;2026-05-18 20:30:00+00;5220;28;203;13
996;2026-05-18 19:10:04+00;2026-05-18 19:11:36+00;92;22;219;2
997;2026-05-18 19:14:30+00;2026-05-18 19:15:13+00;43;28;213;2
998;2026-05-18 19:16:05+00;2026-05-18 19:53:05+00;2220;137;221;13
999;2026-05-18 19:24:13+00;2026-05-18 19:25:36+00;83;27;200;2
1000;2026-05-18 19:32:29+00;2026-05-18 20:09:29+00;2220;62;218;19
1001;2026-05-18 19:35:01+00;2026-05-18 19:36:57+00;116;19;214;2
1002;2026-05-18 19:51:06+00;2026-05-18 19:52:15+00;69;12;220;2
1003;2026-05-18 19:53:40+00;2026-05-18 19:54:30+00;50;24;222;2
1004;2026-05-18 20:00:40+00;2026-05-18 20:01:20+00;40;26;210;2
1005;2026-05-18 20:03:03+00;2026-05-18 21:03:03+00;3600;40;209;13
1006;2026-05-18 20:03:20+00;2026-05-18 20:04:46+00;86;16;200;2
1007;2026-05-18 20:03:57+00;2026-05-18 20:05:00+00;63;14;208;2
1008;2026-05-18 20:11:20+00;2026-05-18 20:52:20+00;2460;94;219;19
1009;2026-05-18 20:13:04+00;2026-05-18 20:35:04+00;1320;123;220;13
1010;2026-05-18 20:13:32+00;2026-05-18 20:15:12+00;100;18;220;2
1011;2026-05-18 20:21:00+00;2026-05-18 20:22:09+00;69;11;209;2
1012;2026-05-18 20:21:40+00;2026-05-18 21:01:40+00;2400;86;210;19
1013;2026-05-18 20:23:17+00;2026-05-18 20:25:03+00;106;18;201;2
1014;2026-05-18 20:26:50+00;2026-05-18 20:28:36+00;106;20;205;2
1015;2026-05-18 20:27:58+00;2026-05-18 20:28:41+00;43;23;212;2
1016;2026-05-18 20:28:19+00;2026-05-18 20:29:42+00;83;14;207;2
1017;2026-05-18 20:30:32+00;2026-05-18 20:32:10+00;98;19;222;2
1018;2026-05-18 20:31:33+00;2026-05-18 20:32:40+00;67;28;203;2
1019;2026-05-18 20:49:43+00;2026-05-18 21:30:43+00;2460;113;211;13
1020;2026-05-18 21:03:09+00;2026-05-18 21:04:23+00;74;18;203;2
1021;2026-05-18 21:06:01+00;2026-05-18 21:07:15+00;74;14;208;2
1022;2026-05-18 21:17:10+00;2026-05-18 21:17:56+00;46;28;204;2
1023;2026-05-18 21:20:55+00;2026-05-18 21:22:31+00;96;28;212;2
1024;2026-05-18 21:22:49+00;2026-05-18 22:01:49+00;2340;120;222;14
1025;2026-05-18 21:25:10+00;2026-05-18 21:27:03+00;113;19;203;2
1026;2026-05-18 21:29:03+00;2026-05-18 21:29:57+00;54;26;202;2
1027;2026-05-18 21:30:39+00;2026-05-18 21:32:35+00;116;23;216;2
1028;2026-05-18 21:33:19+00;2026-05-18 21:34:06+00;47;26;205;2
1029;2026-05-18 21:49:19+00;2026-05-18 21:51:06+00;107;25;209;2
1030;2026-05-18 21:57:04+00;2026-05-18 21:58:10+00;66;23;213;2
1031;2026-05-18 22:00:43+00;2026-05-18 22:01:38+00;55;25;214;2
1032;2026-05-18 22:09:48+00;2026-05-18 22:10:38+00;50;14;211;2
1033;2026-05-18 22:11:20+00;2026-05-18 22:45:20+00;2040;91;208;13
1034;2026-05-18 22:13:32+00;2026-05-18 23:34:32+00;4860;70;201;14
1035;2026-05-18 22:14:20+00;2026-05-18 23:31:20+00;4620;89;218;14
1036;2026-05-18 22:17:08+00;2026-05-18 22:18:43+00;95;26;207;2
1037;2026-05-18 22:23:30+00;2026-05-18 22:24:24+00;54;25;222;2
1038;2026-05-18 22:24:50+00;2026-05-18 22:26:30+00;100;21;207;2
1039;2026-05-18 22:27:07+00;2026-05-18 22:27:56+00;49;20;202;2
1040;2026-05-18 22:27:56+00;2026-05-18 22:29:51+00;115;12;218;2
1041;2026-05-18 22:31:51+00;2026-05-18 22:33:41+00;110;11;213;2
1042;2026-05-18 22:33:01+00;2026-05-18 23:15:01+00;2520;120;211;13
1043;2026-05-18 22:38:23+00;2026-05-18 22:56:23+00;1080;80;205;19
1044;2026-05-18 22:43:24+00;2026-05-18 23:44:24+00;3660;108;208;14
1045;2026-05-18 22:44:23+00;2026-05-18 22:45:22+00;59;19;212;2
1046;2026-05-18 22:49:28+00;2026-05-19 00:08:28+00;4740;99;210;13
1047;2026-05-18 22:55:34+00;2026-05-18 22:57:11+00;97;17;202;2
1048;2026-05-18 22:58:10+00;2026-05-18 23:00:05+00;115;29;205;2
1049;2026-05-18 23:03:49+00;2026-05-18 23:04:59+00;70;10;207;2
1050;2026-05-18 23:06:00+00;2026-05-18 23:07:27+00;87;23;221;2
1051;2026-05-18 23:17:56+00;2026-05-18 23:19:07+00;71;24;208;2
1052;2026-05-18 23:21:03+00;2026-05-18 23:22:59+00;116;15;215;2
1053;2026-05-18 23:28:27+00;2026-05-19 00:43:27+00;4500;100;206;19
1054;2026-05-18 23:32:10+00;2026-05-19 00:56:10+00;5040;79;209;14
1055;2026-05-18 23:32:51+00;2026-05-19 00:18:51+00;2760;13;200;19
1056;2026-05-18 23:37:49+00;2026-05-18 23:39:14+00;85;11;204;2
1057;2026-05-18 23:37:51+00;2026-05-18 23:39:51+00;120;20;223;2
1058;2026-05-18 23:38:03+00;2026-05-18 23:39:38+00;95;27;223;2
1059;2026-05-18 23:43:12+00;2026-05-19 00:01:12+00;1080;110;220;19
1060;2026-05-18 23:43:32+00;2026-05-18 23:44:22+00;50;21;217;2
1061;2026-05-18 23:46:36+00;2026-05-19 00:53:36+00;4020;107;221;19
1062;2026-05-18 23:47:07+00;2026-05-19 00:37:07+00;3000;57;223;19
1063;2026-05-18 23:47:41+00;2026-05-18 23:49:16+00;95;13;217;2
1064;2026-05-18 23:54:45+00;2026-05-18 23:55:29+00;44;29;219;2
1065;2026-05-18 23:55:19+00;2026-05-18 23:56:29+00;70;23;201;2
1066;2026-05-18 23:59:32+00;2026-05-19 00:00:20+00;48;28;207;2
1067;2026-05-19 00:24:21+00;2026-05-19 00:26:11+00;110;27;205;2
1068;2026-05-19 00:40:57+00;2026-05-19 00:41:56+00;59;21;215;2
1069;2026-05-19 00:44:49+00;2026-05-19 00:46:47+00;118;22;202;2
1070;2026-05-19 00:46:35+00;2026-05-19 00:48:04+00;89;11;222;2
1071;2026-05-19 00:49:08+00;2026-05-19 00:50:21+00;73;10;220;2
1072;2026-05-19 00:54:00+00;2026-05-19 00:55:07+00;67;26;222;2
1073;2026-05-19 06:03:17+00;2026-05-19 06:04:53+00;96;19;213;2
1074;2026-05-19 06:12:54+00;2026-05-19 06:54:54+00;2520;70;216;14
1075;2026-05-19 06:18:08+00;2026-05-19 06:18:51+00;43;13;222;2
1076;2026-05-19 06:19:33+00;2026-05-19 07:41:33+00;4920;30;212;19
1077;2026-05-19 06:31:03+00;2026-05-19 07:45:03+00;4440;93;214;19
1078;2026-05-19 06:32:57+00;2026-05-19 06:33:59+00;62;30;209;2
1079;2026-05-19 06:36:45+00;2026-05-19 08:04:45+00;5280;141;208;19
1080;2026-05-19 06:38:05+00;2026-05-19 06:38:54+00;49;18;211;2
1081;2026-05-19 06:39:22+00;2026-05-19 06:41:00+00;98;27;202;2
1082;2026-05-19 06:44:38+00;2026-05-19 06:45:56+00;78;13;218;2
1083;2026-05-19 06:45:56+00;2026-05-19 06:47:40+00;104;30;211;2
1084;2026-05-19 06:49:20+00;2026-05-19 06:51:03+00;103;15;204;2
1085;2026-05-19 06:50:05+00;2026-05-19 06:51:53+00;108;18;215;2
1086;2026-05-19 06:50:45+00;2026-05-19 06:52:43+00;118;19;201;2
1087;2026-05-19 06:54:16+00;2026-05-19 07:26:16+00;1920;143;212;14
1088;2026-05-19 06:55:41+00;2026-05-19 06:57:02+00;81;22;215;2
1089;2026-05-19 06:56:01+00;2026-05-19 07:56:01+00;3600;134;204;13
1090;2026-05-19 06:58:32+00;2026-05-19 07:14:32+00;960;83;204;13
1091;2026-05-19 07:04:52+00;2026-05-19 07:22:52+00;1080;51;222;19
1092;2026-05-19 07:05:33+00;2026-05-19 07:06:56+00;83;11;215;2
1093;2026-05-19 07:06:28+00;2026-05-19 07:07:45+00;77;25;211;2
1094;2026-05-19 07:08:07+00;2026-05-19 07:09:09+00;62;24;208;2
1095;2026-05-19 07:12:29+00;2026-05-19 08:18:29+00;3960;98;206;19
1096;2026-05-19 07:14:35+00;2026-05-19 08:01:35+00;2820;135;217;14
1097;2026-05-19 07:15:04+00;2026-05-19 08:21:04+00;3960;50;214;14
1098;2026-05-19 07:16:17+00;2026-05-19 07:17:29+00;72;29;222;2
1099;2026-05-19 07:20:38+00;2026-05-19 07:22:03+00;85;26;218;2
1100;2026-05-19 07:25:32+00;2026-05-19 07:26:38+00;66;10;217;2
1101;2026-05-19 07:26:51+00;2026-05-19 07:28:15+00;84;29;219;2
1102;2026-05-19 07:31:16+00;2026-05-19 07:32:49+00;93;28;216;2
1103;2026-05-19 07:33:46+00;2026-05-19 08:15:46+00;2520;75;215;13
1104;2026-05-19 07:52:59+00;2026-05-19 08:31:59+00;2340;108;209;13
1105;2026-05-19 08:01:36+00;2026-05-19 08:02:30+00;54;21;218;2
1106;2026-05-19 08:02:25+00;2026-05-19 08:22:25+00;1200;150;223;14
1107;2026-05-19 08:08:01+00;2026-05-19 08:35:01+00;1620;5;209;3
1108;2026-05-19 08:13:13+00;2026-05-19 09:05:13+00;3120;138;211;13
1109;2026-05-19 08:17:34+00;2026-05-19 08:18:37+00;63;28;215;2
1110;2026-05-19 08:23:47+00;2026-05-19 08:25:26+00;99;27;212;2
1111;2026-05-19 08:24:54+00;2026-05-19 08:26:18+00;84;13;203;2
1112;2026-05-19 08:26:15+00;2026-05-19 08:27:32+00;77;28;217;2
1113;2026-05-19 08:28:34+00;2026-05-19 08:29:54+00;80;27;221;2
1114;2026-05-19 08:38:20+00;2026-05-19 09:15:20+00;2220;7;213;3
1115;2026-05-19 08:47:50+00;2026-05-19 08:48:47+00;57;28;210;2
1116;2026-05-19 08:50:44+00;2026-05-19 08:52:30+00;106;29;217;2
1117;2026-05-19 08:55:01+00;2026-05-19 08:55:56+00;55;27;210;2
1118;2026-05-19 08:55:15+00;2026-05-19 08:56:26+00;71;12;214;2
1119;2026-05-19 08:56:53+00;2026-05-19 08:58:41+00;108;11;205;2
1120;2026-05-19 08:57:50+00;2026-05-19 09:40:50+00;2580;53;203;19
1121;2026-05-19 09:04:54+00;2026-05-19 09:23:54+00;1140;88;216;13
1122;2026-05-19 09:12:19+00;2026-05-19 10:06:19+00;3240;10;221;19
1123;2026-05-19 09:16:40+00;2026-05-19 09:18:25+00;105;16;209;2
1124;2026-05-19 09:30:13+00;2026-05-19 09:31:02+00;49;22;214;2
1125;2026-05-19 09:33:57+00;2026-05-19 09:35:21+00;84;17;215;2
1126;2026-05-19 09:52:35+00;2026-05-19 09:53:54+00;79;14;213;2
1127;2026-05-19 09:53:14+00;2026-05-19 10:33:14+00;2400;10;207;3
1128;2026-05-19 09:56:34+00;2026-05-19 09:58:31+00;117;30;212;2
1129;2026-05-19 09:56:53+00;2026-05-19 11:07:53+00;4260;43;215;13
1130;2026-05-19 09:58:08+00;2026-05-19 09:58:51+00;43;11;223;2
1131;2026-05-19 10:15:04+00;2026-05-19 10:38:04+00;1380;103;220;14
1132;2026-05-19 10:17:41+00;2026-05-19 10:19:08+00;87;20;200;2
1133;2026-05-19 10:27:42+00;2026-05-19 11:34:42+00;4020;33;221;14
1134;2026-05-19 10:32:28+00;2026-05-19 10:33:22+00;54;12;222;2
1135;2026-05-19 10:38:58+00;2026-05-19 10:40:12+00;74;10;205;2
1136;2026-05-19 10:49:33+00;2026-05-19 10:51:11+00;98;22;206;2
1137;2026-05-19 10:58:17+00;2026-05-19 12:13:17+00;4500;71;217;14
1138;2026-05-19 10:59:00+00;2026-05-19 12:28:00+00;5340;112;211;14
1139;2026-05-19 11:02:49+00;2026-05-19 12:13:49+00;4260;108;200;13
1140;2026-05-19 11:05:50+00;2026-05-19 11:25:50+00;1200;5;223;3
1141;2026-05-19 11:06:10+00;2026-05-19 11:07:53+00;103;25;221;2
1142;2026-05-19 11:08:22+00;2026-05-19 11:09:40+00;78;13;200;2
1143;2026-05-19 11:10:52+00;2026-05-19 11:33:52+00;1380;5;206;3
1144;2026-05-19 11:11:17+00;2026-05-19 11:12:46+00;89;20;218;2
1145;2026-05-19 11:12:48+00;2026-05-19 11:13:59+00;71;22;210;2
1146;2026-05-19 11:18:18+00;2026-05-19 12:37:18+00;4740;44;222;14
1147;2026-05-19 11:20:33+00;2026-05-19 11:56:33+00;2160;10;203;3
1148;2026-05-19 11:20:54+00;2026-05-19 12:11:54+00;3060;99;210;13
1149;2026-05-19 11:23:11+00;2026-05-19 11:24:43+00;92;21;201;2
1150;2026-05-19 11:25:17+00;2026-05-19 11:46:17+00;1260;123;220;19
1151;2026-05-19 11:26:17+00;2026-05-19 12:33:17+00;4020;96;222;14
1152;2026-05-19 11:35:10+00;2026-05-19 11:36:58+00;108;22;220;2
1153;2026-05-19 11:37:23+00;2026-05-19 12:12:23+00;2100;56;208;13
1154;2026-05-19 11:44:58+00;2026-05-19 12:23:58+00;2340;66;221;19
1155;2026-05-19 11:47:57+00;2026-05-19 11:49:16+00;79;26;219;2
1156;2026-05-19 11:52:13+00;2026-05-19 11:53:28+00;75;23;211;2
1157;2026-05-19 12:02:57+00;2026-05-19 12:03:55+00;58;22;210;2
1158;2026-05-19 12:03:46+00;2026-05-19 12:05:30+00;104;19;204;2
1159;2026-05-19 12:04:29+00;2026-05-19 12:05:18+00;49;20;213;2
1160;2026-05-19 12:06:08+00;2026-05-19 12:07:08+00;60;14;208;2
1161;2026-05-19 12:06:48+00;2026-05-19 13:16:48+00;4200;103;210;19
1162;2026-05-19 12:11:36+00;2026-05-19 12:12:49+00;73;15;205;2
1163;2026-05-19 12:18:38+00;2026-05-19 12:19:39+00;61;29;211;2
1164;2026-05-19 12:21:31+00;2026-05-19 12:22:48+00;77;30;219;2
1165;2026-05-19 12:30:23+00;2026-05-19 13:48:23+00;4680;105;206;19
1166;2026-05-19 12:31:20+00;2026-05-19 12:32:54+00;94;28;208;2
1167;2026-05-19 12:34:23+00;2026-05-19 12:35:34+00;71;17;211;2
1168;2026-05-19 12:36:30+00;2026-05-19 12:37:52+00;82;23;216;2
1169;2026-05-19 12:38:14+00;2026-05-19 13:26:14+00;2880;68;207;19
1170;2026-05-19 12:39:11+00;2026-05-19 14:05:11+00;5160;120;207;19
1171;2026-05-19 12:42:31+00;2026-05-19 12:43:25+00;54;27;216;2
1172;2026-05-19 12:46:45+00;2026-05-19 12:48:11+00;86;25;201;2
1173;2026-05-19 12:47:27+00;2026-05-19 13:12:27+00;1500;10;222;3
1174;2026-05-19 12:50:21+00;2026-05-19 14:09:21+00;4740;77;205;14
1175;2026-05-19 12:52:59+00;2026-05-19 12:54:51+00;112;10;218;2
1176;2026-05-19 12:53:15+00;2026-05-19 14:04:15+00;4260;39;200;13
1177;2026-05-19 12:54:07+00;2026-05-19 12:55:33+00;86;20;203;2
1178;2026-05-19 12:57:29+00;2026-05-19 13:45:29+00;2880;71;205;14
1179;2026-05-19 13:03:59+00;2026-05-19 14:10:59+00;4020;72;220;13
1180;2026-05-19 13:06:44+00;2026-05-19 13:30:44+00;1440;5;220;1
1181;2026-05-19 13:06:51+00;2026-05-19 13:21:51+00;900;150;209;19
1182;2026-05-19 13:08:41+00;2026-05-19 13:40:41+00;1920;16;219;19
1183;2026-05-19 13:16:08+00;2026-05-19 13:17:37+00;89;16;219;2
1184;2026-05-19 13:19:03+00;2026-05-19 13:20:51+00;108;14;203;2
1185;2026-05-19 13:26:40+00;2026-05-19 13:50:40+00;1440;129;219;13
1186;2026-05-19 13:29:29+00;2026-05-19 13:31:21+00;112;22;207;2
1187;2026-05-19 13:32:17+00;2026-05-19 14:32:17+00;3600;57;214;13
1188;2026-05-19 13:48:07+00;2026-05-19 14:17:07+00;1740;134;201;19
1189;2026-05-19 13:54:50+00;2026-05-19 14:25:50+00;1860;29;223;13
1190;2026-05-19 13:57:18+00;2026-05-19 13:58:49+00;91;12;207;2
1191;2026-05-19 14:03:52+00;2026-05-19 14:05:32+00;100;24;219;2
1192;2026-05-19 14:04:40+00;2026-05-19 15:30:40+00;5160;25;219;14
1193;2026-05-19 14:07:30+00;2026-05-19 15:32:30+00;5100;118;211;19
1194;2026-05-19 14:09:44+00;2026-05-19 15:26:44+00;4620;129;222;13
1195;2026-05-19 14:16:50+00;2026-05-19 14:17:42+00;52;12;202;2
1196;2026-05-19 14:17:42+00;2026-05-19 14:18:49+00;67;14;213;2
1197;2026-05-19 14:18:07+00;2026-05-19 14:35:07+00;1020;60;222;14
1198;2026-05-19 14:35:00+00;2026-05-19 15:19:00+00;2640;80;208;19
1199;2026-05-19 14:36:40+00;2026-05-19 16:04:40+00;5280;143;203;14
1200;2026-05-19 14:40:54+00;2026-05-19 14:42:05+00;71;27;223;2
1201;2026-05-19 14:42:13+00;2026-05-19 14:43:00+00;47;29;208;2
1202;2026-05-19 14:45:31+00;2026-05-19 14:47:29+00;118;10;201;2
1203;2026-05-19 14:48:18+00;2026-05-19 14:49:06+00;48;26;204;2
1204;2026-05-19 14:49:14+00;2026-05-19 15:32:14+00;2580;97;214;14
1205;2026-05-19 15:01:50+00;2026-05-19 15:29:50+00;1680;5;210;3
1206;2026-05-19 15:03:01+00;2026-05-19 16:14:01+00;4260;112;209;14
1207;2026-05-19 15:03:19+00;2026-05-19 15:28:19+00;1500;5;219;1
1208;2026-05-19 15:07:54+00;2026-05-19 16:02:54+00;3300;57;209;14
1209;2026-05-19 15:08:05+00;2026-05-19 15:09:05+00;60;17;208;2
1210;2026-05-19 15:17:16+00;2026-05-19 15:18:38+00;82;30;202;2
1211;2026-05-19 15:24:10+00;2026-05-19 15:25:46+00;96;30;205;2
1212;2026-05-19 15:25:05+00;2026-05-19 15:25:58+00;53;19;205;2
1213;2026-05-19 15:27:25+00;2026-05-19 15:28:41+00;76;14;216;2
1214;2026-05-19 15:34:09+00;2026-05-19 15:59:09+00;1500;7;210;1
1215;2026-05-19 15:35:42+00;2026-05-19 15:37:02+00;80;10;200;2
1216;2026-05-19 15:37:10+00;2026-05-19 16:02:10+00;1500;148;201;13
1217;2026-05-19 15:41:12+00;2026-05-19 15:43:09+00;117;18;209;2
1218;2026-05-19 15:43:00+00;2026-05-19 16:14:00+00;1860;9;218;3
1219;2026-05-19 15:45:46+00;2026-05-19 15:47:11+00;85;21;210;2
1220;2026-05-19 15:49:14+00;2026-05-19 17:17:14+00;5280;25;206;13
1221;2026-05-19 15:51:19+00;2026-05-19 17:09:19+00;4680;137;219;13
1222;2026-05-19 15:54:10+00;2026-05-19 15:55:42+00;92;16;200;2
1223;2026-05-19 15:56:17+00;2026-05-19 17:01:17+00;3900;85;218;19
1224;2026-05-19 16:04:22+00;2026-05-19 16:29:22+00;1500;33;211;19
1225;2026-05-19 16:08:41+00;2026-05-19 17:02:41+00;3240;132;223;19
1226;2026-05-19 16:09:28+00;2026-05-19 16:10:22+00;54;23;209;2
1227;2026-05-19 16:11:56+00;2026-05-19 16:39:56+00;1680;131;213;13
1228;2026-05-19 16:15:16+00;2026-05-19 16:34:16+00;1140;102;216;14
1229;2026-05-19 16:18:14+00;2026-05-19 17:40:14+00;4920;45;203;14
1230;2026-05-19 16:22:09+00;2026-05-19 17:27:09+00;3900;88;206;13
1231;2026-05-19 16:26:54+00;2026-05-19 16:57:54+00;1860;13;202;14
1232;2026-05-19 16:28:29+00;2026-05-19 17:16:29+00;2880;74;223;19
1233;2026-05-19 16:28:50+00;2026-05-19 16:54:50+00;1560;112;205;14
1234;2026-05-19 16:41:06+00;2026-05-19 17:18:06+00;2220;125;211;19
1235;2026-05-19 16:45:07+00;2026-05-19 17:04:07+00;1140;103;211;14
1236;2026-05-19 16:58:47+00;2026-05-19 17:39:47+00;2460;107;201;14
1237;2026-05-19 17:08:07+00;2026-05-19 17:09:21+00;74;30;203;2
1238;2026-05-19 17:10:25+00;2026-05-19 17:54:25+00;2640;71;221;13
1239;2026-05-19 17:14:33+00;2026-05-19 18:42:33+00;5280;101;217;19
1240;2026-05-19 17:18:52+00;2026-05-19 17:20:41+00;109;12;215;2
1241;2026-05-19 17:22:24+00;2026-05-19 17:23:13+00;49;15;216;2
1242;2026-05-19 17:33:32+00;2026-05-19 17:35:20+00;108;25;212;2
1243;2026-05-19 17:33:33+00;2026-05-19 17:54:33+00;1260;66;217;14
1244;2026-05-19 17:38:31+00;2026-05-19 17:39:32+00;61;29;204;2
1245;2026-05-19 17:40:24+00;2026-05-19 17:42:00+00;96;14;201;2
1246;2026-05-19 17:43:23+00;2026-05-19 17:44:56+00;93;21;200;2
1247;2026-05-19 17:46:18+00;2026-05-19 17:46:58+00;40;22;217;2
1248;2026-05-19 17:47:50+00;2026-05-19 17:49:04+00;74;26;220;2
1249;2026-05-19 17:55:26+00;2026-05-19 18:16:26+00;1260;71;223;14
1250;2026-05-19 17:55:38+00;2026-05-19 17:57:15+00;97;30;208;2
1251;2026-05-19 17:59:45+00;2026-05-19 19:28:45+00;5340;85;219;19
1252;2026-05-19 18:07:20+00;2026-05-19 19:31:20+00;5040;113;207;19
1253;2026-05-19 18:07:41+00;2026-05-19 18:09:18+00;97;28;204;2
1254;2026-05-19 18:10:01+00;2026-05-19 19:06:01+00;3360;56;215;19
1255;2026-05-19 18:10:11+00;2026-05-19 19:01:11+00;3060;105;213;13
1256;2026-05-19 18:13:04+00;2026-05-19 18:14:52+00;108;11;205;2
1257;2026-05-19 18:17:36+00;2026-05-19 18:18:41+00;65;17;214;2
1258;2026-05-19 18:20:26+00;2026-05-19 18:21:42+00;76;17;223;2
1259;2026-05-19 18:21:28+00;2026-05-19 19:02:28+00;2460;126;208;19
1260;2026-05-19 18:26:34+00;2026-05-19 19:45:34+00;4740;51;214;19
1261;2026-05-19 18:33:20+00;2026-05-19 18:35:14+00;114;15;206;2
1262;2026-05-19 18:34:29+00;2026-05-19 18:36:27+00;118;21;212;2
1263;2026-05-19 18:37:29+00;2026-05-19 18:39:22+00;113;29;202;2
1264;2026-05-19 18:43:05+00;2026-05-19 18:44:41+00;96;19;207;2
1265;2026-05-19 18:47:59+00;2026-05-19 19:24:59+00;2220;35;207;14
1266;2026-05-19 18:53:04+00;2026-05-19 18:53:50+00;46;23;214;2
1267;2026-05-19 18:54:25+00;2026-05-19 18:55:53+00;88;21;222;2
1268;2026-05-19 18:58:19+00;2026-05-19 19:00:00+00;101;14;220;2
1269;2026-05-19 18:58:52+00;2026-05-19 19:00:27+00;95;17;216;2
1270;2026-05-19 19:09:19+00;2026-05-19 20:15:19+00;3960;87;206;13
1271;2026-05-19 19:09:49+00;2026-05-19 19:11:04+00;75;26;208;2
1272;2026-05-19 19:17:52+00;2026-05-19 19:19:51+00;119;28;223;2
1273;2026-05-19 19:19:09+00;2026-05-19 20:05:09+00;2760;16;215;13
1274;2026-05-19 19:25:26+00;2026-05-19 19:26:26+00;60;23;207;2
1275;2026-05-19 19:38:52+00;2026-05-19 19:39:53+00;61;15;218;2
1276;2026-05-19 19:39:41+00;2026-05-19 19:41:26+00;105;11;201;2
1277;2026-05-19 19:44:09+00;2026-05-19 20:03:09+00;1140;133;214;14
1278;2026-05-19 19:50:23+00;2026-05-19 19:51:58+00;95;16;213;2
1279;2026-05-19 19:52:38+00;2026-05-19 19:53:55+00;77;22;213;2
1280;2026-05-19 19:56:36+00;2026-05-19 20:36:36+00;2400;21;218;14
1281;2026-05-19 19:59:39+00;2026-05-19 20:46:39+00;2820;55;210;14
1282;2026-05-19 20:04:27+00;2026-05-19 20:34:27+00;1800;56;209;13
1283;2026-05-19 20:10:34+00;2026-05-19 20:12:20+00;106;17;204;2
1284;2026-05-19 20:18:28+00;2026-05-19 20:20:03+00;95;29;223;2
1285;2026-05-19 20:18:48+00;2026-05-19 20:20:13+00;85;24;206;2
1286;2026-05-19 20:21:28+00;2026-05-19 20:22:19+00;51;25;210;2
1287;2026-05-19 20:23:11+00;2026-05-19 21:40:11+00;4620;47;216;19
1288;2026-05-19 20:30:47+00;2026-05-19 20:32:37+00;110;21;209;2
1289;2026-05-19 20:40:54+00;2026-05-19 20:42:20+00;86;18;205;2
1290;2026-05-19 20:41:36+00;2026-05-19 21:28:36+00;2820;65;207;13
1291;2026-05-19 20:44:21+00;2026-05-19 21:06:21+00;1320;87;218;13
1292;2026-05-19 20:51:56+00;2026-05-19 20:53:00+00;64;22;218;2
1293;2026-05-19 21:05:55+00;2026-05-19 22:04:55+00;3540;10;202;19
1294;2026-05-19 21:11:12+00;2026-05-19 21:13:10+00;118;15;212;2
1295;2026-05-19 21:15:47+00;2026-05-19 21:16:45+00;58;18;216;2
1296;2026-05-19 21:18:16+00;2026-05-19 22:28:16+00;4200;81;202;13
1297;2026-05-19 21:19:22+00;2026-05-19 22:34:22+00;4500;33;200;19
1298;2026-05-19 21:23:07+00;2026-05-19 21:53:07+00;1800;42;204;19
1299;2026-05-19 21:31:09+00;2026-05-19 21:32:56+00;107;17;214;2
1300;2026-05-19 21:31:12+00;2026-05-19 22:59:12+00;5280;147;208;13
1301;2026-05-19 21:33:16+00;2026-05-19 21:34:39+00;83;15;221;2
1302;2026-05-19 21:37:43+00;2026-05-19 22:25:43+00;2880;100;220;19
1303;2026-05-19 21:48:17+00;2026-05-19 23:13:17+00;5100;150;207;19
1304;2026-05-19 21:56:32+00;2026-05-19 21:57:43+00;71;24;214;2
1305;2026-05-19 21:56:57+00;2026-05-19 23:09:57+00;4380;36;215;13
1306;2026-05-19 22:12:13+00;2026-05-19 22:13:51+00;98;23;214;2
1307;2026-05-19 22:13:34+00;2026-05-19 22:15:16+00;102;23;220;2
1308;2026-05-19 22:15:12+00;2026-05-19 22:17:00+00;108;11;215;2
1309;2026-05-19 22:17:42+00;2026-05-19 22:19:18+00;96;11;212;2
1310;2026-05-19 22:21:04+00;2026-05-19 23:48:04+00;5220;99;215;19
1311;2026-05-19 22:31:32+00;2026-05-19 22:32:15+00;43;21;221;2
1312;2026-05-19 22:31:42+00;2026-05-19 23:19:42+00;2880;108;216;13
1313;2026-05-19 22:33:38+00;2026-05-19 22:35:20+00;102;30;218;2
1314;2026-05-19 22:51:05+00;2026-05-19 23:34:05+00;2580;20;208;14
1315;2026-05-19 22:52:42+00;2026-05-19 22:53:42+00;60;15;212;2
1316;2026-05-19 22:55:14+00;2026-05-20 00:02:14+00;4020;137;205;14
1317;2026-05-19 22:56:22+00;2026-05-20 00:12:22+00;4560;131;205;19
1318;2026-05-19 23:13:53+00;2026-05-20 00:38:53+00;5100;44;213;14
1319;2026-05-19 23:22:43+00;2026-05-20 00:34:43+00;4320;44;212;13
1320;2026-05-19 23:28:46+00;2026-05-19 23:29:43+00;57;16;207;2
1321;2026-05-19 23:30:39+00;2026-05-19 23:32:15+00;96;20;213;2
1322;2026-05-19 23:38:10+00;2026-05-19 23:39:37+00;87;20;209;2
1323;2026-05-19 23:38:45+00;2026-05-19 23:40:37+00;112;27;200;2
1324;2026-05-19 23:39:03+00;2026-05-19 23:39:58+00;55;13;209;2
1325;2026-05-19 23:53:08+00;2026-05-19 23:54:58+00;110;11;214;2
1326;2026-05-19 23:54:45+00;2026-05-20 00:22:45+00;1680;10;205;19
1327;2026-05-20 00:00:39+00;2026-05-20 00:02:09+00;90;29;211;2
1328;2026-05-20 00:03:04+00;2026-05-20 00:04:09+00;65;24;206;2
1329;2026-05-20 00:07:16+00;2026-05-20 00:08:27+00;71;19;203;2
1330;2026-05-20 00:16:32+00;2026-05-20 00:18:29+00;117;14;202;2
1331;2026-05-20 00:23:59+00;2026-05-20 00:25:23+00;84;21;215;2
1332;2026-05-20 00:27:38+00;2026-05-20 00:28:50+00;72;26;222;2
1333;2026-05-20 00:29:07+00;2026-05-20 00:30:59+00;112;21;203;2
1334;2026-05-20 00:40:39+00;2026-05-20 00:42:38+00;119;15;222;2
1335;2026-05-20 00:45:46+00;2026-05-20 00:46:48+00;62;27;208;2
1336;2026-05-20 00:47:55+00;2026-05-20 00:48:45+00;50;29;201;2
1337;2026-05-20 00:54:05+00;2026-05-20 00:55:37+00;92;28;220;2
1338;2026-05-20 06:07:29+00;2026-05-20 07:04:29+00;3420;32;213;13
1339;2026-05-20 06:13:40+00;2026-05-20 06:15:16+00;96;18;210;2
1340;2026-05-20 06:17:41+00;2026-05-20 06:18:33+00;52;23;215;2
1341;2026-05-20 06:17:54+00;2026-05-20 07:15:54+00;3480;147;207;19
1342;2026-05-20 06:22:25+00;2026-05-20 06:24:08+00;103;19;220;2
1343;2026-05-20 06:23:44+00;2026-05-20 07:53:44+00;5400;96;213;13
1344;2026-05-20 06:34:15+00;2026-05-20 07:34:15+00;3600;31;220;14
1345;2026-05-20 06:37:32+00;2026-05-20 06:39:08+00;96;29;221;2
1346;2026-05-20 06:44:42+00;2026-05-20 07:09:42+00;1500;102;208;19
1347;2026-05-20 06:48:18+00;2026-05-20 06:49:17+00;59;25;213;2
1348;2026-05-20 06:48:30+00;2026-05-20 07:33:30+00;2700;52;214;19
1349;2026-05-20 06:52:48+00;2026-05-20 06:54:27+00;99;12;215;2
1350;2026-05-20 07:00:24+00;2026-05-20 07:01:56+00;92;29;201;2
1351;2026-05-20 07:04:37+00;2026-05-20 08:34:37+00;5400;20;205;14
1352;2026-05-20 07:05:12+00;2026-05-20 07:23:12+00;1080;144;212;14
1353;2026-05-20 07:05:24+00;2026-05-20 07:06:12+00;48;21;213;2
1354;2026-05-20 07:11:34+00;2026-05-20 07:13:24+00;110;12;208;2
1355;2026-05-20 07:12:28+00;2026-05-20 07:59:28+00;2820;60;215;19
1356;2026-05-20 07:17:47+00;2026-05-20 08:32:47+00;4500;117;202;19
1357;2026-05-20 07:18:14+00;2026-05-20 07:19:17+00;63;29;206;2
1358;2026-05-20 07:18:42+00;2026-05-20 08:38:42+00;4800;57;206;19
1359;2026-05-20 07:25:22+00;2026-05-20 07:26:34+00;72;26;200;2
1360;2026-05-20 07:32:10+00;2026-05-20 07:33:22+00;72;25;212;2
1361;2026-05-20 07:38:50+00;2026-05-20 07:39:54+00;64;29;217;2
1362;2026-05-20 07:42:32+00;2026-05-20 07:43:59+00;87;26;202;2
1363;2026-05-20 07:48:16+00;2026-05-20 08:18:16+00;1800;5;201;3
1364;2026-05-20 07:49:09+00;2026-05-20 08:48:09+00;3540;14;200;13
1365;2026-05-20 07:58:38+00;2026-05-20 08:00:07+00;89;27;200;2
1366;2026-05-20 08:04:54+00;2026-05-20 08:06:37+00;103;25;213;2
1367;2026-05-20 08:09:11+00;2026-05-20 08:11:02+00;111;16;211;2
1368;2026-05-20 08:16:25+00;2026-05-20 08:18:20+00;115;29;209;2
1369;2026-05-20 08:25:05+00;2026-05-20 08:27:01+00;116;10;208;2
1370;2026-05-20 08:30:02+00;2026-05-20 09:51:02+00;4860;149;200;13
1371;2026-05-20 08:30:39+00;2026-05-20 09:35:39+00;3900;148;212;19
1372;2026-05-20 08:35:02+00;2026-05-20 08:36:16+00;74;22;221;2
1373;2026-05-20 08:36:21+00;2026-05-20 08:37:15+00;54;12;221;2
1374;2026-05-20 08:41:09+00;2026-05-20 08:42:50+00;101;27;220;2
1375;2026-05-20 08:41:29+00;2026-05-20 08:42:21+00;52;30;216;2
1376;2026-05-20 08:41:45+00;2026-05-20 08:43:09+00;84;18;213;2
1377;2026-05-20 08:42:48+00;2026-05-20 09:55:48+00;4380;61;211;19
1378;2026-05-20 08:43:01+00;2026-05-20 10:13:01+00;5400;12;216;13
1379;2026-05-20 08:49:34+00;2026-05-20 08:51:33+00;119;25;218;2
1380;2026-05-20 09:12:38+00;2026-05-20 09:13:58+00;80;10;212;2
1381;2026-05-20 09:15:25+00;2026-05-20 09:16:45+00;80;17;212;2
1382;2026-05-20 09:16:25+00;2026-05-20 09:17:55+00;90;26;222;2
1383;2026-05-20 09:17:02+00;2026-05-20 09:18:51+00;109;11;214;2
1384;2026-05-20 09:17:55+00;2026-05-20 09:18:44+00;49;21;210;2
1385;2026-05-20 09:26:17+00;2026-05-20 10:43:17+00;4620;88;212;14
1386;2026-05-20 09:28:47+00;2026-05-20 10:04:47+00;2160;146;208;14
1387;2026-05-20 09:30:35+00;2026-05-20 09:31:34+00;59;11;213;2
1388;2026-05-20 09:33:48+00;2026-05-20 11:01:48+00;5280;88;217;13
1389;2026-05-20 09:43:44+00;2026-05-20 09:45:35+00;111;23;213;2
1390;2026-05-20 09:50:18+00;2026-05-20 11:12:18+00;4920;11;215;13
1391;2026-05-20 09:51:24+00;2026-05-20 09:52:26+00;62;28;209;2
1392;2026-05-20 10:00:16+00;2026-05-20 10:01:34+00;78;24;219;2
1393;2026-05-20 10:03:12+00;2026-05-20 11:16:12+00;4380;85;201;13
1394;2026-05-20 10:04:07+00;2026-05-20 10:19:07+00;900;78;205;13
1395;2026-05-20 10:08:20+00;2026-05-20 10:09:06+00;46;17;218;2
1396;2026-05-20 10:09:36+00;2026-05-20 11:36:36+00;5220;48;222;14
1397;2026-05-20 10:13:22+00;2026-05-20 11:32:22+00;4740;23;203;14
1398;2026-05-20 10:17:56+00;2026-05-20 10:19:18+00;82;18;206;2
1399;2026-05-20 10:18:25+00;2026-05-20 10:20:11+00;106;22;223;2
1400;2026-05-20 10:28:45+00;2026-05-20 10:29:41+00;56;30;205;2
1401;2026-05-20 10:28:57+00;2026-05-20 10:30:10+00;73;24;217;2
1402;2026-05-20 10:31:00+00;2026-05-20 11:04:00+00;1980;7;211;3
1403;2026-05-20 10:31:11+00;2026-05-20 11:09:11+00;2280;9;214;3
1404;2026-05-20 10:38:30+00;2026-05-20 10:39:17+00;47;19;214;2
1405;2026-05-20 10:44:05+00;2026-05-20 11:17:05+00;1980;55;200;13
1406;2026-05-20 10:46:05+00;2026-05-20 10:47:43+00;98;21;206;2
1407;2026-05-20 10:58:25+00;2026-05-20 10:59:22+00;57;23;221;2
1408;2026-05-20 11:00:27+00;2026-05-20 11:01:21+00;54;11;222;2
1409;2026-05-20 11:00:43+00;2026-05-20 11:33:43+00;1980;22;200;13
1410;2026-05-20 11:05:19+00;2026-05-20 11:06:47+00;88;24;211;2
1411;2026-05-20 11:14:09+00;2026-05-20 11:56:09+00;2520;89;200;14
1412;2026-05-20 11:14:42+00;2026-05-20 12:27:42+00;4380;81;220;19
1413;2026-05-20 11:14:48+00;2026-05-20 11:15:53+00;65;14;207;2
1414;2026-05-20 11:17:01+00;2026-05-20 11:18:44+00;103;22;214;2
1415;2026-05-20 11:17:37+00;2026-05-20 11:57:37+00;2400;111;204;14
1416;2026-05-20 11:26:41+00;2026-05-20 12:56:41+00;5400;23;201;19
1417;2026-05-20 11:28:23+00;2026-05-20 12:03:23+00;2100;15;205;13
1418;2026-05-20 11:28:53+00;2026-05-20 12:00:53+00;1920;7;221;3
1419;2026-05-20 11:32:14+00;2026-05-20 12:07:14+00;2100;6;217;3
1420;2026-05-20 11:48:17+00;2026-05-20 11:49:13+00;56;17;208;2
1421;2026-05-20 11:52:12+00;2026-05-20 13:16:12+00;5040;97;207;13
1422;2026-05-20 11:59:44+00;2026-05-20 12:00:53+00;69;25;211;2
1423;2026-05-20 12:00:34+00;2026-05-20 13:20:34+00;4800;86;202;13
1424;2026-05-20 12:03:20+00;2026-05-20 12:04:32+00;72;29;215;2
1425;2026-05-20 12:04:01+00;2026-05-20 12:05:57+00;116;21;216;2
1426;2026-05-20 12:09:20+00;2026-05-20 12:51:20+00;2520;133;211;14
1427;2026-05-20 12:13:38+00;2026-05-20 12:14:52+00;74;21;217;2
1428;2026-05-20 12:17:18+00;2026-05-20 12:19:12+00;114;13;215;2
1429;2026-05-20 12:22:59+00;2026-05-20 12:23:53+00;54;24;216;2
1430;2026-05-20 12:23:17+00;2026-05-20 12:24:12+00;55;24;203;2
1431;2026-05-20 12:34:31+00;2026-05-20 12:35:27+00;56;10;215;2
1432;2026-05-20 12:39:41+00;2026-05-20 13:14:41+00;2100;97;201;13
1433;2026-05-20 12:42:18+00;2026-05-20 12:43:55+00;97;14;203;2
1434;2026-05-20 12:44:32+00;2026-05-20 14:08:32+00;5040;20;220;13
1435;2026-05-20 12:44:53+00;2026-05-20 12:46:06+00;73;30;203;2
1436;2026-05-20 12:49:11+00;2026-05-20 12:50:06+00;55;13;206;2
1437;2026-05-20 12:51:20+00;2026-05-20 12:52:05+00;45;12;220;2
1438;2026-05-20 12:52:28+00;2026-05-20 13:14:28+00;1320;23;216;14
1439;2026-05-20 12:57:38+00;2026-05-20 13:53:38+00;3360;45;218;13
1440;2026-05-20 12:59:00+00;2026-05-20 13:00:01+00;61;22;216;2
1441;2026-05-20 13:00:14+00;2026-05-20 13:23:14+00;1380;144;222;14
1442;2026-05-20 13:11:02+00;2026-05-20 13:12:21+00;79;12;205;2
1443;2026-05-20 13:17:22+00;2026-05-20 13:39:22+00;1320;57;219;19
1444;2026-05-20 13:18:41+00;2026-05-20 13:36:41+00;1080;89;210;19
1445;2026-05-20 13:27:55+00;2026-05-20 13:28:44+00;49;17;219;2
1446;2026-05-20 13:28:54+00;2026-05-20 14:34:54+00;3960;69;204;14
1447;2026-05-20 13:41:45+00;2026-05-20 14:05:45+00;1440;10;213;3
1448;2026-05-20 13:42:01+00;2026-05-20 14:18:01+00;2160;38;205;13
1449;2026-05-20 13:45:25+00;2026-05-20 15:14:25+00;5340;120;217;13
1450;2026-05-20 13:46:11+00;2026-05-20 13:47:40+00;89;18;202;2
1451;2026-05-20 13:52:27+00;2026-05-20 15:13:27+00;4860;90;204;19
1452;2026-05-20 13:57:56+00;2026-05-20 14:57:56+00;3600;144;212;14
1453;2026-05-20 13:58:00+00;2026-05-20 14:26:00+00;1680;7;205;3
1454;2026-05-20 14:13:03+00;2026-05-20 14:39:03+00;1560;10;201;1
1455;2026-05-20 14:21:07+00;2026-05-20 14:22:34+00;87;25;207;2
1456;2026-05-20 14:21:57+00;2026-05-20 14:23:53+00;116;30;211;2
1457;2026-05-20 14:22:59+00;2026-05-20 15:21:59+00;3540;72;220;14
1458;2026-05-20 14:24:29+00;2026-05-20 15:06:29+00;2520;107;211;14
1459;2026-05-20 14:27:41+00;2026-05-20 15:28:41+00;3660;84;218;19
1460;2026-05-20 14:33:01+00;2026-05-20 14:34:31+00;90;17;222;2
1461;2026-05-20 14:35:39+00;2026-05-20 16:04:39+00;5340;47;219;19
1462;2026-05-20 14:37:42+00;2026-05-20 15:11:42+00;2040;52;209;14
1463;2026-05-20 14:38:48+00;2026-05-20 15:05:48+00;1620;9;212;3
1464;2026-05-20 14:40:19+00;2026-05-20 15:01:19+00;1260;7;215;3
1465;2026-05-20 14:43:40+00;2026-05-20 14:44:36+00;56;25;216;2
1466;2026-05-20 14:44:03+00;2026-05-20 15:02:03+00;1080;106;221;14
1467;2026-05-20 14:45:15+00;2026-05-20 15:10:15+00;1500;70;222;14
1468;2026-05-20 14:46:33+00;2026-05-20 14:47:37+00;64;17;214;2
1469;2026-05-20 14:52:10+00;2026-05-20 14:53:58+00;108;18;202;2
1470;2026-05-20 14:56:32+00;2026-05-20 15:11:32+00;900;115;207;13
1471;2026-05-20 14:57:20+00;2026-05-20 15:46:20+00;2940;126;220;19
1472;2026-05-20 15:02:52+00;2026-05-20 15:04:18+00;86;12;216;2
1473;2026-05-20 15:03:23+00;2026-05-20 15:04:43+00;80;11;214;2
1474;2026-05-20 15:03:58+00;2026-05-20 15:04:59+00;61;12;207;2
1475;2026-05-20 15:12:05+00;2026-05-20 16:26:05+00;4440;38;215;13
1476;2026-05-20 15:13:42+00;2026-05-20 15:49:42+00;2160;111;204;19
1477;2026-05-20 15:14:55+00;2026-05-20 16:20:55+00;3960;131;212;14
1478;2026-05-20 15:19:19+00;2026-05-20 15:20:50+00;91;12;206;2
1479;2026-05-20 15:21:22+00;2026-05-20 16:00:22+00;2340;6;216;3
1480;2026-05-20 15:23:32+00;2026-05-20 16:19:32+00;3360;127;217;13
1481;2026-05-20 15:23:33+00;2026-05-20 15:25:15+00;102;21;205;2
1482;2026-05-20 15:25:35+00;2026-05-20 15:27:10+00;95;25;221;2
1483;2026-05-20 15:35:24+00;2026-05-20 15:37:14+00;110;13;218;2
1484;2026-05-20 15:38:12+00;2026-05-20 15:40:07+00;115;11;200;2
1485;2026-05-20 15:42:12+00;2026-05-20 15:43:43+00;91;11;208;2
1486;2026-05-20 15:47:26+00;2026-05-20 16:45:26+00;3480;31;216;19
1487;2026-05-20 15:48:33+00;2026-05-20 16:14:33+00;1560;68;212;19
1488;2026-05-20 15:49:39+00;2026-05-20 15:50:44+00;65;17;217;2
1489;2026-05-20 15:53:33+00;2026-05-20 15:54:34+00;61;21;203;2
1490;2026-05-20 15:59:31+00;2026-05-20 17:06:31+00;4020;35;222;14
1491;2026-05-20 16:04:03+00;2026-05-20 16:05:36+00;93;28;223;2
1492;2026-05-20 16:09:29+00;2026-05-20 16:10:31+00;62;15;209;2
1493;2026-05-20 16:11:01+00;2026-05-20 16:12:43+00;102;30;217;2
1494;2026-05-20 16:14:09+00;2026-05-20 16:49:09+00;2100;70;211;14
1495;2026-05-20 16:14:10+00;2026-05-20 16:15:42+00;92;27;201;2
1496;2026-05-20 16:24:57+00;2026-05-20 16:26:35+00;98;16;204;2
1497;2026-05-20 16:40:11+00;2026-05-20 16:41:56+00;105;18;212;2
1498;2026-05-20 16:45:53+00;2026-05-20 16:47:43+00;110;19;221;2
1499;2026-05-20 17:01:22+00;2026-05-20 17:02:26+00;64;19;219;2
1500;2026-05-20 17:01:50+00;2026-05-20 18:31:50+00;5400;141;218;14
1501;2026-05-20 17:02:20+00;2026-05-20 17:04:19+00;119;27;200;2
1502;2026-05-20 17:04:07+00;2026-05-20 18:06:07+00;3720;86;200;14
1503;2026-05-20 17:16:33+00;2026-05-20 17:53:33+00;2220;110;214;13
1504;2026-05-20 17:18:51+00;2026-05-20 18:31:51+00;4380;56;215;14
1505;2026-05-20 17:26:04+00;2026-05-20 17:26:46+00;42;18;204;2
1506;2026-05-20 17:33:24+00;2026-05-20 17:35:13+00;109;23;205;2
1507;2026-05-20 17:35:52+00;2026-05-20 17:36:45+00;53;22;204;2
1508;2026-05-20 17:37:52+00;2026-05-20 17:59:52+00;1320;143;219;19
1509;2026-05-20 17:43:33+00;2026-05-20 17:44:16+00;43;20;221;2
1510;2026-05-20 17:43:57+00;2026-05-20 17:45:04+00;67;14;222;2
1511;2026-05-20 17:45:09+00;2026-05-20 17:46:17+00;68;21;222;2
1512;2026-05-20 17:48:12+00;2026-05-20 17:49:44+00;92;21;218;2
1513;2026-05-20 17:49:14+00;2026-05-20 18:15:14+00;1560;127;204;13
1514;2026-05-20 17:52:12+00;2026-05-20 18:14:12+00;1320;68;201;13
1515;2026-05-20 17:54:15+00;2026-05-20 17:56:15+00;120;10;212;2
1516;2026-05-20 17:55:36+00;2026-05-20 17:56:41+00;65;14;210;2
1517;2026-05-20 17:59:15+00;2026-05-20 18:31:15+00;1920;85;221;14
1518;2026-05-20 18:06:52+00;2026-05-20 18:07:56+00;64;21;203;2
1519;2026-05-20 18:07:09+00;2026-05-20 18:40:09+00;1980;95;217;13
1520;2026-05-20 18:23:05+00;2026-05-20 18:38:05+00;900;84;222;19
1521;2026-05-20 18:28:03+00;2026-05-20 18:29:18+00;75;30;214;2
1522;2026-05-20 18:30:24+00;2026-05-20 19:03:24+00;1980;30;210;19
1523;2026-05-20 18:35:57+00;2026-05-20 18:37:04+00;67;16;212;2
1524;2026-05-20 18:37:53+00;2026-05-20 19:00:53+00;1380;92;203;13
1525;2026-05-20 18:43:20+00;2026-05-20 19:17:20+00;2040;131;209;13
1526;2026-05-20 18:46:26+00;2026-05-20 18:47:20+00;54;26;208;2
1527;2026-05-20 18:49:18+00;2026-05-20 18:50:53+00;95;10;216;2
1528;2026-05-20 18:51:25+00;2026-05-20 19:07:25+00;960;54;203;13
1529;2026-05-20 18:52:28+00;2026-05-20 18:53:34+00;66;28;212;2
1530;2026-05-20 19:02:38+00;2026-05-20 19:22:38+00;1200;86;209;19
1531;2026-05-20 19:05:42+00;2026-05-20 19:06:56+00;74;12;201;2
1532;2026-05-20 19:06:02+00;2026-05-20 19:06:48+00;46;11;208;2
1533;2026-05-20 19:19:56+00;2026-05-20 20:10:56+00;3060;106;214;13
1534;2026-05-20 19:20:56+00;2026-05-20 19:22:44+00;108;10;201;2
1535;2026-05-20 19:28:05+00;2026-05-20 19:54:05+00;1560;115;221;13
1536;2026-05-20 19:30:01+00;2026-05-20 19:31:28+00;87;26;221;2
1537;2026-05-20 19:38:40+00;2026-05-20 19:39:43+00;63;30;206;2
1538;2026-05-20 19:39:40+00;2026-05-20 20:34:40+00;3300;59;207;19
1539;2026-05-20 19:44:15+00;2026-05-20 20:09:15+00;1500;56;216;13
1540;2026-05-20 19:53:45+00;2026-05-20 20:55:45+00;3720;79;203;19
1541;2026-05-20 19:59:54+00;2026-05-20 20:01:39+00;105;14;214;2
1542;2026-05-20 20:02:09+00;2026-05-20 20:03:44+00;95;15;211;2
1543;2026-05-20 20:15:05+00;2026-05-20 21:07:05+00;3120;86;219;19
1544;2026-05-20 20:19:04+00;2026-05-20 20:20:20+00;76;10;217;2
1545;2026-05-20 20:22:09+00;2026-05-20 20:23:59+00;110;10;218;2
1546;2026-05-20 20:25:02+00;2026-05-20 20:25:54+00;52;20;215;2
1547;2026-05-20 20:31:08+00;2026-05-20 21:11:08+00;2400;83;201;19
1548;2026-05-20 20:34:32+00;2026-05-20 20:35:48+00;76;27;204;2
1549;2026-05-20 20:36:37+00;2026-05-20 20:38:21+00;104;11;203;2
1550;2026-05-20 20:38:15+00;2026-05-20 20:59:15+00;1260;130;203;19
1551;2026-05-20 20:39:18+00;2026-05-20 21:19:18+00;2400;45;211;19
1552;2026-05-20 21:04:56+00;2026-05-20 21:19:56+00;900;13;202;13
1553;2026-05-20 21:05:00+00;2026-05-20 22:27:00+00;4920;94;207;19
1554;2026-05-20 21:07:51+00;2026-05-20 21:09:09+00;78;27;215;2
1555;2026-05-20 21:31:49+00;2026-05-20 22:27:49+00;3360;121;223;13
1556;2026-05-20 21:32:18+00;2026-05-20 21:33:38+00;80;30;219;2
1557;2026-05-20 21:35:11+00;2026-05-20 22:17:11+00;2520;42;203;14
1558;2026-05-20 21:35:19+00;2026-05-20 23:02:19+00;5220;139;208;13
1559;2026-05-20 21:44:21+00;2026-05-20 22:17:21+00;1980;80;216;13
1560;2026-05-20 21:49:16+00;2026-05-20 22:26:16+00;2220;102;205;19
1561;2026-05-20 21:56:40+00;2026-05-20 22:37:40+00;2460;102;214;14
1562;2026-05-20 22:00:38+00;2026-05-20 22:02:33+00;115;26;215;2
1563;2026-05-20 22:06:05+00;2026-05-20 22:40:05+00;2040;108;209;13
1564;2026-05-20 22:06:14+00;2026-05-20 22:07:45+00;91;10;211;2
1565;2026-05-20 22:09:24+00;2026-05-20 22:10:51+00;87;19;220;2
1566;2026-05-20 22:10:21+00;2026-05-20 23:25:21+00;4500;129;223;14
1567;2026-05-20 22:19:19+00;2026-05-20 22:21:11+00;112;13;200;2
1568;2026-05-20 22:20:43+00;2026-05-20 22:22:31+00;108;14;216;2
1569;2026-05-20 22:26:19+00;2026-05-20 23:20:19+00;3240;87;215;14
1570;2026-05-20 22:30:50+00;2026-05-20 22:32:48+00;118;26;223;2
1571;2026-05-20 22:33:39+00;2026-05-20 22:59:39+00;1560;55;209;14
1572;2026-05-20 22:38:44+00;2026-05-20 22:39:40+00;56;23;202;2
1573;2026-05-20 22:40:08+00;2026-05-20 22:41:55+00;107;18;203;2
1574;2026-05-20 22:41:30+00;2026-05-20 22:42:18+00;48;30;217;2
1575;2026-05-20 22:42:28+00;2026-05-20 22:43:55+00;87;25;201;2
1576;2026-05-20 22:48:37+00;2026-05-20 22:49:26+00;49;27;205;2
1577;2026-05-20 22:52:46+00;2026-05-21 00:03:46+00;4260;100;223;13
1578;2026-05-20 22:53:25+00;2026-05-20 23:24:25+00;1860;110;219;14
1579;2026-05-20 22:55:19+00;2026-05-20 23:35:19+00;2400;114;204;19
1580;2026-05-20 22:57:53+00;2026-05-20 23:31:53+00;2040;35;201;14
1581;2026-05-20 23:03:20+00;2026-05-20 23:05:15+00;115;17;210;2
1582;2026-05-20 23:07:56+00;2026-05-20 23:09:25+00;89;27;218;2
1583;2026-05-20 23:17:15+00;2026-05-20 23:18:05+00;50;30;205;2
1584;2026-05-20 23:18:29+00;2026-05-21 00:26:29+00;4080;45;206;13
1585;2026-05-20 23:28:04+00;2026-05-20 23:29:03+00;59;25;209;2
1586;2026-05-20 23:30:49+00;2026-05-20 23:32:40+00;111;28;212;2
1587;2026-05-20 23:32:47+00;2026-05-21 00:34:47+00;3720;142;206;19
1588;2026-05-20 23:37:04+00;2026-05-20 23:38:43+00;99;15;203;2
1589;2026-05-20 23:40:30+00;2026-05-21 00:57:30+00;4620;126;220;14
1590;2026-05-20 23:44:44+00;2026-05-21 00:53:44+00;4140;112;213;13
1591;2026-05-20 23:52:29+00;2026-05-21 00:16:29+00;1440;12;210;19
1592;2026-05-20 23:54:50+00;2026-05-20 23:56:17+00;87;22;220;2
1593;2026-05-20 23:59:43+00;2026-05-21 00:01:25+00;102;17;211;2
1594;2026-05-21 00:17:55+00;2026-05-21 00:19:09+00;74;30;220;2
1595;2026-05-21 00:23:17+00;2026-05-21 00:24:49+00;92;18;213;2
1596;2026-05-21 00:25:54+00;2026-05-21 00:27:29+00;95;15;220;2
1597;2026-05-21 00:32:58+00;2026-05-21 00:34:32+00;94;23;223;2
1598;2026-05-21 00:35:07+00;2026-05-21 00:36:35+00;88;21;205;2
1599;2026-05-21 00:39:44+00;2026-05-21 00:40:33+00;49;12;205;2
1600;2026-05-21 00:40:07+00;2026-05-21 00:41:37+00;90;29;206;2
1601;2026-05-21 00:44:57+00;2026-05-21 00:46:25+00;88;29;223;2
1602;2026-05-21 00:45:43+00;2026-05-21 00:47:36+00;113;10;207;2
1603;2026-05-21 00:49:30+00;2026-05-21 00:51:19+00;109;16;206;2
1604;2026-05-21 00:58:15+00;2026-05-21 00:59:44+00;89;14;200;2
1605;2026-05-21 06:01:40+00;2026-05-21 06:19:40+00;1080;130;220;19
1606;2026-05-21 06:04:22+00;2026-05-21 07:19:22+00;4500;127;212;14
1607;2026-05-21 06:23:44+00;2026-05-21 06:25:36+00;112;29;219;2
1608;2026-05-21 06:24:39+00;2026-05-21 06:53:39+00;1740;39;208;19
1609;2026-05-21 06:31:21+00;2026-05-21 07:29:21+00;3480;106;205;19
1610;2026-05-21 06:36:37+00;2026-05-21 07:26:37+00;3000;16;203;19
1611;2026-05-21 06:40:13+00;2026-05-21 07:26:13+00;2760;97;207;13
1612;2026-05-21 06:45:32+00;2026-05-21 07:58:32+00;4380;121;205;19
1613;2026-05-21 06:48:34+00;2026-05-21 06:50:21+00;107;11;203;2
1614;2026-05-21 06:48:56+00;2026-05-21 06:50:43+00;107;23;211;2
1615;2026-05-21 06:55:06+00;2026-05-21 06:56:07+00;61;29;215;2
1616;2026-05-21 06:57:47+00;2026-05-21 06:58:57+00;70;30;212;2
1617;2026-05-21 07:02:22+00;2026-05-21 07:49:22+00;2820;78;215;19
1618;2026-05-21 07:03:08+00;2026-05-21 08:24:08+00;4860;107;221;13
1619;2026-05-21 07:08:05+00;2026-05-21 07:09:16+00;71;19;216;2
1620;2026-05-21 07:12:52+00;2026-05-21 08:31:52+00;4740;131;203;13
1621;2026-05-21 07:23:20+00;2026-05-21 07:24:41+00;81;29;222;2
1622;2026-05-21 07:36:11+00;2026-05-21 07:37:09+00;58;28;208;2
1623;2026-05-21 07:48:26+00;2026-05-21 08:16:26+00;1680;7;204;3
1624;2026-05-21 07:51:34+00;2026-05-21 09:07:34+00;4560;136;220;13
1625;2026-05-21 07:55:25+00;2026-05-21 09:17:25+00;4920;150;200;19
1626;2026-05-21 07:56:26+00;2026-05-21 07:57:58+00;92;20;201;2
1627;2026-05-21 08:01:08+00;2026-05-21 09:09:08+00;4080;138;219;13
1628;2026-05-21 08:07:40+00;2026-05-21 09:05:40+00;3480;98;214;19
1629;2026-05-21 08:10:30+00;2026-05-21 08:11:56+00;86;15;218;2
1630;2026-05-21 08:27:44+00;2026-05-21 08:28:41+00;57;25;209;2
1631;2026-05-21 08:38:05+00;2026-05-21 09:01:05+00;1380;140;213;14
1632;2026-05-21 08:40:35+00;2026-05-21 08:41:50+00;75;21;217;2
1633;2026-05-21 08:41:20+00;2026-05-21 08:42:16+00;56;14;223;2
1634;2026-05-21 08:43:54+00;2026-05-21 08:44:40+00;46;26;209;2
1635;2026-05-21 08:54:53+00;2026-05-21 09:56:53+00;3720;68;213;13
1636;2026-05-21 08:59:16+00;2026-05-21 09:35:16+00;2160;9;210;3
1637;2026-05-21 08:59:38+00;2026-05-21 09:36:38+00;2220;7;214;3
1638;2026-05-21 09:02:51+00;2026-05-21 10:00:51+00;3480;65;218;14
1639;2026-05-21 09:04:58+00;2026-05-21 09:05:57+00;59;19;208;2
1640;2026-05-21 09:07:51+00;2026-05-21 10:20:51+00;4380;133;201;13
1641;2026-05-21 09:08:23+00;2026-05-21 09:09:51+00;88;27;220;2
1642;2026-05-21 09:12:09+00;2026-05-21 09:13:25+00;76;27;210;2
1643;2026-05-21 09:15:48+00;2026-05-21 09:16:44+00;56;11;221;2
1644;2026-05-21 09:26:39+00;2026-05-21 10:23:39+00;3420;128;202;13
1645;2026-05-21 09:28:47+00;2026-05-21 10:06:47+00;2280;102;217;14
1646;2026-05-21 09:32:43+00;2026-05-21 09:33:47+00;64;15;213;2
1647;2026-05-21 09:45:58+00;2026-05-21 09:46:46+00;48;17;207;2
1648;2026-05-21 09:47:48+00;2026-05-21 11:12:48+00;5100;63;217;19
1649;2026-05-21 09:49:22+00;2026-05-21 10:10:22+00;1260;75;204;14
1650;2026-05-21 09:50:07+00;2026-05-21 10:23:07+00;1980;6;207;3
1651;2026-05-21 09:53:18+00;2026-05-21 09:54:35+00;77;16;209;2
1652;2026-05-21 09:55:39+00;2026-05-21 11:05:39+00;4200;101;200;19
1653;2026-05-21 10:16:15+00;2026-05-21 10:17:59+00;104;23;216;2
1654;2026-05-21 10:17:53+00;2026-05-21 10:19:34+00;101;15;223;2
1655;2026-05-21 10:21:35+00;2026-05-21 11:39:35+00;4680;137;221;14
1656;2026-05-21 10:27:03+00;2026-05-21 11:41:03+00;4440;78;223;19
1657;2026-05-21 10:31:09+00;2026-05-21 10:32:50+00;101;19;206;2
1658;2026-05-21 10:32:24+00;2026-05-21 10:34:05+00;101;27;201;2
1659;2026-05-21 10:40:34+00;2026-05-21 10:41:50+00;76;19;219;2
1660;2026-05-21 10:41:54+00;2026-05-21 11:10:54+00;1740;9;206;3
1661;2026-05-21 10:44:37+00;2026-05-21 12:10:37+00;5160;101;208;19
1662;2026-05-21 10:49:27+00;2026-05-21 11:22:27+00;1980;7;209;3
1663;2026-05-21 10:50:57+00;2026-05-21 11:45:57+00;3300;61;206;19
1664;2026-05-21 10:54:18+00;2026-05-21 10:56:16+00;118;16;219;2
1665;2026-05-21 10:55:09+00;2026-05-21 11:57:09+00;3720;149;213;19
1666;2026-05-21 10:56:41+00;2026-05-21 10:58:11+00;90;29;216;2
1667;2026-05-21 10:59:30+00;2026-05-21 11:52:30+00;3180;104;205;13
1668;2026-05-21 11:02:26+00;2026-05-21 11:04:11+00;105;27;205;2
1669;2026-05-21 11:02:53+00;2026-05-21 11:03:47+00;54;23;206;2
1670;2026-05-21 11:03:40+00;2026-05-21 12:11:40+00;4080;144;209;13
1671;2026-05-21 11:04:24+00;2026-05-21 11:19:24+00;900;7;207;1
1672;2026-05-21 11:13:42+00;2026-05-21 11:15:33+00;111;15;200;2
1673;2026-05-21 11:15:28+00;2026-05-21 11:17:10+00;102;18;202;2
1674;2026-05-21 11:21:59+00;2026-05-21 11:23:34+00;95;17;210;2
1675;2026-05-21 11:29:56+00;2026-05-21 12:22:56+00;3180;114;203;14
1676;2026-05-21 11:31:15+00;2026-05-21 11:32:21+00;66;14;211;2
1677;2026-05-21 11:32:55+00;2026-05-21 11:34:24+00;89;29;220;2
1678;2026-05-21 11:46:15+00;2026-05-21 12:08:15+00;1320;6;222;3
1679;2026-05-21 11:46:43+00;2026-05-21 12:37:43+00;3060;19;210;13
1680;2026-05-21 11:48:47+00;2026-05-21 13:09:47+00;4860;135;213;19
1681;2026-05-21 11:51:10+00;2026-05-21 12:49:10+00;3480;90;209;14
1682;2026-05-21 11:51:22+00;2026-05-21 11:52:42+00;80;24;202;2
1683;2026-05-21 12:03:30+00;2026-05-21 12:18:30+00;900;71;210;19
1684;2026-05-21 12:03:48+00;2026-05-21 12:04:28+00;40;26;211;2
1685;2026-05-21 12:09:49+00;2026-05-21 12:10:47+00;58;15;204;2
1686;2026-05-21 12:13:53+00;2026-05-21 12:14:43+00;50;21;214;2
1687;2026-05-21 12:13:53+00;2026-05-21 12:51:53+00;2280;60;219;13
1688;2026-05-21 12:14:54+00;2026-05-21 13:04:54+00;3000;143;217;19
1689;2026-05-21 12:17:02+00;2026-05-21 12:17:59+00;57;13;205;2
1690;2026-05-21 12:18:33+00;2026-05-21 13:35:33+00;4620;114;211;14
1691;2026-05-21 12:21:54+00;2026-05-21 12:50:54+00;1740;5;222;1
1692;2026-05-21 12:25:44+00;2026-05-21 13:30:44+00;3900;118;206;19
1693;2026-05-21 12:29:55+00;2026-05-21 13:44:55+00;4500;54;218;13
1694;2026-05-21 12:32:02+00;2026-05-21 12:48:02+00;960;77;223;14
1695;2026-05-21 12:32:33+00;2026-05-21 13:10:33+00;2280;70;220;14
1696;2026-05-21 12:38:52+00;2026-05-21 12:40:38+00;106;28;215;2
1697;2026-05-21 12:43:24+00;2026-05-21 12:44:23+00;59;20;208;2
1698;2026-05-21 12:46:26+00;2026-05-21 13:20:26+00;2040;121;200;13
1699;2026-05-21 12:46:56+00;2026-05-21 12:48:11+00;75;15;215;2
1700;2026-05-21 12:54:44+00;2026-05-21 12:55:52+00;68;18;214;2
1701;2026-05-21 12:57:09+00;2026-05-21 14:15:09+00;4680;126;216;19
1702;2026-05-21 12:59:06+00;2026-05-21 13:00:42+00;96;10;214;2
1703;2026-05-21 12:59:27+00;2026-05-21 13:00:29+00;62;23;210;2
1704;2026-05-21 13:02:51+00;2026-05-21 13:31:51+00;1740;9;201;1
1705;2026-05-21 13:11:25+00;2026-05-21 13:42:25+00;1860;118;204;13
1706;2026-05-21 13:21:59+00;2026-05-21 14:46:59+00;5100;108;216;14
1707;2026-05-21 13:26:06+00;2026-05-21 13:28:01+00;115;23;206;2
1708;2026-05-21 13:27:06+00;2026-05-21 13:27:48+00;42;25;207;2
1709;2026-05-21 13:28:37+00;2026-05-21 13:30:34+00;117;24;220;2
1710;2026-05-21 14:00:24+00;2026-05-21 14:02:03+00;99;21;221;2
1711;2026-05-21 14:03:18+00;2026-05-21 14:18:18+00;900;30;221;19
1712;2026-05-21 14:06:22+00;2026-05-21 14:55:22+00;2940;41;207;13
1713;2026-05-21 14:08:53+00;2026-05-21 14:10:45+00;112;24;217;2
1714;2026-05-21 14:17:08+00;2026-05-21 14:19:00+00;112;16;210;2
1715;2026-05-21 14:23:50+00;2026-05-21 14:46:50+00;1380;73;215;19
1716;2026-05-21 14:24:45+00;2026-05-21 14:26:31+00;106;16;204;2
1717;2026-05-21 14:34:48+00;2026-05-21 14:35:56+00;68;19;220;2
1718;2026-05-21 14:34:49+00;2026-05-21 15:38:49+00;3840;16;211;13
1719;2026-05-21 14:38:28+00;2026-05-21 14:58:28+00;1200;5;208;3
1720;2026-05-21 14:38:47+00;2026-05-21 15:20:47+00;2520;37;202;19
1721;2026-05-21 14:41:27+00;2026-05-21 15:57:27+00;4560;54;221;13
1722;2026-05-21 14:42:04+00;2026-05-21 15:40:04+00;3480;109;220;19
1723;2026-05-21 14:43:32+00;2026-05-21 14:44:33+00;61;23;206;2
1724;2026-05-21 14:47:48+00;2026-05-21 16:06:48+00;4740;145;202;19
1725;2026-05-21 15:02:31+00;2026-05-21 15:53:31+00;3060;68;217;19
1726;2026-05-21 15:04:12+00;2026-05-21 15:06:11+00;119;17;221;2
1727;2026-05-21 15:10:45+00;2026-05-21 15:40:45+00;1800;10;216;3
1728;2026-05-21 15:22:21+00;2026-05-21 15:24:06+00;105;19;218;2
1729;2026-05-21 15:31:09+00;2026-05-21 16:30:09+00;3540;106;218;19
1730;2026-05-21 15:31:44+00;2026-05-21 16:14:44+00;2580;49;222;19
1731;2026-05-21 15:32:30+00;2026-05-21 16:56:30+00;5040;22;201;14
1732;2026-05-21 15:38:21+00;2026-05-21 15:40:20+00;119;27;210;2
1733;2026-05-21 15:41:06+00;2026-05-21 16:10:06+00;1740;50;202;14
1734;2026-05-21 15:41:49+00;2026-05-21 15:42:53+00;64;24;208;2
1735;2026-05-21 15:55:07+00;2026-05-21 15:56:05+00;58;29;214;2
1736;2026-05-21 16:02:30+00;2026-05-21 16:55:30+00;3180;135;216;19
1737;2026-05-21 16:03:03+00;2026-05-21 16:04:34+00;91;25;216;2
1738;2026-05-21 16:11:35+00;2026-05-21 17:28:35+00;4620;122;207;19
1739;2026-05-21 16:13:07+00;2026-05-21 16:13:54+00;47;12;203;2
1740;2026-05-21 16:17:37+00;2026-05-21 16:18:31+00;54;11;215;2
1741;2026-05-21 16:18:15+00;2026-05-21 16:19:28+00;73;11;219;2
1742;2026-05-21 16:21:54+00;2026-05-21 17:30:54+00;4140;141;219;14
1743;2026-05-21 16:26:41+00;2026-05-21 16:28:19+00;98;11;213;2
1744;2026-05-21 16:31:03+00;2026-05-21 17:48:03+00;4620;90;210;19
1745;2026-05-21 16:33:08+00;2026-05-21 16:35:03+00;115;23;210;2
1746;2026-05-21 16:33:27+00;2026-05-21 16:35:13+00;106;23;213;2
1747;2026-05-21 16:37:37+00;2026-05-21 17:29:37+00;3120;57;211;19
1748;2026-05-21 16:42:21+00;2026-05-21 16:43:09+00;48;24;207;2
1749;2026-05-21 16:48:38+00;2026-05-21 17:45:38+00;3420;67;201;14
1750;2026-05-21 16:49:35+00;2026-05-21 18:15:35+00;5160;68;215;14
1751;2026-05-21 16:54:17+00;2026-05-21 17:39:17+00;2700;101;217;13
1752;2026-05-21 16:55:04+00;2026-05-21 16:56:53+00;109;29;203;2
1753;2026-05-21 16:58:32+00;2026-05-21 16:59:49+00;77;28;210;2
1754;2026-05-21 17:01:58+00;2026-05-21 17:03:53+00;115;10;200;2
1755;2026-05-21 17:02:12+00;2026-05-21 18:03:12+00;3660;137;210;19
1756;2026-05-21 17:02:14+00;2026-05-21 17:50:14+00;2880;31;217;19
1757;2026-05-21 17:05:38+00;2026-05-21 17:50:38+00;2700;146;212;14
1758;2026-05-21 17:13:48+00;2026-05-21 17:59:48+00;2760;88;214;13
1759;2026-05-21 17:16:15+00;2026-05-21 17:18:06+00;111;23;222;2
1760;2026-05-21 17:16:18+00;2026-05-21 17:17:01+00;43;27;217;2
1761;2026-05-21 17:19:41+00;2026-05-21 18:39:41+00;4800;128;211;13
1762;2026-05-21 17:19:47+00;2026-05-21 17:56:47+00;2220;130;214;14
1763;2026-05-21 17:29:51+00;2026-05-21 18:56:51+00;5220;118;206;13
1764;2026-05-21 17:32:06+00;2026-05-21 17:32:46+00;40;25;212;2
1765;2026-05-21 17:35:55+00;2026-05-21 18:28:55+00;3180;92;200;14
1766;2026-05-21 17:37:38+00;2026-05-21 17:38:39+00;61;21;200;2
1767;2026-05-21 17:38:42+00;2026-05-21 17:59:42+00;1260;14;222;19
1768;2026-05-21 17:38:57+00;2026-05-21 17:40:15+00;78;23;212;2
1769;2026-05-21 17:40:00+00;2026-05-21 17:41:37+00;97;15;202;2
1770;2026-05-21 17:46:55+00;2026-05-21 17:47:52+00;57;16;202;2
1771;2026-05-21 17:47:57+00;2026-05-21 18:04:57+00;1020;65;209;14
1772;2026-05-21 17:50:02+00;2026-05-21 18:11:02+00;1260;55;200;14
1773;2026-05-21 18:01:02+00;2026-05-21 18:02:41+00;99;11;212;2
1774;2026-05-21 18:01:04+00;2026-05-21 18:02:33+00;89;23;220;2
1775;2026-05-21 18:06:47+00;2026-05-21 18:07:37+00;50;17;206;2
1776;2026-05-21 18:11:42+00;2026-05-21 18:12:55+00;73;21;201;2
1777;2026-05-21 18:13:15+00;2026-05-21 18:34:15+00;1260;55;210;14
1778;2026-05-21 18:20:53+00;2026-05-21 19:26:53+00;3960;64;204;14
1779;2026-05-21 18:25:40+00;2026-05-21 18:27:28+00;108;18;206;2
1780;2026-05-21 18:26:11+00;2026-05-21 18:44:11+00;1080;39;204;19
1781;2026-05-21 18:28:30+00;2026-05-21 18:30:06+00;96;17;217;2
1782;2026-05-21 18:28:48+00;2026-05-21 19:52:48+00;5040;141;215;19
1783;2026-05-21 18:29:23+00;2026-05-21 18:58:23+00;1740;72;201;19
1784;2026-05-21 18:30:57+00;2026-05-21 18:52:57+00;1320;70;214;13
1785;2026-05-21 18:31:09+00;2026-05-21 19:15:09+00;2640;22;223;19
1786;2026-05-21 18:37:32+00;2026-05-21 18:39:19+00;107;10;207;2
1787;2026-05-21 18:42:33+00;2026-05-21 18:43:31+00;58;21;222;2
1788;2026-05-21 18:44:27+00;2026-05-21 18:46:08+00;101;13;222;2
1789;2026-05-21 18:46:46+00;2026-05-21 18:48:14+00;88;29;206;2
1790;2026-05-21 18:51:31+00;2026-05-21 19:21:31+00;1800;150;208;14
1791;2026-05-21 19:03:00+00;2026-05-21 19:04:58+00;118;13;223;2
1792;2026-05-21 19:03:44+00;2026-05-21 19:05:21+00;97;30;203;2
1793;2026-05-21 19:06:47+00;2026-05-21 19:07:57+00;70;21;205;2
1794;2026-05-21 19:22:54+00;2026-05-21 19:23:51+00;57;23;220;2
1795;2026-05-21 19:24:17+00;2026-05-21 19:25:58+00;101;19;209;2
1796;2026-05-21 19:25:31+00;2026-05-21 20:46:31+00;4860;139;213;14
1797;2026-05-21 19:25:53+00;2026-05-21 20:16:53+00;3060;63;222;19
1798;2026-05-21 19:26:16+00;2026-05-21 19:27:29+00;73;12;200;2
1799;2026-05-21 19:31:46+00;2026-05-21 20:51:46+00;4800;64;201;13
1800;2026-05-21 19:35:33+00;2026-05-21 19:36:49+00;76;29;223;2
1801;2026-05-21 19:39:59+00;2026-05-21 19:41:50+00;111;25;221;2
1802;2026-05-21 19:52:29+00;2026-05-21 21:18:29+00;5160;90;216;14
1803;2026-05-21 19:56:33+00;2026-05-21 19:58:04+00;91;24;202;2
1804;2026-05-21 19:58:54+00;2026-05-21 20:16:54+00;1080;60;208;19
1805;2026-05-21 20:03:42+00;2026-05-21 20:04:59+00;77;27;214;2
1806;2026-05-21 20:11:48+00;2026-05-21 20:13:44+00;116;27;208;2
1807;2026-05-21 20:12:06+00;2026-05-21 20:13:42+00;96;30;202;2
1808;2026-05-21 20:14:56+00;2026-05-21 20:16:20+00;84;18;205;2
1809;2026-05-21 20:21:51+00;2026-05-21 21:06:51+00;2700;54;204;14
1810;2026-05-21 20:33:31+00;2026-05-21 20:34:49+00;78;11;216;2
1811;2026-05-21 20:39:31+00;2026-05-21 20:40:15+00;44;15;216;2
1812;2026-05-21 20:44:52+00;2026-05-21 20:46:27+00;95;19;201;2
1813;2026-05-21 20:49:58+00;2026-05-21 20:50:38+00;40;25;220;2
1814;2026-05-21 20:50:11+00;2026-05-21 20:51:30+00;79;30;204;2
1815;2026-05-21 20:50:47+00;2026-05-21 20:52:19+00;92;26;221;2
1816;2026-05-21 20:53:23+00;2026-05-21 20:54:17+00;54;29;211;2
1817;2026-05-21 20:55:17+00;2026-05-21 20:57:15+00;118;15;217;2
1818;2026-05-21 20:59:08+00;2026-05-21 21:00:27+00;79;13;200;2
1819;2026-05-21 20:59:35+00;2026-05-21 21:00:26+00;51;23;209;2
1820;2026-05-21 21:07:14+00;2026-05-21 21:29:14+00;1320;65;220;19
1821;2026-05-21 21:09:14+00;2026-05-21 21:41:14+00;1920;79;220;19
1822;2026-05-21 21:15:25+00;2026-05-21 21:16:20+00;55;30;211;2
1823;2026-05-21 21:20:42+00;2026-05-21 21:21:32+00;50;12;223;2
1824;2026-05-21 21:20:55+00;2026-05-21 21:42:55+00;1320;62;218;13
1825;2026-05-21 21:30:57+00;2026-05-21 21:32:25+00;88;22;207;2
1826;2026-05-21 21:35:22+00;2026-05-21 22:58:22+00;4980;47;209;14
1827;2026-05-21 21:37:47+00;2026-05-21 21:39:11+00;84;10;204;2
1828;2026-05-21 21:46:31+00;2026-05-21 21:48:11+00;100;16;218;2
1829;2026-05-21 22:00:06+00;2026-05-21 22:01:01+00;55;29;200;2
1830;2026-05-21 22:10:18+00;2026-05-21 23:25:18+00;4500;62;221;14
1831;2026-05-21 22:14:01+00;2026-05-21 22:15:38+00;97;29;219;2
1832;2026-05-21 22:27:21+00;2026-05-21 23:45:21+00;4680;10;211;13
1833;2026-05-21 22:30:20+00;2026-05-21 22:31:33+00;73;14;218;2
1834;2026-05-21 22:34:31+00;2026-05-21 22:56:31+00;1320;116;210;14
1835;2026-05-21 22:45:53+00;2026-05-21 22:47:09+00;76;19;213;2
1836;2026-05-21 22:48:09+00;2026-05-21 22:49:54+00;105;26;219;2
1837;2026-05-21 22:52:29+00;2026-05-21 22:53:38+00;69;21;206;2
1838;2026-05-21 22:53:40+00;2026-05-21 22:55:34+00;114;21;216;2
1839;2026-05-21 22:53:53+00;2026-05-21 22:54:51+00;58;19;219;2
1840;2026-05-21 22:56:43+00;2026-05-21 22:58:04+00;81;30;221;2
1841;2026-05-21 22:58:12+00;2026-05-22 00:14:12+00;4560;106;213;13
1842;2026-05-21 23:06:54+00;2026-05-21 23:07:44+00;50;24;221;2
1843;2026-05-21 23:07:03+00;2026-05-22 00:16:03+00;4140;43;201;19
1844;2026-05-21 23:08:14+00;2026-05-21 23:09:31+00;77;12;211;2
1845;2026-05-21 23:14:24+00;2026-05-21 23:15:54+00;90;23;203;2
1846;2026-05-21 23:19:25+00;2026-05-21 23:21:11+00;106;14;218;2
1847;2026-05-21 23:22:41+00;2026-05-21 23:24:34+00;113;30;202;2
1848;2026-05-21 23:26:20+00;2026-05-21 23:27:50+00;90;13;214;2
1849;2026-05-21 23:35:37+00;2026-05-22 00:56:37+00;4860;43;222;19
1850;2026-05-21 23:39:32+00;2026-05-22 00:07:32+00;1680;33;214;13
1851;2026-05-21 23:40:32+00;2026-05-22 00:23:32+00;2580;132;208;14
1852;2026-05-21 23:49:34+00;2026-05-22 00:49:34+00;3600;91;209;13
1853;2026-05-21 23:51:37+00;2026-05-22 00:16:37+00;1500;14;212;13
1854;2026-05-21 23:51:44+00;2026-05-21 23:52:48+00;64;14;208;2
1855;2026-05-22 00:03:21+00;2026-05-22 00:04:57+00;96;12;217;2
1856;2026-05-22 00:06:46+00;2026-05-22 00:07:36+00;50;27;200;2
1857;2026-05-22 00:10:54+00;2026-05-22 00:11:42+00;48;24;211;2
1858;2026-05-22 00:14:05+00;2026-05-22 00:15:01+00;56;20;202;2
1859;2026-05-22 00:22:40+00;2026-05-22 00:23:50+00;70;10;220;2
1860;2026-05-22 00:24:17+00;2026-05-22 00:25:14+00;57;25;208;2
1861;2026-05-22 00:31:19+00;2026-05-22 00:32:26+00;67;27;219;2
1862;2026-05-22 06:07:35+00;2026-05-22 06:08:59+00;84;17;200;2
1863;2026-05-22 06:13:33+00;2026-05-22 06:15:30+00;117;11;221;2
1864;2026-05-22 06:13:37+00;2026-05-22 06:14:44+00;67;25;213;2
1865;2026-05-22 06:19:49+00;2026-05-22 07:01:49+00;2520;129;208;19
1866;2026-05-22 06:24:52+00;2026-05-22 07:13:52+00;2940;73;212;19
1867;2026-05-22 06:30:43+00;2026-05-22 07:34:43+00;3840;112;211;19
1868;2026-05-22 06:33:21+00;2026-05-22 06:34:03+00;42;25;202;2
1869;2026-05-22 06:46:56+00;2026-05-22 07:41:56+00;3300;56;204;14
1870;2026-05-22 06:48:22+00;2026-05-22 07:48:22+00;3600;23;215;19
1871;2026-05-22 06:56:31+00;2026-05-22 08:15:31+00;4740;13;206;13
1872;2026-05-22 06:59:57+00;2026-05-22 07:00:53+00;56;20;215;2
1873;2026-05-22 07:02:26+00;2026-05-22 07:03:43+00;77;18;200;2
1874;2026-05-22 07:02:52+00;2026-05-22 07:04:38+00;106;29;204;2
1875;2026-05-22 07:08:19+00;2026-05-22 07:09:53+00;94;18;213;2
1876;2026-05-22 07:24:04+00;2026-05-22 07:25:43+00;99;26;217;2
1877;2026-05-22 07:31:42+00;2026-05-22 08:31:42+00;3600;150;203;13
1878;2026-05-22 07:42:35+00;2026-05-22 07:44:00+00;85;29;212;2
1879;2026-05-22 07:50:23+00;2026-05-22 07:51:27+00;64;18;203;2
1880;2026-05-22 07:54:49+00;2026-05-22 09:14:49+00;4800;125;204;13
1881;2026-05-22 07:56:52+00;2026-05-22 08:22:52+00;1560;6;201;3
1882;2026-05-22 08:02:27+00;2026-05-22 08:04:25+00;118;21;213;2
1883;2026-05-22 08:03:33+00;2026-05-22 08:24:33+00;1260;6;219;3
1884;2026-05-22 08:06:21+00;2026-05-22 08:21:21+00;900;31;210;19
1885;2026-05-22 08:08:58+00;2026-05-22 08:10:27+00;89;14;220;2
1886;2026-05-22 08:10:46+00;2026-05-22 09:25:46+00;4500;85;214;13
1887;2026-05-22 08:12:09+00;2026-05-22 08:53:09+00;2460;113;221;14
1888;2026-05-22 08:13:30+00;2026-05-22 08:39:30+00;1560;32;212;19
1889;2026-05-22 08:15:19+00;2026-05-22 08:17:16+00;117;10;203;2
1890;2026-05-22 08:18:35+00;2026-05-22 09:13:35+00;3300;71;210;13
1891;2026-05-22 08:19:10+00;2026-05-22 08:20:33+00;83;15;205;2
1892;2026-05-22 08:21:46+00;2026-05-22 08:22:51+00;65;17;220;2
1893;2026-05-22 08:23:29+00;2026-05-22 08:24:26+00;57;10;211;2
1894;2026-05-22 08:27:22+00;2026-05-22 09:32:22+00;3900;21;212;14
1895;2026-05-22 08:27:35+00;2026-05-22 08:49:35+00;1320;72;215;19
1896;2026-05-22 08:38:05+00;2026-05-22 08:55:05+00;1020;116;214;14
1897;2026-05-22 08:41:19+00;2026-05-22 08:42:56+00;97;13;209;2
1898;2026-05-22 08:42:01+00;2026-05-22 09:12:01+00;1800;138;222;13
1899;2026-05-22 08:46:20+00;2026-05-22 09:20:20+00;2040;8;220;3
1900;2026-05-22 08:58:25+00;2026-05-22 09:00:12+00;107;12;218;2
1901;2026-05-22 09:02:37+00;2026-05-22 09:03:49+00;72;28;201;2
1902;2026-05-22 09:08:30+00;2026-05-22 09:10:15+00;105;27;218;2
1903;2026-05-22 09:10:35+00;2026-05-22 10:40:35+00;5400;47;218;19
1904;2026-05-22 09:28:13+00;2026-05-22 10:11:13+00;2580;19;212;19
1905;2026-05-22 09:28:20+00;2026-05-22 10:30:20+00;3720;60;201;13
1906;2026-05-22 09:37:21+00;2026-05-22 09:38:51+00;90;28;212;2
1907;2026-05-22 09:41:32+00;2026-05-22 09:42:24+00;52;14;206;2
1908;2026-05-22 09:49:21+00;2026-05-22 09:50:02+00;41;16;207;2
1909;2026-05-22 09:51:35+00;2026-05-22 09:53:02+00;87;20;221;2
1910;2026-05-22 09:54:01+00;2026-05-22 09:55:45+00;104;14;205;2
1911;2026-05-22 09:58:49+00;2026-05-22 10:00:49+00;120;17;217;2
1912;2026-05-22 10:04:03+00;2026-05-22 10:04:47+00;44;15;210;2
1913;2026-05-22 10:05:01+00;2026-05-22 10:30:01+00;1500;24;202;19
1914;2026-05-22 10:07:10+00;2026-05-22 10:44:10+00;2220;10;222;3
1915;2026-05-22 10:09:12+00;2026-05-22 10:59:12+00;3000;84;208;13
1916;2026-05-22 10:19:12+00;2026-05-22 10:20:20+00;68;27;217;2
1917;2026-05-22 10:20:42+00;2026-05-22 10:21:37+00;55;18;210;2
1918;2026-05-22 10:31:02+00;2026-05-22 11:01:02+00;1800;6;215;3
1919;2026-05-22 10:40:55+00;2026-05-22 10:42:46+00;111;16;202;2
1920;2026-05-22 10:45:18+00;2026-05-22 11:47:18+00;3720;118;219;14
1921;2026-05-22 10:46:04+00;2026-05-22 10:46:46+00;42;12;210;2
1922;2026-05-22 10:49:18+00;2026-05-22 10:50:05+00;47;22;216;2
1923;2026-05-22 10:50:16+00;2026-05-22 11:07:16+00;1020;118;202;19
1924;2026-05-22 10:50:26+00;2026-05-22 10:52:22+00;116;25;208;2
1925;2026-05-22 10:50:36+00;2026-05-22 12:17:36+00;5220;148;205;14
1926;2026-05-22 10:57:56+00;2026-05-22 12:23:56+00;5160;55;208;19
1927;2026-05-22 10:58:45+00;2026-05-22 11:58:45+00;3600;50;204;13
1928;2026-05-22 10:59:49+00;2026-05-22 12:24:49+00;5100;107;202;13
1929;2026-05-22 11:06:14+00;2026-05-22 11:07:27+00;73;30;214;2
1930;2026-05-22 11:10:13+00;2026-05-22 11:46:13+00;2160;8;210;3
1931;2026-05-22 11:10:14+00;2026-05-22 12:29:14+00;4740;43;220;13
1932;2026-05-22 11:21:20+00;2026-05-22 12:27:20+00;3960;57;210;13
1933;2026-05-22 11:21:56+00;2026-05-22 11:22:47+00;51;11;216;2
1934;2026-05-22 11:25:03+00;2026-05-22 11:52:03+00;1620;7;203;3
1935;2026-05-22 11:26:43+00;2026-05-22 12:47:43+00;4860;40;215;13
1936;2026-05-22 11:27:05+00;2026-05-22 11:28:20+00;75;26;212;2
1937;2026-05-22 11:32:20+00;2026-05-22 11:33:17+00;57;25;211;2
1938;2026-05-22 11:33:06+00;2026-05-22 12:17:06+00;2640;117;201;19
1939;2026-05-22 11:33:41+00;2026-05-22 12:16:41+00;2580;53;222;14
1940;2026-05-22 11:33:50+00;2026-05-22 11:34:47+00;57;22;222;2
1941;2026-05-22 11:34:13+00;2026-05-22 11:35:09+00;56;21;204;2
1942;2026-05-22 11:41:13+00;2026-05-22 11:43:05+00;112;22;212;2
1943;2026-05-22 11:51:31+00;2026-05-22 11:53:19+00;108;14;206;2
1944;2026-05-22 11:52:04+00;2026-05-22 11:52:59+00;55;20;216;2
1945;2026-05-22 11:56:19+00;2026-05-22 11:57:58+00;99;15;222;2
1946;2026-05-22 11:56:28+00;2026-05-22 12:34:28+00;2280;74;211;14
1947;2026-05-22 11:56:52+00;2026-05-22 11:57:55+00;63;14;223;2
1948;2026-05-22 11:59:11+00;2026-05-22 11:59:57+00;46;22;209;2
1949;2026-05-22 11:59:38+00;2026-05-22 13:25:38+00;5160;147;203;14
1950;2026-05-22 12:05:04+00;2026-05-22 12:06:17+00;73;28;200;2
1951;2026-05-22 12:12:44+00;2026-05-22 12:33:44+00;1260;99;207;14
1952;2026-05-22 12:23:24+00;2026-05-22 12:25:24+00;120;14;205;2
1953;2026-05-22 12:26:16+00;2026-05-22 12:26:56+00;40;21;209;2
1954;2026-05-22 12:30:30+00;2026-05-22 13:00:30+00;1800;48;216;13
1955;2026-05-22 12:40:06+00;2026-05-22 12:41:39+00;93;26;220;2
1956;2026-05-22 12:48:21+00;2026-05-22 12:49:46+00;85;28;204;2
1957;2026-05-22 12:52:07+00;2026-05-22 14:19:07+00;5220;55;219;19
1958;2026-05-22 12:58:30+00;2026-05-22 13:39:30+00;2460;56;209;19
1959;2026-05-22 13:00:50+00;2026-05-22 13:02:24+00;94;16;222;2
1960;2026-05-22 13:04:06+00;2026-05-22 13:38:06+00;2040;5;213;3
1961;2026-05-22 13:08:09+00;2026-05-22 13:23:09+00;900;44;214;14
1962;2026-05-22 13:08:52+00;2026-05-22 13:10:47+00;115;15;211;2
1963;2026-05-22 13:10:51+00;2026-05-22 13:36:51+00;1560;48;203;14
1964;2026-05-22 13:15:00+00;2026-05-22 13:49:00+00;2040;7;216;3
1965;2026-05-22 13:16:26+00;2026-05-22 13:51:26+00;2100;8;208;3
1966;2026-05-22 13:18:58+00;2026-05-22 14:03:58+00;2700;141;205;19
1967;2026-05-22 13:23:51+00;2026-05-22 13:25:07+00;76;24;218;2
1968;2026-05-22 13:25:03+00;2026-05-22 14:28:03+00;3780;136;206;14
1969;2026-05-22 13:27:54+00;2026-05-22 13:28:48+00;54;21;218;2
1970;2026-05-22 13:29:04+00;2026-05-22 14:45:04+00;4560;131;201;19
1971;2026-05-22 13:34:05+00;2026-05-22 13:34:48+00;43;10;202;2
1972;2026-05-22 13:38:42+00;2026-05-22 13:40:00+00;78;16;220;2
1973;2026-05-22 13:47:51+00;2026-05-22 13:49:09+00;78;15;223;2
1974;2026-05-22 13:48:47+00;2026-05-22 15:04:47+00;4560;45;209;13
1975;2026-05-22 13:52:31+00;2026-05-22 15:17:31+00;5100;140;205;19
1976;2026-05-22 13:54:48+00;2026-05-22 13:55:42+00;54;25;201;2
1977;2026-05-22 13:56:04+00;2026-05-22 13:57:44+00;100;24;218;2
1978;2026-05-22 13:56:16+00;2026-05-22 13:57:20+00;64;14;207;2
1979;2026-05-22 14:07:27+00;2026-05-22 14:08:41+00;74;28;216;2
1980;2026-05-22 14:10:38+00;2026-05-22 14:11:22+00;44;11;207;2
1981;2026-05-22 14:13:41+00;2026-05-22 15:33:41+00;4800;92;212;19
1982;2026-05-22 14:19:01+00;2026-05-22 14:20:59+00;118;17;219;2
1983;2026-05-22 14:25:25+00;2026-05-22 14:26:34+00;69;11;215;2
1984;2026-05-22 14:27:39+00;2026-05-22 15:41:39+00;4440;57;222;19
1985;2026-05-22 14:27:51+00;2026-05-22 14:58:51+00;1860;73;220;13
1986;2026-05-22 14:32:43+00;2026-05-22 14:34:25+00;102;26;216;2
1987;2026-05-22 14:36:10+00;2026-05-22 15:31:10+00;3300;102;210;13
1988;2026-05-22 14:36:22+00;2026-05-22 14:37:32+00;70;17;214;2
1989;2026-05-22 14:41:21+00;2026-05-22 14:57:21+00;960;131;203;14
1990;2026-05-22 14:41:24+00;2026-05-22 15:38:24+00;3420;139;214;14
1991;2026-05-22 14:45:16+00;2026-05-22 14:46:25+00;69;12;223;2
1992;2026-05-22 14:53:07+00;2026-05-22 16:04:07+00;4260;144;202;14
1993;2026-05-22 14:55:19+00;2026-05-22 14:56:08+00;49;21;219;2
1994;2026-05-22 14:55:36+00;2026-05-22 14:57:08+00;92;20;217;2
1995;2026-05-22 15:06:10+00;2026-05-22 15:58:10+00;3120;51;221;14
1996;2026-05-22 15:08:22+00;2026-05-22 15:09:09+00;47;10;218;2
1997;2026-05-22 15:08:28+00;2026-05-22 15:10:15+00;107;12;202;2
1998;2026-05-22 15:08:55+00;2026-05-22 15:09:57+00;62;10;213;2
1999;2026-05-22 15:10:59+00;2026-05-22 15:12:15+00;76;28;208;2
2000;2026-05-22 15:11:06+00;2026-05-22 15:45:06+00;2040;112;218;13
2001;2026-05-22 15:13:02+00;2026-05-22 15:14:33+00;91;10;204;2
2002;2026-05-22 15:16:17+00;2026-05-22 15:17:17+00;60;24;212;2
2003;2026-05-22 15:17:15+00;2026-05-22 16:34:15+00;4620;67;220;13
2004;2026-05-22 15:17:26+00;2026-05-22 16:42:26+00;5100;67;223;19
2005;2026-05-22 15:21:27+00;2026-05-22 16:01:27+00;2400;114;217;13
2006;2026-05-22 15:24:50+00;2026-05-22 16:05:50+00;2460;118;209;14
2007;2026-05-22 15:31:53+00;2026-05-22 15:32:46+00;53;19;200;2
2008;2026-05-22 15:38:12+00;2026-05-22 16:39:12+00;3660;124;207;13
2009;2026-05-22 15:42:36+00;2026-05-22 15:44:13+00;97;16;222;2
2010;2026-05-22 15:44:43+00;2026-05-22 15:46:13+00;90;28;222;2
2011;2026-05-22 15:46:08+00;2026-05-22 15:47:50+00;102;30;202;2
2012;2026-05-22 15:48:13+00;2026-05-22 16:11:13+00;1380;146;200;19
2013;2026-05-22 15:59:16+00;2026-05-22 16:27:16+00;1680;10;207;1
2014;2026-05-22 15:59:24+00;2026-05-22 16:19:24+00;1200;8;217;1
2015;2026-05-22 16:02:11+00;2026-05-22 16:02:58+00;47;19;217;2
2016;2026-05-22 16:03:23+00;2026-05-22 17:26:23+00;4980;92;207;19
2017;2026-05-22 16:06:33+00;2026-05-22 16:07:43+00;70;24;216;2
2018;2026-05-22 16:07:37+00;2026-05-22 17:09:37+00;3720;53;213;19
2019;2026-05-22 16:10:16+00;2026-05-22 16:11:13+00;57;14;211;2
2020;2026-05-22 16:17:52+00;2026-05-22 16:46:52+00;1740;35;208;13
2021;2026-05-22 16:20:20+00;2026-05-22 16:21:39+00;79;14;219;2
2022;2026-05-22 16:20:43+00;2026-05-22 17:25:43+00;3900;92;217;14
2023;2026-05-22 16:33:07+00;2026-05-22 17:06:07+00;1980;56;223;19
2024;2026-05-22 16:44:40+00;2026-05-22 17:27:40+00;2580;42;203;13
2025;2026-05-22 16:47:00+00;2026-05-22 16:48:55+00;115;28;223;2
2026;2026-05-22 16:48:51+00;2026-05-22 16:50:23+00;92;26;207;2
2027;2026-05-22 16:50:07+00;2026-05-22 18:02:07+00;4320;36;211;13
2028;2026-05-22 16:56:35+00;2026-05-22 17:23:35+00;1620;25;202;19
2029;2026-05-22 16:56:41+00;2026-05-22 16:58:06+00;85;29;208;2
2030;2026-05-22 16:58:19+00;2026-05-22 17:17:19+00;1140;87;206;19
2031;2026-05-22 17:03:31+00;2026-05-22 18:09:31+00;3960;31;207;13
2032;2026-05-22 17:20:08+00;2026-05-22 18:06:08+00;2760;99;220;13
2033;2026-05-22 17:24:04+00;2026-05-22 17:25:20+00;76;23;211;2
2034;2026-05-22 17:28:33+00;2026-05-22 18:36:33+00;4080;55;213;13
2035;2026-05-22 17:31:31+00;2026-05-22 18:56:31+00;5100;47;222;19
2036;2026-05-22 17:39:08+00;2026-05-22 17:40:18+00;70;13;209;2
2037;2026-05-22 17:39:15+00;2026-05-22 18:14:15+00;2100;142;200;13
2038;2026-05-22 17:42:08+00;2026-05-22 18:07:08+00;1500;58;219;19
2039;2026-05-22 17:43:56+00;2026-05-22 17:45:42+00;106;25;207;2
2040;2026-05-22 17:44:02+00;2026-05-22 18:38:02+00;3240;65;207;14
2041;2026-05-22 18:00:48+00;2026-05-22 19:00:48+00;3600;93;209;19
2042;2026-05-22 18:04:15+00;2026-05-22 18:05:13+00;58;23;205;2
2043;2026-05-22 18:08:57+00;2026-05-22 18:27:57+00;1140;147;215;19
2044;2026-05-22 18:24:02+00;2026-05-22 18:25:39+00;97;20;214;2
2045;2026-05-22 18:26:29+00;2026-05-22 18:27:31+00;62;23;214;2
2046;2026-05-22 18:27:35+00;2026-05-22 18:29:26+00;111;15;201;2
2047;2026-05-22 18:34:29+00;2026-05-22 18:36:06+00;97;14;203;2
2048;2026-05-22 18:39:14+00;2026-05-22 19:15:14+00;2160;72;214;13
2049;2026-05-22 18:39:33+00;2026-05-22 18:40:19+00;46;29;205;2
2050;2026-05-22 18:39:57+00;2026-05-22 18:41:42+00;105;19;212;2
2051;2026-05-22 18:43:01+00;2026-05-22 19:55:01+00;4320;120;201;19
2052;2026-05-22 18:43:41+00;2026-05-22 19:01:41+00;1080;114;200;14
2053;2026-05-22 18:47:07+00;2026-05-22 18:48:22+00;75;25;211;2
2054;2026-05-22 18:57:13+00;2026-05-22 18:59:02+00;109;30;209;2
2055;2026-05-22 19:00:27+00;2026-05-22 19:59:27+00;3540;145;206;19
2056;2026-05-22 19:04:22+00;2026-05-22 19:27:22+00;1380;54;218;14
2057;2026-05-22 19:05:40+00;2026-05-22 19:07:40+00;120;18;213;2
2058;2026-05-22 19:08:15+00;2026-05-22 19:10:05+00;110;23;216;2
2059;2026-05-22 19:15:51+00;2026-05-22 20:36:51+00;4860;86;215;14
2060;2026-05-22 19:25:35+00;2026-05-22 19:27:21+00;106;10;223;2
2061;2026-05-22 19:34:28+00;2026-05-22 19:35:19+00;51;21;221;2
2062;2026-05-22 19:39:34+00;2026-05-22 19:40:55+00;81;12;222;2
2063;2026-05-22 19:40:23+00;2026-05-22 20:45:23+00;3900;13;204;19
2064;2026-05-22 19:45:24+00;2026-05-22 21:05:24+00;4800;80;219;13
2065;2026-05-22 19:55:53+00;2026-05-22 19:56:35+00;42;22;219;2
2066;2026-05-22 19:56:15+00;2026-05-22 19:57:15+00;60;29;215;2
2067;2026-05-22 19:59:50+00;2026-05-22 20:00:49+00;59;23;217;2
2068;2026-05-22 20:01:17+00;2026-05-22 20:45:17+00;2640;89;221;13
2069;2026-05-22 20:11:43+00;2026-05-22 21:33:43+00;4920;38;210;19
2070;2026-05-22 20:11:46+00;2026-05-22 20:13:18+00;92;30;202;2
2071;2026-05-22 20:13:48+00;2026-05-22 20:52:48+00;2340;126;213;19
2072;2026-05-22 20:16:44+00;2026-05-22 20:17:50+00;66;22;220;2
2073;2026-05-22 20:22:39+00;2026-05-22 20:24:21+00;102;29;218;2
2074;2026-05-22 20:33:57+00;2026-05-22 20:34:56+00;59;13;223;2
2075;2026-05-22 20:41:54+00;2026-05-22 20:43:20+00;86;12;223;2
2076;2026-05-22 20:43:43+00;2026-05-22 20:45:43+00;120;14;201;2
2077;2026-05-22 20:48:12+00;2026-05-22 20:49:36+00;84;26;202;2
2078;2026-05-22 20:50:36+00;2026-05-22 20:51:39+00;63;13;203;2
2079;2026-05-22 20:55:27+00;2026-05-22 21:38:27+00;2580;18;215;19
2080;2026-05-22 20:57:45+00;2026-05-22 20:58:43+00;58;18;211;2
2081;2026-05-22 21:02:45+00;2026-05-22 21:03:46+00;61;20;202;2
2082;2026-05-22 21:03:47+00;2026-05-22 21:04:31+00;44;24;206;2
2083;2026-05-22 21:14:55+00;2026-05-22 21:16:39+00;104;24;205;2
2084;2026-05-22 21:15:10+00;2026-05-22 21:51:10+00;2160;108;222;13
2085;2026-05-22 21:18:00+00;2026-05-22 21:33:00+00;900;50;217;14
2086;2026-05-22 21:27:23+00;2026-05-22 22:00:23+00;1980;137;221;19
2087;2026-05-22 21:31:59+00;2026-05-22 21:33:49+00;110;24;219;2
2088;2026-05-22 21:33:24+00;2026-05-22 22:47:24+00;4440;92;223;13
2089;2026-05-22 21:43:59+00;2026-05-22 22:18:59+00;2100;15;213;19
2090;2026-05-22 21:54:13+00;2026-05-22 22:28:13+00;2040;127;202;13
2091;2026-05-22 21:59:05+00;2026-05-22 22:00:31+00;86;16;221;2
2092;2026-05-22 22:00:30+00;2026-05-22 22:01:41+00;71;10;219;2
2093;2026-05-22 22:01:47+00;2026-05-22 22:49:47+00;2880;128;221;14
2094;2026-05-22 22:03:28+00;2026-05-22 22:04:46+00;78;25;214;2
2095;2026-05-22 22:13:12+00;2026-05-22 22:14:41+00;89;21;222;2
2096;2026-05-22 22:14:58+00;2026-05-22 22:16:43+00;105;19;205;2
2097;2026-05-22 22:16:36+00;2026-05-22 22:50:36+00;2040;74;216;19
2098;2026-05-22 22:22:01+00;2026-05-22 22:23:47+00;106;29;207;2
2099;2026-05-22 22:35:46+00;2026-05-22 23:32:46+00;3420;48;201;14
2100;2026-05-22 22:41:59+00;2026-05-22 22:42:49+00;50;12;213;2
2101;2026-05-22 22:43:32+00;2026-05-22 23:22:32+00;2340;87;207;14
2102;2026-05-22 22:44:06+00;2026-05-22 22:45:52+00;106;23;210;2
2103;2026-05-22 22:54:31+00;2026-05-22 23:32:31+00;2280;48;206;13
2104;2026-05-22 23:03:51+00;2026-05-22 23:51:51+00;2880;21;212;13
2105;2026-05-22 23:13:37+00;2026-05-22 23:15:21+00;104;10;223;2
2106;2026-05-22 23:29:51+00;2026-05-23 00:18:51+00;2940;19;216;19
2107;2026-05-22 23:36:50+00;2026-05-22 23:37:49+00;59;21;208;2
2108;2026-05-22 23:38:29+00;2026-05-22 23:39:16+00;47;23;209;2
2109;2026-05-22 23:46:40+00;2026-05-22 23:48:07+00;87;10;218;2
2110;2026-05-22 23:58:51+00;2026-05-23 01:00:51+00;3720;75;210;19
2111;2026-05-23 00:03:13+00;2026-05-23 00:04:50+00;97;20;213;2
2112;2026-05-23 00:21:19+00;2026-05-23 00:23:13+00;114;26;222;2
2113;2026-05-23 00:28:22+00;2026-05-23 00:29:39+00;77;22;206;2
2114;2026-05-23 00:44:41+00;2026-05-23 00:46:07+00;86;19;215;2
2115;2026-05-23 00:45:27+00;2026-05-23 00:46:49+00;82;20;203;2
2116;2026-05-23 00:58:20+00;2026-05-23 01:00:20+00;120;14;203;2
2117;2026-05-23 06:05:01+00;2026-05-23 06:41:01+00;2160;59;208;19
2118;2026-05-23 06:11:28+00;2026-05-23 06:12:38+00;70;11;200;2
2119;2026-05-23 06:13:06+00;2026-05-23 07:04:06+00;3060;111;202;19
2120;2026-05-23 06:31:45+00;2026-05-23 07:08:45+00;2220;102;222;13
2121;2026-05-23 06:36:57+00;2026-05-23 06:38:39+00;102;30;211;2
2122;2026-05-23 06:38:35+00;2026-05-23 06:40:17+00;102;28;210;2
2123;2026-05-23 06:39:26+00;2026-05-23 06:41:08+00;102;10;223;2
2124;2026-05-23 06:48:21+00;2026-05-23 06:50:02+00;101;23;205;2
2125;2026-05-23 06:49:25+00;2026-05-23 06:50:41+00;76;13;218;2
2126;2026-05-23 06:56:52+00;2026-05-23 06:58:27+00;95;18;223;2
2127;2026-05-23 06:57:32+00;2026-05-23 08:02:32+00;3900;73;202;13
2128;2026-05-23 06:58:32+00;2026-05-23 06:59:59+00;87;28;206;2
2129;2026-05-23 07:03:50+00;2026-05-23 07:05:09+00;79;14;219;2
2130;2026-05-23 07:05:20+00;2026-05-23 08:03:20+00;3480;64;221;14
2131;2026-05-23 07:06:49+00;2026-05-23 07:53:49+00;2820;12;207;13
2132;2026-05-23 07:07:51+00;2026-05-23 07:09:34+00;103;24;201;2
2133;2026-05-23 07:10:18+00;2026-05-23 07:11:59+00;101;28;219;2
2134;2026-05-23 07:12:36+00;2026-05-23 07:14:27+00;111;14;219;2
2135;2026-05-23 07:14:14+00;2026-05-23 07:35:14+00;1260;54;211;14
2136;2026-05-23 07:17:12+00;2026-05-23 07:17:58+00;46;21;217;2
2137;2026-05-23 07:17:33+00;2026-05-23 08:16:33+00;3540;146;208;19
2138;2026-05-23 07:24:18+00;2026-05-23 07:25:19+00;61;17;217;2
2139;2026-05-23 07:38:13+00;2026-05-23 07:39:33+00;80;16;206;2
2140;2026-05-23 07:38:43+00;2026-05-23 08:05:43+00;1620;30;210;19
2141;2026-05-23 07:38:57+00;2026-05-23 08:47:57+00;4140;74;207;19
2142;2026-05-23 07:43:06+00;2026-05-23 07:44:26+00;80;18;203;2
2143;2026-05-23 07:54:11+00;2026-05-23 07:55:29+00;78;25;211;2
2144;2026-05-23 07:54:51+00;2026-05-23 07:56:15+00;84;17;209;2
2145;2026-05-23 07:58:01+00;2026-05-23 08:35:01+00;2220;95;210;19
2146;2026-05-23 08:02:46+00;2026-05-23 08:36:46+00;2040;30;209;13
2147;2026-05-23 08:03:23+00;2026-05-23 09:26:23+00;4980;106;214;19
2148;2026-05-23 08:05:59+00;2026-05-23 08:06:42+00;43;25;212;2
2149;2026-05-23 08:06:58+00;2026-05-23 08:08:00+00;62;25;221;2
2150;2026-05-23 08:14:49+00;2026-05-23 08:50:49+00;2160;5;217;3
2151;2026-05-23 08:16:59+00;2026-05-23 08:43:59+00;1620;8;211;3
2152;2026-05-23 08:18:30+00;2026-05-23 08:20:29+00;119;25;204;2
2153;2026-05-23 08:19:08+00;2026-05-23 08:20:21+00;73;13;208;2
2154;2026-05-23 08:21:05+00;2026-05-23 08:22:47+00;102;23;209;2
2155;2026-05-23 08:26:07+00;2026-05-23 08:27:48+00;101;11;214;2
2156;2026-05-23 08:30:54+00;2026-05-23 08:53:54+00;1380;6;203;3
2157;2026-05-23 08:33:03+00;2026-05-23 08:33:54+00;51;12;203;2
2158;2026-05-23 08:34:06+00;2026-05-23 10:00:06+00;5160;51;209;14
2159;2026-05-23 08:38:27+00;2026-05-23 09:13:27+00;2100;5;206;3
2160;2026-05-23 08:44:00+00;2026-05-23 09:22:00+00;2280;32;218;19
2161;2026-05-23 08:51:53+00;2026-05-23 10:18:53+00;5220;74;217;14
2162;2026-05-23 08:59:11+00;2026-05-23 08:59:53+00;42;10;210;2
2163;2026-05-23 09:06:49+00;2026-05-23 09:08:29+00;100;15;219;2
2164;2026-05-23 09:14:44+00;2026-05-23 09:15:49+00;65;30;223;2
2165;2026-05-23 09:15:00+00;2026-05-23 09:37:00+00;1320;117;218;14
2166;2026-05-23 09:15:16+00;2026-05-23 09:43:16+00;1680;127;205;14
2167;2026-05-23 09:23:19+00;2026-05-23 09:25:07+00;108;22;202;2
2168;2026-05-23 09:27:36+00;2026-05-23 10:36:36+00;4140;144;211;19
2169;2026-05-23 09:28:15+00;2026-05-23 09:30:14+00;119;29;203;2
2170;2026-05-23 09:34:28+00;2026-05-23 10:38:28+00;3840;56;203;19
2171;2026-05-23 09:42:13+00;2026-05-23 09:43:27+00;74;18;218;2
2172;2026-05-23 09:52:38+00;2026-05-23 10:18:38+00;1560;131;202;19
2173;2026-05-23 10:05:54+00;2026-05-23 10:07:08+00;74;14;202;2
2174;2026-05-23 10:09:51+00;2026-05-23 10:58:51+00;2940;92;203;13
2175;2026-05-23 10:12:28+00;2026-05-23 11:03:28+00;3060;27;202;14
2176;2026-05-23 10:21:24+00;2026-05-23 10:42:24+00;1260;5;216;3
2177;2026-05-23 10:24:06+00;2026-05-23 11:48:06+00;5040;78;213;13
2178;2026-05-23 10:26:59+00;2026-05-23 10:28:17+00;78;19;205;2
2179;2026-05-23 10:27:33+00;2026-05-23 10:29:00+00;87;25;201;2
2180;2026-05-23 10:30:04+00;2026-05-23 10:31:01+00;57;13;207;2
2181;2026-05-23 10:30:54+00;2026-05-23 10:31:53+00;59;22;213;2
2182;2026-05-23 10:35:48+00;2026-05-23 10:37:00+00;72;12;220;2
2183;2026-05-23 10:37:27+00;2026-05-23 10:38:50+00;83;17;216;2
2184;2026-05-23 10:38:34+00;2026-05-23 11:02:34+00;1440;108;214;13
2185;2026-05-23 10:40:10+00;2026-05-23 11:46:10+00;3960;129;201;19
2186;2026-05-23 10:43:06+00;2026-05-23 10:44:24+00;78;24;202;2
2187;2026-05-23 10:43:34+00;2026-05-23 10:45:04+00;90;19;214;2
2188;2026-05-23 10:47:44+00;2026-05-23 11:49:44+00;3720;88;201;19
2189;2026-05-23 10:51:09+00;2026-05-23 10:52:04+00;55;26;208;2
2190;2026-05-23 10:51:48+00;2026-05-23 10:53:11+00;83;19;215;2
2191;2026-05-23 10:56:41+00;2026-05-23 11:15:41+00;1140;142;211;13
2192;2026-05-23 11:04:25+00;2026-05-23 11:22:25+00;1080;17;219;14
2193;2026-05-23 11:10:07+00;2026-05-23 11:56:07+00;2760;36;202;19
2194;2026-05-23 11:15:50+00;2026-05-23 11:36:50+00;1260;11;212;19
2195;2026-05-23 11:16:10+00;2026-05-23 12:34:10+00;4680;105;200;14
2196;2026-05-23 11:23:46+00;2026-05-23 11:25:12+00;86;11;201;2
2197;2026-05-23 11:23:57+00;2026-05-23 12:11:57+00;2880;107;221;19
2198;2026-05-23 11:25:20+00;2026-05-23 12:15:20+00;3000;33;221;14
2199;2026-05-23 11:29:19+00;2026-05-23 12:03:19+00;2040;55;205;13
2200;2026-05-23 11:30:29+00;2026-05-23 11:31:58+00;89;24;210;2
2201;2026-05-23 11:31:37+00;2026-05-23 11:32:21+00;44;21;207;2
2202;2026-05-23 11:36:08+00;2026-05-23 12:52:08+00;4560;147;207;14
2203;2026-05-23 11:37:55+00;2026-05-23 11:39:39+00;104;26;216;2
2204;2026-05-23 11:41:34+00;2026-05-23 12:02:34+00;1260;18;213;13
2205;2026-05-23 11:43:01+00;2026-05-23 11:44:33+00;92;11;208;2
2206;2026-05-23 12:00:23+00;2026-05-23 12:21:23+00;1260;76;216;19
2207;2026-05-23 12:00:53+00;2026-05-23 12:21:53+00;1260;57;209;14
2208;2026-05-23 12:02:34+00;2026-05-23 13:30:34+00;5280;90;209;14
2209;2026-05-23 12:07:49+00;2026-05-23 13:33:49+00;5160;25;222;19
2210;2026-05-23 12:09:47+00;2026-05-23 12:11:32+00;105;22;216;2
2211;2026-05-23 12:10:12+00;2026-05-23 13:03:12+00;3180;80;200;19
2212;2026-05-23 12:11:59+00;2026-05-23 12:12:49+00;50;18;209;2
2213;2026-05-23 12:14:20+00;2026-05-23 12:29:20+00;900;79;210;19
2214;2026-05-23 12:16:03+00;2026-05-23 12:39:03+00;1380;6;223;3
2215;2026-05-23 12:21:37+00;2026-05-23 12:22:50+00;73;28;214;2
2216;2026-05-23 12:25:54+00;2026-05-23 12:47:54+00;1320;56;215;13
2217;2026-05-23 12:39:59+00;2026-05-23 14:00:59+00;4860;117;204;14
2218;2026-05-23 12:40:02+00;2026-05-23 13:18:02+00;2280;56;201;19
2219;2026-05-23 12:44:49+00;2026-05-23 13:24:49+00;2400;11;217;19
2220;2026-05-23 12:48:20+00;2026-05-23 12:49:20+00;60;14;217;2
2221;2026-05-23 12:49:04+00;2026-05-23 12:51:03+00;119;29;221;2
2222;2026-05-23 12:57:19+00;2026-05-23 13:40:19+00;2580;77;219;13
2223;2026-05-23 13:04:57+00;2026-05-23 13:06:04+00;67;23;220;2
2224;2026-05-23 13:05:43+00;2026-05-23 13:06:24+00;41;23;213;2
2225;2026-05-23 13:06:14+00;2026-05-23 13:50:14+00;2640;34;201;14
2226;2026-05-23 13:10:28+00;2026-05-23 13:12:26+00;118;21;210;2
2227;2026-05-23 13:12:16+00;2026-05-23 13:13:11+00;55;28;219;2
2228;2026-05-23 13:12:38+00;2026-05-23 13:50:38+00;2280;116;221;19
2229;2026-05-23 13:19:13+00;2026-05-23 14:15:13+00;3360;117;214;19
2230;2026-05-23 13:32:22+00;2026-05-23 13:34:12+00;110;25;222;2
2231;2026-05-23 13:37:23+00;2026-05-23 14:33:23+00;3360;84;216;13
2232;2026-05-23 13:38:38+00;2026-05-23 13:39:47+00;69;20;201;2
2233;2026-05-23 13:44:33+00;2026-05-23 13:45:43+00;70;29;212;2
2234;2026-05-23 13:45:47+00;2026-05-23 13:46:36+00;49;15;200;2
2235;2026-05-23 13:46:59+00;2026-05-23 14:18:59+00;1920;14;200;19
2236;2026-05-23 13:53:49+00;2026-05-23 13:55:41+00;112;12;211;2
2237;2026-05-23 14:03:26+00;2026-05-23 14:48:26+00;2700;79;212;13
2238;2026-05-23 14:09:31+00;2026-05-23 14:10:58+00;87;10;213;2
2239;2026-05-23 14:09:52+00;2026-05-23 14:11:11+00;79;27;209;2
2240;2026-05-23 14:11:14+00;2026-05-23 14:12:44+00;90;30;211;2
2241;2026-05-23 14:12:03+00;2026-05-23 14:12:54+00;51;23;215;2
2242;2026-05-23 14:13:36+00;2026-05-23 15:14:36+00;3660;102;206;14
2243;2026-05-23 14:15:58+00;2026-05-23 14:58:58+00;2580;79;209;13
2244;2026-05-23 14:36:53+00;2026-05-23 14:37:54+00;61;26;220;2
2245;2026-05-23 14:42:50+00;2026-05-23 14:44:25+00;95;16;207;2
2246;2026-05-23 14:45:20+00;2026-05-23 15:22:20+00;2220;5;204;3
2247;2026-05-23 14:50:57+00;2026-05-23 14:51:42+00;45;10;216;2
2248;2026-05-23 14:55:32+00;2026-05-23 14:57:13+00;101;30;212;2
2249;2026-05-23 15:03:14+00;2026-05-23 15:27:14+00;1440;5;222;3
2250;2026-05-23 15:05:22+00;2026-05-23 16:13:22+00;4080;66;216;19
2251;2026-05-23 15:06:37+00;2026-05-23 16:34:37+00;5280;56;216;14
2252;2026-05-23 15:08:21+00;2026-05-23 16:03:21+00;3300;127;200;14
2253;2026-05-23 15:18:34+00;2026-05-23 16:07:34+00;2940;31;220;13
2254;2026-05-23 15:18:58+00;2026-05-23 16:42:58+00;5040;134;211;13
2255;2026-05-23 15:35:07+00;2026-05-23 15:36:29+00;82;15;206;2
2256;2026-05-23 15:36:36+00;2026-05-23 16:50:36+00;4440;115;206;19
2257;2026-05-23 15:42:55+00;2026-05-23 15:44:19+00;84;17;206;2
2258;2026-05-23 15:49:45+00;2026-05-23 15:51:10+00;85;17;210;2
2259;2026-05-23 15:54:03+00;2026-05-23 15:55:18+00;75;29;213;2
2260;2026-05-23 15:57:31+00;2026-05-23 16:46:31+00;2940;73;211;14
2261;2026-05-23 15:58:12+00;2026-05-23 17:16:12+00;4680;25;217;13
2262;2026-05-23 15:58:59+00;2026-05-23 16:26:59+00;1680;9;219;3
2263;2026-05-23 16:02:43+00;2026-05-23 17:32:43+00;5400;21;204;19
2264;2026-05-23 16:02:55+00;2026-05-23 16:29:55+00;1620;132;223;14
2265;2026-05-23 16:05:13+00;2026-05-23 16:35:13+00;1800;52;215;14
2266;2026-05-23 16:12:22+00;2026-05-23 16:14:06+00;104;11;222;2
2267;2026-05-23 16:16:17+00;2026-05-23 16:18:08+00;111;13;217;2
2268;2026-05-23 16:22:38+00;2026-05-23 16:23:30+00;52;27;213;2
2269;2026-05-23 16:29:55+00;2026-05-23 16:31:37+00;102;14;201;2
2270;2026-05-23 16:34:30+00;2026-05-23 16:35:44+00;74;19;209;2
2271;2026-05-23 16:35:19+00;2026-05-23 16:36:02+00;43;26;200;2
2272;2026-05-23 16:36:49+00;2026-05-23 16:37:40+00;51;13;219;2
2273;2026-05-23 16:37:20+00;2026-05-23 17:07:20+00;1800;44;219;14
2274;2026-05-23 16:41:25+00;2026-05-23 16:42:15+00;50;30;203;2
2275;2026-05-23 16:44:59+00;2026-05-23 16:46:27+00;88;27;215;2
2276;2026-05-23 16:46:09+00;2026-05-23 16:47:07+00;58;27;217;2
2277;2026-05-23 16:47:37+00;2026-05-23 16:48:53+00;76;21;211;2
2278;2026-05-23 16:52:36+00;2026-05-23 18:00:36+00;4080;79;219;19
2279;2026-05-23 17:00:35+00;2026-05-23 17:02:16+00;101;23;223;2
2280;2026-05-23 17:01:35+00;2026-05-23 18:23:35+00;4920;70;223;19
2281;2026-05-23 17:09:58+00;2026-05-23 18:25:58+00;4560;77;215;13
2282;2026-05-23 17:12:58+00;2026-05-23 17:57:58+00;2700;101;200;19
2283;2026-05-23 17:18:51+00;2026-05-23 18:40:51+00;4920;124;202;14
2284;2026-05-23 17:21:34+00;2026-05-23 18:18:34+00;3420;72;208;13
2285;2026-05-23 17:21:48+00;2026-05-23 17:22:34+00;46;17;200;2
2286;2026-05-23 17:26:59+00;2026-05-23 17:27:56+00;57;17;200;2
2287;2026-05-23 17:37:37+00;2026-05-23 18:24:37+00;2820;16;208;14
2288;2026-05-23 17:46:51+00;2026-05-23 19:06:51+00;4800;94;217;19
2289;2026-05-23 17:49:42+00;2026-05-23 19:17:42+00;5280;116;205;19
2290;2026-05-23 18:03:37+00;2026-05-23 19:32:37+00;5340;121;221;14
2291;2026-05-23 18:34:09+00;2026-05-23 19:44:09+00;4200;39;223;19
2292;2026-05-23 18:45:18+00;2026-05-23 19:46:18+00;3660;86;218;19
2293;2026-05-23 18:52:51+00;2026-05-23 18:54:27+00;96;13;222;2
2294;2026-05-23 18:53:33+00;2026-05-23 18:55:19+00;106;23;206;2
2295;2026-05-23 18:58:59+00;2026-05-23 19:00:26+00;87;27;209;2
2296;2026-05-23 19:09:59+00;2026-05-23 19:54:59+00;2700;97;218;19
2297;2026-05-23 19:15:06+00;2026-05-23 19:16:51+00;105;30;220;2
2298;2026-05-23 19:19:08+00;2026-05-23 19:44:08+00;1500;76;207;13
2299;2026-05-23 19:28:23+00;2026-05-23 19:29:46+00;83;26;222;2
2300;2026-05-23 19:30:21+00;2026-05-23 19:31:24+00;63;12;207;2
2301;2026-05-23 19:30:51+00;2026-05-23 19:32:09+00;78;21;222;2
2302;2026-05-23 19:34:59+00;2026-05-23 19:35:48+00;49;17;211;2
2303;2026-05-23 19:35:15+00;2026-05-23 20:27:15+00;3120;23;208;19
2304;2026-05-23 19:36:00+00;2026-05-23 19:37:08+00;68;12;216;2
2305;2026-05-23 19:38:52+00;2026-05-23 20:06:52+00;1680;98;203;14
2306;2026-05-23 19:49:24+00;2026-05-23 19:50:51+00;87;20;209;2
2307;2026-05-23 19:56:49+00;2026-05-23 19:57:43+00;54;16;218;2
2308;2026-05-23 20:01:46+00;2026-05-23 20:02:50+00;64;24;223;2
2309;2026-05-23 20:01:55+00;2026-05-23 20:03:09+00;74;19;214;2
2310;2026-05-23 20:05:19+00;2026-05-23 20:06:28+00;69;10;214;2
2311;2026-05-23 20:05:57+00;2026-05-23 20:42:57+00;2220;99;213;19
2312;2026-05-23 20:23:54+00;2026-05-23 21:30:54+00;4020;18;200;19
2313;2026-05-23 20:31:37+00;2026-05-23 21:04:37+00;1980;32;220;14
2314;2026-05-23 20:32:06+00;2026-05-23 20:33:20+00;74;19;221;2
2315;2026-05-23 20:38:22+00;2026-05-23 21:37:22+00;3540;139;214;14
2316;2026-05-23 20:46:48+00;2026-05-23 20:48:09+00;81;24;218;2
2317;2026-05-23 20:54:38+00;2026-05-23 20:56:16+00;98;17;205;2
2318;2026-05-23 20:55:54+00;2026-05-23 20:57:04+00;70;17;204;2
2319;2026-05-23 20:56:19+00;2026-05-23 20:57:52+00;93;13;202;2
2320;2026-05-23 20:58:14+00;2026-05-23 22:02:14+00;3840;144;201;14
2321;2026-05-23 21:00:37+00;2026-05-23 21:45:37+00;2700;62;220;13
2322;2026-05-23 21:02:58+00;2026-05-23 22:32:58+00;5400;107;222;13
2323;2026-05-23 21:19:12+00;2026-05-23 22:10:12+00;3060;116;213;14
2324;2026-05-23 21:21:06+00;2026-05-23 21:22:02+00;56;22;215;2
2325;2026-05-23 21:24:35+00;2026-05-23 21:25:22+00;47;13;217;2
2326;2026-05-23 21:26:25+00;2026-05-23 21:53:25+00;1620;70;205;19
2327;2026-05-23 21:34:33+00;2026-05-23 21:36:19+00;106;28;207;2
2328;2026-05-23 21:36:37+00;2026-05-23 21:37:51+00;74;16;207;2
2329;2026-05-23 21:41:59+00;2026-05-23 22:57:59+00;4560;131;217;13
2330;2026-05-23 21:46:40+00;2026-05-23 21:47:26+00;46;16;204;2
2331;2026-05-23 21:47:23+00;2026-05-23 21:49:07+00;104;11;215;2
2332;2026-05-23 21:48:21+00;2026-05-23 21:50:17+00;116;20;221;2
2333;2026-05-23 21:51:02+00;2026-05-23 21:52:07+00;65;22;204;2
2334;2026-05-23 21:59:16+00;2026-05-23 22:00:47+00;91;10;209;2
2335;2026-05-23 21:59:32+00;2026-05-23 22:00:51+00;79;25;223;2
2336;2026-05-23 22:01:17+00;2026-05-23 22:02:07+00;50;25;216;2
2337;2026-05-23 22:02:42+00;2026-05-23 23:09:42+00;4020;109;222;19
2338;2026-05-23 22:06:47+00;2026-05-23 22:56:47+00;3000;124;209;19
2339;2026-05-23 22:10:54+00;2026-05-23 22:55:54+00;2700;114;219;13
2340;2026-05-23 22:16:28+00;2026-05-23 22:45:28+00;1740;13;217;13
2341;2026-05-23 22:27:29+00;2026-05-23 22:28:12+00;43;18;208;2
2342;2026-05-23 22:38:11+00;2026-05-23 22:39:31+00;80;20;205;2
2343;2026-05-23 22:42:25+00;2026-05-23 22:43:09+00;44;27;213;2
2344;2026-05-23 22:45:34+00;2026-05-23 23:20:34+00;2100;75;206;14
2345;2026-05-23 22:47:54+00;2026-05-23 22:49:38+00;104;18;217;2
2346;2026-05-23 22:53:39+00;2026-05-23 22:55:26+00;107;21;219;2
2347;2026-05-23 22:59:48+00;2026-05-23 23:31:48+00;1920;131;222;14
2348;2026-05-23 23:02:51+00;2026-05-23 23:56:51+00;3240;26;204;19
2349;2026-05-23 23:06:47+00;2026-05-23 23:07:30+00;43;14;218;2
2350;2026-05-23 23:12:53+00;2026-05-23 23:14:37+00;104;12;220;2
2351;2026-05-23 23:14:26+00;2026-05-23 23:15:29+00;63;23;222;2
2352;2026-05-23 23:23:16+00;2026-05-23 23:25:16+00;120;30;219;2
2353;2026-05-23 23:24:32+00;2026-05-23 23:47:32+00;1380;13;212;13
2354;2026-05-23 23:27:51+00;2026-05-24 00:00:51+00;1980;75;201;14
2355;2026-05-23 23:38:59+00;2026-05-24 00:03:59+00;1500;55;223;13
2356;2026-05-23 23:41:07+00;2026-05-23 23:41:47+00;40;17;205;2
2357;2026-05-23 23:43:47+00;2026-05-24 00:35:47+00;3120;31;205;19
2358;2026-05-23 23:45:26+00;2026-05-23 23:46:08+00;42;23;218;2
2359;2026-05-23 23:45:37+00;2026-05-23 23:46:26+00;49;16;201;2
2360;2026-05-23 23:46:27+00;2026-05-23 23:47:51+00;84;29;212;2
2361;2026-05-23 23:48:14+00;2026-05-23 23:49:26+00;72;28;204;2
2362;2026-05-23 23:53:58+00;2026-05-23 23:55:07+00;69;19;222;2
2363;2026-05-23 23:55:20+00;2026-05-23 23:56:22+00;62;11;207;2
2364;2026-05-23 23:56:13+00;2026-05-23 23:58:13+00;120;28;223;2
2365;2026-05-24 00:17:41+00;2026-05-24 00:19:37+00;116;13;213;2
2366;2026-05-24 00:34:18+00;2026-05-24 00:35:00+00;42;12;218;2
2367;2026-05-24 00:41:29+00;2026-05-24 00:42:20+00;51;22;203;2
2368;2026-05-24 00:49:46+00;2026-05-24 00:51:15+00;89;17;200;2
2369;2026-05-24 00:54:21+00;2026-05-24 00:56:02+00;101;14;203;2
2370;2026-05-24 00:57:22+00;2026-05-24 00:58:19+00;57;12;213;2
2371;2026-05-24 06:00:19+00;2026-05-24 06:34:19+00;2040;57;206;19
2372;2026-05-24 06:02:52+00;2026-05-24 06:04:51+00;119;30;212;2
2373;2026-05-24 06:10:19+00;2026-05-24 07:03:19+00;3180;149;214;19
2374;2026-05-24 06:11:57+00;2026-05-24 06:13:00+00;63;24;218;2
2375;2026-05-24 06:15:52+00;2026-05-24 07:18:52+00;3780;110;214;19
2376;2026-05-24 06:21:45+00;2026-05-24 07:21:45+00;3600;10;220;13
2377;2026-05-24 06:24:23+00;2026-05-24 06:26:07+00;104;17;200;2
2378;2026-05-24 06:25:22+00;2026-05-24 06:27:07+00;105;10;205;2
2379;2026-05-24 06:26:21+00;2026-05-24 06:28:03+00;102;24;222;2
2380;2026-05-24 06:31:59+00;2026-05-24 06:32:42+00;43;25;204;2
2381;2026-05-24 06:42:56+00;2026-05-24 06:44:20+00;84;27;219;2
2382;2026-05-24 06:44:08+00;2026-05-24 06:45:47+00;99;18;219;2
2383;2026-05-24 06:45:39+00;2026-05-24 06:47:06+00;87;18;213;2
2384;2026-05-24 06:46:16+00;2026-05-24 06:47:10+00;54;22;216;2
2385;2026-05-24 06:48:15+00;2026-05-24 06:49:19+00;64;27;207;2
2386;2026-05-24 06:58:23+00;2026-05-24 06:59:50+00;87;28;210;2
2387;2026-05-24 07:01:44+00;2026-05-24 07:02:41+00;57;30;202;2
2388;2026-05-24 07:25:27+00;2026-05-24 08:43:27+00;4680;35;209;19
2389;2026-05-24 07:30:27+00;2026-05-24 07:31:37+00;70;17;205;2
2390;2026-05-24 07:31:58+00;2026-05-24 07:33:36+00;98;20;211;2
2391;2026-05-24 07:36:37+00;2026-05-24 07:37:55+00;78;11;211;2
2392;2026-05-24 07:43:21+00;2026-05-24 07:44:50+00;89;11;218;2
2393;2026-05-24 07:48:39+00;2026-05-24 08:38:39+00;3000;101;209;14
2394;2026-05-24 07:51:43+00;2026-05-24 07:52:46+00;63;30;211;2
2395;2026-05-24 07:51:46+00;2026-05-24 07:52:35+00;49;27;207;2
2396;2026-05-24 07:53:47+00;2026-05-24 07:55:42+00;115;17;215;2
2397;2026-05-24 07:58:25+00;2026-05-24 07:59:05+00;40;20;206;2
2398;2026-05-24 07:59:27+00;2026-05-24 08:00:26+00;59;24;213;2
2399;2026-05-24 08:04:10+00;2026-05-24 08:05:03+00;53;22;217;2
2400;2026-05-24 08:05:05+00;2026-05-24 09:02:05+00;3420;15;211;14
2401;2026-05-24 08:07:45+00;2026-05-24 08:09:16+00;91;13;202;2
2402;2026-05-24 08:33:31+00;2026-05-24 08:34:48+00;77;21;216;2
2403;2026-05-24 08:43:06+00;2026-05-24 09:17:06+00;2040;10;200;3
2404;2026-05-24 08:44:04+00;2026-05-24 08:59:04+00;900;10;212;19
2405;2026-05-24 08:44:10+00;2026-05-24 08:44:52+00;42;15;204;2
2406;2026-05-24 08:45:51+00;2026-05-24 08:47:13+00;82;26;222;2
2407;2026-05-24 08:46:20+00;2026-05-24 09:45:20+00;3540;135;218;14
2408;2026-05-24 08:46:57+00;2026-05-24 08:48:17+00;80;10;215;2
2409;2026-05-24 08:49:45+00;2026-05-24 08:51:28+00;103;18;209;2
2410;2026-05-24 08:55:14+00;2026-05-24 10:24:14+00;5340;89;204;19
2411;2026-05-24 08:57:53+00;2026-05-24 10:05:53+00;4080;83;221;14
2412;2026-05-24 09:01:20+00;2026-05-24 10:08:20+00;4020;17;204;13
2413;2026-05-24 09:04:49+00;2026-05-24 09:40:49+00;2160;87;207;14
2414;2026-05-24 09:06:41+00;2026-05-24 09:07:41+00;60;14;216;2
2415;2026-05-24 09:07:33+00;2026-05-24 09:09:31+00;118;29;215;2
2416;2026-05-24 09:11:55+00;2026-05-24 10:38:55+00;5220;92;212;14
2417;2026-05-24 09:12:17+00;2026-05-24 10:13:17+00;3660;110;219;19
2418;2026-05-24 09:15:30+00;2026-05-24 10:15:30+00;3600;29;213;13
2419;2026-05-24 09:20:56+00;2026-05-24 09:36:56+00;960;32;210;19
2420;2026-05-24 09:25:04+00;2026-05-24 09:26:37+00;93;21;209;2
2421;2026-05-24 09:26:41+00;2026-05-24 09:27:45+00;64;25;222;2
2422;2026-05-24 09:27:19+00;2026-05-24 10:41:19+00;4440;81;203;19
2423;2026-05-24 09:30:18+00;2026-05-24 10:19:18+00;2940;60;209;14
2424;2026-05-24 09:34:43+00;2026-05-24 09:52:43+00;1080;119;215;19
2425;2026-05-24 09:35:14+00;2026-05-24 10:31:14+00;3360;49;201;13
2426;2026-05-24 09:41:19+00;2026-05-24 11:05:19+00;5040;39;209;13
2427;2026-05-24 09:54:45+00;2026-05-24 09:55:56+00;71;20;218;2
2428;2026-05-24 09:54:53+00;2026-05-24 09:55:45+00;52;30;213;2
2429;2026-05-24 10:04:37+00;2026-05-24 10:06:00+00;83;14;220;2
2430;2026-05-24 10:07:47+00;2026-05-24 10:09:00+00;73;17;220;2
2431;2026-05-24 10:12:00+00;2026-05-24 10:13:33+00;93;23;223;2
2432;2026-05-24 10:13:29+00;2026-05-24 10:15:07+00;98;19;207;2
2433;2026-05-24 10:26:06+00;2026-05-24 10:27:32+00;86;17;206;2
2434;2026-05-24 10:26:44+00;2026-05-24 11:39:44+00;4380;119;216;19
2435;2026-05-24 10:39:02+00;2026-05-24 11:17:02+00;2280;10;221;3
2436;2026-05-24 10:45:27+00;2026-05-24 10:46:52+00;85;30;220;2
2437;2026-05-24 10:57:36+00;2026-05-24 12:19:36+00;4920;24;218;13
2438;2026-05-24 11:12:15+00;2026-05-24 11:12:55+00;40;23;209;2
2439;2026-05-24 11:13:56+00;2026-05-24 11:15:07+00;71;25;201;2
2440;2026-05-24 11:19:20+00;2026-05-24 11:58:20+00;2340;13;208;14
2441;2026-05-24 11:26:50+00;2026-05-24 11:28:12+00;82;21;213;2
2442;2026-05-24 11:28:01+00;2026-05-24 11:29:35+00;94;15;206;2
2443;2026-05-24 11:33:53+00;2026-05-24 11:34:42+00;49;26;208;2
2444;2026-05-24 11:37:10+00;2026-05-24 12:20:10+00;2580;112;222;19
2445;2026-05-24 11:47:57+00;2026-05-24 12:47:57+00;3600;16;202;13
2446;2026-05-24 11:49:12+00;2026-05-24 12:43:12+00;3240;77;202;13
2447;2026-05-24 11:54:15+00;2026-05-24 11:55:58+00;103;30;214;2
2448;2026-05-24 12:09:54+00;2026-05-24 12:10:37+00;43;15;218;2
2449;2026-05-24 12:12:01+00;2026-05-24 13:16:01+00;3840;144;214;14
2450;2026-05-24 12:13:38+00;2026-05-24 12:36:38+00;1380;7;206;3
2451;2026-05-24 12:14:43+00;2026-05-24 12:16:05+00;82;20;210;2
2452;2026-05-24 12:14:54+00;2026-05-24 13:15:54+00;3660;18;216;19
2453;2026-05-24 12:22:12+00;2026-05-24 12:41:12+00;1140;59;209;13
2454;2026-05-24 12:33:56+00;2026-05-24 12:34:49+00;53;23;203;2
2455;2026-05-24 12:35:14+00;2026-05-24 13:06:14+00;1860;108;211;14
2456;2026-05-24 12:43:19+00;2026-05-24 12:44:04+00;45;29;209;2
2457;2026-05-24 12:48:43+00;2026-05-24 14:18:43+00;5400;93;222;19
2458;2026-05-24 12:48:56+00;2026-05-24 12:49:55+00;59;12;217;2
2459;2026-05-24 12:49:05+00;2026-05-24 13:36:05+00;2820;125;207;14
2460;2026-05-24 12:57:39+00;2026-05-24 12:58:33+00;54;13;222;2
2461;2026-05-24 12:59:07+00;2026-05-24 12:59:56+00;49;29;216;2
2462;2026-05-24 13:03:06+00;2026-05-24 14:22:06+00;4740;18;206;13
2463;2026-05-24 13:04:02+00;2026-05-24 13:54:02+00;3000;87;208;13
2464;2026-05-24 13:09:52+00;2026-05-24 14:03:52+00;3240;128;215;19
2465;2026-05-24 13:12:35+00;2026-05-24 13:14:15+00;100;27;212;2
2466;2026-05-24 13:17:44+00;2026-05-24 13:18:28+00;44;22;212;2
2467;2026-05-24 13:19:19+00;2026-05-24 13:20:22+00;63;17;217;2
2468;2026-05-24 13:19:49+00;2026-05-24 13:21:31+00;102;14;200;2
2469;2026-05-24 13:29:11+00;2026-05-24 14:42:11+00;4380;17;214;13
2470;2026-05-24 13:32:31+00;2026-05-24 13:33:47+00;76;23;204;2
2471;2026-05-24 13:40:28+00;2026-05-24 13:42:25+00;117;24;203;2
2472;2026-05-24 13:41:48+00;2026-05-24 14:12:48+00;1860;129;217;13
2473;2026-05-24 13:42:21+00;2026-05-24 14:27:21+00;2700;42;207;19
2474;2026-05-24 13:45:42+00;2026-05-24 14:45:42+00;3600;92;203;13
2475;2026-05-24 13:48:28+00;2026-05-24 14:26:28+00;2280;129;205;13
2476;2026-05-24 13:49:38+00;2026-05-24 14:23:38+00;2040;5;218;3
2477;2026-05-24 13:56:42+00;2026-05-24 14:24:42+00;1680;97;220;14
2478;2026-05-24 13:58:10+00;2026-05-24 13:58:58+00;48;30;200;2
2479;2026-05-24 13:58:46+00;2026-05-24 13:59:44+00;58;24;222;2
2480;2026-05-24 14:01:14+00;2026-05-24 14:57:14+00;3360;88;216;19
2481;2026-05-24 14:03:15+00;2026-05-24 14:36:15+00;1980;9;204;3
2482;2026-05-24 14:04:07+00;2026-05-24 14:37:07+00;1980;127;221;14
2483;2026-05-24 14:13:05+00;2026-05-24 14:14:36+00;91;21;210;2
2484;2026-05-24 14:13:54+00;2026-05-24 14:30:54+00;1020;118;223;14
2485;2026-05-24 14:14:07+00;2026-05-24 14:15:09+00;62;16;217;2
2486;2026-05-24 14:15:37+00;2026-05-24 14:43:37+00;1680;6;205;1
2487;2026-05-24 14:17:44+00;2026-05-24 14:43:44+00;1560;6;222;3
2488;2026-05-24 14:18:29+00;2026-05-24 14:20:01+00;92;24;200;2
2489;2026-05-24 14:21:29+00;2026-05-24 14:23:12+00;103;11;214;2
2490;2026-05-24 14:23:15+00;2026-05-24 14:24:35+00;80;22;216;2
2491;2026-05-24 14:29:32+00;2026-05-24 15:00:32+00;1860;125;210;19
2492;2026-05-24 14:31:21+00;2026-05-24 14:33:09+00;108;21;222;2
2493;2026-05-24 14:35:55+00;2026-05-24 15:06:55+00;1860;48;208;19
2494;2026-05-24 14:36:02+00;2026-05-24 14:37:57+00;115;29;220;2
2495;2026-05-24 14:37:04+00;2026-05-24 14:37:58+00;54;28;200;2
2496;2026-05-24 14:59:20+00;2026-05-24 15:53:20+00;3240;86;217;14
2497;2026-05-24 15:03:59+00;2026-05-24 15:05:17+00;78;30;213;2
2498;2026-05-24 15:05:38+00;2026-05-24 15:30:38+00;1500;9;209;3
2499;2026-05-24 15:17:18+00;2026-05-24 15:19:01+00;103;20;201;2
2500;2026-05-24 15:20:06+00;2026-05-24 15:48:06+00;1680;10;208;3
2501;2026-05-24 15:22:55+00;2026-05-24 15:23:53+00;58;15;213;2
2502;2026-05-24 15:26:26+00;2026-05-24 15:28:12+00;106;15;214;2
2503;2026-05-24 15:28:15+00;2026-05-24 15:29:31+00;76;16;211;2
2504;2026-05-24 15:32:48+00;2026-05-24 15:33:28+00;40;15;218;2
2505;2026-05-24 15:48:06+00;2026-05-24 16:14:06+00;1560;124;203;13
2506;2026-05-24 15:51:15+00;2026-05-24 15:52:24+00;69;20;221;2
2507;2026-05-24 15:52:41+00;2026-05-24 16:08:41+00;960;104;203;13
2508;2026-05-24 15:57:01+00;2026-05-24 15:58:25+00;84;30;206;2
2509;2026-05-24 15:58:05+00;2026-05-24 16:13:05+00;900;26;219;19
2510;2026-05-24 16:00:11+00;2026-05-24 16:02:11+00;120;20;202;2
2511;2026-05-24 16:04:09+00;2026-05-24 16:05:00+00;51;17;202;2
2512;2026-05-24 16:07:28+00;2026-05-24 16:45:28+00;2280;95;219;13
2513;2026-05-24 16:13:55+00;2026-05-24 16:14:52+00;57;10;221;2
2514;2026-05-24 16:20:26+00;2026-05-24 16:22:10+00;104;28;208;2
2515;2026-05-24 16:27:00+00;2026-05-24 16:28:10+00;70;29;218;2
2516;2026-05-24 16:29:57+00;2026-05-24 17:32:57+00;3780;146;219;14
2517;2026-05-24 16:37:13+00;2026-05-24 16:38:50+00;97;25;211;2
2518;2026-05-24 16:39:52+00;2026-05-24 17:25:52+00;2760;98;210;14
2519;2026-05-24 16:40:42+00;2026-05-24 18:07:42+00;5220;129;215;14
2520;2026-05-24 16:42:10+00;2026-05-24 16:44:00+00;110;22;203;2
2521;2026-05-24 16:46:00+00;2026-05-24 16:47:11+00;71;10;217;2
2522;2026-05-24 16:50:31+00;2026-05-24 17:58:31+00;4080;91;222;14
2523;2026-05-24 16:52:36+00;2026-05-24 18:15:36+00;4980;120;215;13
2524;2026-05-24 17:00:36+00;2026-05-24 17:02:20+00;104;30;201;2
2525;2026-05-24 17:01:59+00;2026-05-24 17:03:22+00;83;27;205;2
2526;2026-05-24 17:04:57+00;2026-05-24 17:06:05+00;68;10;218;2
2527;2026-05-24 17:06:17+00;2026-05-24 17:07:36+00;79;15;204;2
2528;2026-05-24 17:07:17+00;2026-05-24 18:30:17+00;4980;30;213;14
2529;2026-05-24 17:21:21+00;2026-05-24 17:23:14+00;113;18;220;2
2530;2026-05-24 17:23:31+00;2026-05-24 17:24:43+00;72;14;207;2
2531;2026-05-24 17:23:52+00;2026-05-24 17:24:32+00;40;20;205;2
2532;2026-05-24 17:33:12+00;2026-05-24 17:34:02+00;50;25;212;2
2533;2026-05-24 17:42:40+00;2026-05-24 17:57:40+00;900;43;211;19
2534;2026-05-24 17:44:38+00;2026-05-24 17:45:42+00;64;11;215;2
2535;2026-05-24 17:45:23+00;2026-05-24 17:47:05+00;102;21;217;2
2536;2026-05-24 17:46:26+00;2026-05-24 17:47:23+00;57;21;220;2
2537;2026-05-24 17:47:13+00;2026-05-24 17:48:45+00;92;16;204;2
2538;2026-05-24 17:48:09+00;2026-05-24 17:49:46+00;97;11;206;2
2539;2026-05-24 17:51:11+00;2026-05-24 18:31:11+00;2400;12;200;14
2540;2026-05-24 18:03:17+00;2026-05-24 18:04:17+00;60;24;221;2
2541;2026-05-24 18:09:47+00;2026-05-24 19:21:47+00;4320;120;200;13
2542;2026-05-24 18:13:18+00;2026-05-24 19:24:18+00;4260;125;221;14
2543;2026-05-24 18:22:23+00;2026-05-24 18:50:23+00;1680;131;200;19
2544;2026-05-24 18:37:09+00;2026-05-24 19:54:09+00;4620;27;201;13
2545;2026-05-24 18:46:56+00;2026-05-24 19:37:56+00;3060;12;218;19
2546;2026-05-24 18:52:18+00;2026-05-24 18:53:56+00;98;22;214;2
2547;2026-05-24 18:52:26+00;2026-05-24 19:27:26+00;2100;99;207;14
2548;2026-05-24 18:59:38+00;2026-05-24 19:00:44+00;66;30;203;2
2549;2026-05-24 19:00:15+00;2026-05-24 19:01:35+00;80;27;220;2
2550;2026-05-24 19:04:29+00;2026-05-24 19:48:29+00;2640;13;223;19
2551;2026-05-24 19:05:53+00;2026-05-24 20:10:53+00;3900;69;220;19
2552;2026-05-24 19:07:44+00;2026-05-24 20:13:44+00;3960;148;212;19
2553;2026-05-24 19:14:51+00;2026-05-24 19:31:51+00;1020;33;216;13
2554;2026-05-24 19:16:35+00;2026-05-24 19:17:53+00;78;28;208;2
2555;2026-05-24 19:23:43+00;2026-05-24 20:52:43+00;5340;109;202;14
2556;2026-05-24 19:25:33+00;2026-05-24 19:26:13+00;40;30;220;2
2557;2026-05-24 19:36:40+00;2026-05-24 19:37:24+00;44;15;217;2
2558;2026-05-24 19:37:41+00;2026-05-24 20:51:41+00;4440;105;209;19
2559;2026-05-24 19:41:08+00;2026-05-24 20:05:08+00;1440;42;206;14
2560;2026-05-24 19:46:34+00;2026-05-24 20:54:34+00;4080;145;217;13
2561;2026-05-24 19:52:44+00;2026-05-24 20:20:44+00;1680;98;205;14
2562;2026-05-24 19:55:02+00;2026-05-24 19:56:05+00;63;12;202;2
2563;2026-05-24 20:06:23+00;2026-05-24 20:58:23+00;3120;47;217;13
2564;2026-05-24 20:24:06+00;2026-05-24 20:25:17+00;71;30;210;2
2565;2026-05-24 20:27:44+00;2026-05-24 20:28:25+00;41;23;201;2
2566;2026-05-24 20:28:02+00;2026-05-24 20:29:24+00;82;11;202;2
2567;2026-05-24 20:33:15+00;2026-05-24 21:41:15+00;4080;147;210;19
2568;2026-05-24 20:48:18+00;2026-05-24 21:54:18+00;3960;104;208;13
2569;2026-05-24 20:56:17+00;2026-05-24 21:47:17+00;3060;133;220;14
2570;2026-05-24 20:57:09+00;2026-05-24 20:58:13+00;64;26;204;2
2571;2026-05-24 21:03:40+00;2026-05-24 21:05:07+00;87;24;212;2
2572;2026-05-24 21:07:09+00;2026-05-24 21:08:58+00;109;30;208;2
2573;2026-05-24 21:07:48+00;2026-05-24 22:17:48+00;4200;120;218;13
2574;2026-05-24 21:14:26+00;2026-05-24 22:00:26+00;2760;138;206;13
2575;2026-05-24 21:15:57+00;2026-05-24 21:16:55+00;58;15;200;2
2576;2026-05-24 21:18:48+00;2026-05-24 22:33:48+00;4500;79;213;19
2577;2026-05-24 21:22:58+00;2026-05-24 21:24:49+00;111;18;210;2
2578;2026-05-24 21:25:03+00;2026-05-24 21:25:45+00;42;20;218;2
2579;2026-05-24 21:27:02+00;2026-05-24 21:28:31+00;89;24;215;2
2580;2026-05-24 21:28:43+00;2026-05-24 22:48:43+00;4800;14;200;13
2581;2026-05-24 21:36:52+00;2026-05-24 22:43:52+00;4020;133;212;14
2582;2026-05-24 21:40:11+00;2026-05-24 21:41:34+00;83;10;223;2
2583;2026-05-24 21:41:07+00;2026-05-24 22:44:07+00;3780;65;216;19
2584;2026-05-24 21:41:21+00;2026-05-24 22:59:21+00;4680;17;207;13
2585;2026-05-24 21:55:29+00;2026-05-24 21:57:05+00;96;12;207;2
2586;2026-05-24 21:56:17+00;2026-05-24 22:13:17+00;1020;16;207;13
2587;2026-05-24 21:56:31+00;2026-05-24 22:54:31+00;3480;96;219;14
2588;2026-05-24 22:00:23+00;2026-05-24 23:23:23+00;4980;98;206;14
2589;2026-05-24 22:01:35+00;2026-05-24 23:31:35+00;5400;32;202;13
2590;2026-05-24 22:02:29+00;2026-05-24 22:55:29+00;3180;120;205;13
2591;2026-05-24 22:02:42+00;2026-05-24 22:32:42+00;1800;49;205;19
2592;2026-05-24 22:06:08+00;2026-05-24 22:07:05+00;57;23;223;2
2593;2026-05-24 22:11:10+00;2026-05-24 22:56:10+00;2700;99;201;13
2594;2026-05-24 22:15:07+00;2026-05-24 22:16:14+00;67;26;204;2
2595;2026-05-24 22:27:55+00;2026-05-24 22:59:55+00;1920;72;204;13
2596;2026-05-24 22:32:13+00;2026-05-24 23:16:13+00;2640;109;204;13
2597;2026-05-24 22:34:47+00;2026-05-24 23:05:47+00;1860;93;208;14
2598;2026-05-24 22:40:30+00;2026-05-24 22:42:10+00;100;21;210;2
2599;2026-05-24 22:43:45+00;2026-05-24 22:45:29+00;104;19;223;2
2600;2026-05-24 22:44:07+00;2026-05-24 22:45:33+00;86;30;206;2
2601;2026-05-24 22:46:12+00;2026-05-24 22:47:30+00;78;30;213;2
2602;2026-05-24 22:48:38+00;2026-05-24 23:19:38+00;1860;150;212;19
2603;2026-05-24 22:51:08+00;2026-05-24 22:52:18+00;70;17;221;2
2604;2026-05-24 22:59:42+00;2026-05-24 23:00:41+00;59;11;219;2
2605;2026-05-24 23:01:14+00;2026-05-24 23:02:18+00;64;15;208;2
2606;2026-05-24 23:05:47+00;2026-05-25 00:15:47+00;4200;37;215;13
2607;2026-05-24 23:06:57+00;2026-05-24 23:08:01+00;64;13;214;2
2608;2026-05-24 23:07:02+00;2026-05-25 00:22:02+00;4500;106;219;14
2609;2026-05-24 23:11:22+00;2026-05-24 23:53:22+00;2520;105;221;13
2610;2026-05-24 23:20:45+00;2026-05-25 00:16:45+00;3360;88;200;19
2611;2026-05-24 23:30:40+00;2026-05-25 00:39:40+00;4140;95;223;14
2612;2026-05-24 23:32:43+00;2026-05-24 23:34:38+00;115;14;215;2
2613;2026-05-24 23:34:11+00;2026-05-24 23:35:48+00;97;24;204;2
2614;2026-05-24 23:40:54+00;2026-05-25 00:20:54+00;2400;44;200;19
2615;2026-05-24 23:48:51+00;2026-05-25 00:30:51+00;2520;79;206;19
2616;2026-05-24 23:57:45+00;2026-05-25 01:07:45+00;4200;149;201;19
2617;2026-05-25 00:11:02+00;2026-05-25 00:12:59+00;117;20;219;2
2618;2026-05-25 00:18:14+00;2026-05-25 00:19:40+00;86;12;215;2
2619;2026-05-25 00:45:33+00;2026-05-25 00:47:02+00;89;24;203;2
2620;2026-05-25 00:46:59+00;2026-05-25 00:48:28+00;89;17;210;2
2621;2026-05-25 06:05:18+00;2026-05-25 06:06:15+00;57;11;203;2
2622;2026-05-25 06:12:08+00;2026-05-25 06:13:16+00;68;19;202;2
2623;2026-05-25 06:12:27+00;2026-05-25 06:51:27+00;2340;106;216;14
2624;2026-05-25 06:17:09+00;2026-05-25 06:18:14+00;65;18;211;2
2625;2026-05-25 06:19:34+00;2026-05-25 06:20:31+00;57;28;221;2
2626;2026-05-25 06:23:18+00;2026-05-25 06:24:15+00;57;14;207;2
2627;2026-05-25 06:26:00+00;2026-05-25 06:50:00+00;1440;143;200;19
2628;2026-05-25 06:34:06+00;2026-05-25 07:18:06+00;2640;52;200;13
2629;2026-05-25 06:34:34+00;2026-05-25 07:01:34+00;1620;23;214;13
2630;2026-05-25 06:40:27+00;2026-05-25 07:49:27+00;4140;127;204;13
2631;2026-05-25 06:40:31+00;2026-05-25 07:56:31+00;4560;46;217;14
2632;2026-05-25 06:42:58+00;2026-05-25 06:43:43+00;45;23;209;2
2633;2026-05-25 06:52:40+00;2026-05-25 06:54:14+00;94;30;205;2
2634;2026-05-25 07:04:14+00;2026-05-25 07:06:12+00;118;30;201;2
2635;2026-05-25 07:08:38+00;2026-05-25 07:09:38+00;60;26;205;2
2636;2026-05-25 07:10:25+00;2026-05-25 07:11:17+00;52;12;218;2
2637;2026-05-25 07:17:01+00;2026-05-25 08:25:01+00;4080;69;210;14
2638;2026-05-25 07:17:39+00;2026-05-25 07:18:38+00;59;24;220;2
2639;2026-05-25 07:18:56+00;2026-05-25 08:09:56+00;3060;67;206;14
2640;2026-05-25 07:19:51+00;2026-05-25 07:20:33+00;42;20;212;2
2641;2026-05-25 07:24:22+00;2026-05-25 08:24:22+00;3600;118;218;19
2642;2026-05-25 07:25:46+00;2026-05-25 08:37:46+00;4320;79;201;13
2643;2026-05-25 07:27:05+00;2026-05-25 08:31:05+00;3840;99;205;14
2644;2026-05-25 07:30:47+00;2026-05-25 07:32:43+00;116;17;202;2
2645;2026-05-25 07:38:22+00;2026-05-25 08:12:22+00;2040;118;200;14
2646;2026-05-25 07:42:53+00;2026-05-25 07:43:44+00;51;22;214;2
2647;2026-05-25 07:46:06+00;2026-05-25 08:36:06+00;3000;18;222;19
2648;2026-05-25 07:47:53+00;2026-05-25 07:49:43+00;110;19;204;2
2649;2026-05-25 07:52:53+00;2026-05-25 08:59:53+00;4020;19;217;19
2650;2026-05-25 07:59:53+00;2026-05-25 08:34:53+00;2100;6;204;3
2651;2026-05-25 08:01:29+00;2026-05-25 08:02:28+00;59;20;200;2
2652;2026-05-25 08:09:50+00;2026-05-25 09:28:50+00;4740;136;204;19
2653;2026-05-25 08:14:23+00;2026-05-25 08:15:47+00;84;18;219;2
2654;2026-05-25 08:14:37+00;2026-05-25 08:43:37+00;1740;8;212;1
2655;2026-05-25 08:28:00+00;2026-05-25 08:29:44+00;104;21;200;2
2656;2026-05-25 08:34:49+00;2026-05-25 08:36:27+00;98;12;212;2
2657;2026-05-25 08:36:30+00;2026-05-25 09:05:30+00;1740;10;215;3
2658;2026-05-25 08:37:20+00;2026-05-25 08:39:12+00;112;19;209;2
2659;2026-05-25 08:54:41+00;2026-05-25 08:56:00+00;79;27;218;2
2660;2026-05-25 08:55:32+00;2026-05-25 09:23:32+00;1680;30;214;19
2661;2026-05-25 08:57:29+00;2026-05-25 08:58:37+00;68;28;203;2
2662;2026-05-25 09:00:02+00;2026-05-25 09:01:58+00;116;27;217;2
2663;2026-05-25 09:06:52+00;2026-05-25 09:08:06+00;74;10;221;2
2664;2026-05-25 09:07:51+00;2026-05-25 09:44:51+00;2220;139;209;19
2665;2026-05-25 09:11:42+00;2026-05-25 09:12:22+00;40;11;214;2
2666;2026-05-25 09:12:47+00;2026-05-25 09:14:33+00;106;23;207;2
2667;2026-05-25 09:16:01+00;2026-05-25 09:54:01+00;2280;142;211;19
2668;2026-05-25 09:20:59+00;2026-05-25 10:31:59+00;4260;67;217;13
2669;2026-05-25 09:22:25+00;2026-05-25 09:23:27+00;62;24;223;2
2670;2026-05-25 09:24:28+00;2026-05-25 10:16:28+00;3120;23;223;13
2671;2026-05-25 09:26:30+00;2026-05-25 09:58:30+00;1920;127;203;13
2672;2026-05-25 09:26:34+00;2026-05-25 09:44:34+00;1080;9;218;1
2673;2026-05-25 09:29:11+00;2026-05-25 10:01:11+00;1920;43;208;19
2674;2026-05-25 09:59:01+00;2026-05-25 10:15:01+00;960;88;219;19
2675;2026-05-25 10:02:16+00;2026-05-25 10:04:06+00;110;29;210;2
2676;2026-05-25 10:03:00+00;2026-05-25 11:04:00+00;3660;42;211;13
2677;2026-05-25 10:05:27+00;2026-05-25 10:21:27+00;960;14;206;14
2678;2026-05-25 10:07:50+00;2026-05-25 10:09:49+00;119;23;201;2
2679;2026-05-25 10:13:16+00;2026-05-25 10:14:51+00;95;17;203;2
2680;2026-05-25 10:13:32+00;2026-05-25 11:26:32+00;4380;63;220;19
2681;2026-05-25 10:13:55+00;2026-05-25 10:15:53+00;118;28;214;2
2682;2026-05-25 10:16:58+00;2026-05-25 10:51:58+00;2100;20;219;13
2683;2026-05-25 10:19:54+00;2026-05-25 10:20:50+00;56;23;214;2
2684;2026-05-25 10:24:25+00;2026-05-25 10:26:09+00;104;24;212;2
2685;2026-05-25 10:25:19+00;2026-05-25 10:26:00+00;41;23;223;2
2686;2026-05-25 10:25:30+00;2026-05-25 10:58:30+00;1980;7;207;3
2687;2026-05-25 10:25:53+00;2026-05-25 10:27:13+00;80;27;200;2
2688;2026-05-25 10:54:43+00;2026-05-25 11:50:43+00;3360;20;211;14
2689;2026-05-25 11:02:35+00;2026-05-25 11:03:58+00;83;22;201;2
2690;2026-05-25 11:08:27+00;2026-05-25 11:10:14+00;107;26;209;2
2691;2026-05-25 11:10:17+00;2026-05-25 11:49:17+00;2340;35;202;19
2692;2026-05-25 11:23:13+00;2026-05-25 12:53:13+00;5400;88;221;13
2693;2026-05-25 11:25:22+00;2026-05-25 11:51:22+00;1560;71;206;13
2694;2026-05-25 11:25:53+00;2026-05-25 11:54:53+00;1740;115;222;19
2695;2026-05-25 11:26:37+00;2026-05-25 11:27:38+00;61;29;206;2
2696;2026-05-25 11:30:50+00;2026-05-25 12:30:50+00;3600;41;203;14
2697;2026-05-25 11:31:50+00;2026-05-25 12:07:50+00;2160;70;212;13
2698;2026-05-25 11:39:20+00;2026-05-25 11:40:11+00;51;19;201;2
2699;2026-05-25 11:39:56+00;2026-05-25 12:27:56+00;2880;18;213;19
2700;2026-05-25 11:41:15+00;2026-05-25 12:19:15+00;2280;48;200;19
2701;2026-05-25 11:44:48+00;2026-05-25 11:45:53+00;65;15;204;2
2702;2026-05-25 11:48:47+00;2026-05-25 13:08:47+00;4800;48;217;19
2703;2026-05-25 11:48:49+00;2026-05-25 13:00:49+00;4320;32;204;13
2704;2026-05-25 11:56:33+00;2026-05-25 12:52:33+00;3360;146;211;19
2705;2026-05-25 12:00:27+00;2026-05-25 13:25:27+00;5100;79;207;14
2706;2026-05-25 12:02:12+00;2026-05-25 12:03:47+00;95;21;210;2
2707;2026-05-25 12:03:43+00;2026-05-25 12:05:36+00;113;16;200;2
2708;2026-05-25 12:04:36+00;2026-05-25 12:31:36+00;1620;5;202;1
2709;2026-05-25 12:07:54+00;2026-05-25 12:33:54+00;1560;46;209;14
2710;2026-05-25 12:10:44+00;2026-05-25 13:03:44+00;3180;106;203;13
2711;2026-05-25 12:13:05+00;2026-05-25 12:39:05+00;1560;68;202;19
2712;2026-05-25 12:13:29+00;2026-05-25 13:21:29+00;4080;32;205;14
2713;2026-05-25 12:13:34+00;2026-05-25 12:15:01+00;87;23;202;2
2714;2026-05-25 12:24:06+00;2026-05-25 12:45:06+00;1260;28;223;19
2715;2026-05-25 12:27:04+00;2026-05-25 13:10:04+00;2580;80;216;13
2716;2026-05-25 12:29:34+00;2026-05-25 13:32:34+00;3780;92;217;13
2717;2026-05-25 12:42:52+00;2026-05-25 12:43:55+00;63;19;217;2
2718;2026-05-25 12:46:53+00;2026-05-25 12:48:01+00;68;17;217;2
2719;2026-05-25 12:49:37+00;2026-05-25 13:12:37+00;1380;9;208;3
2720;2026-05-25 12:49:44+00;2026-05-25 13:58:44+00;4140;64;204;13
2721;2026-05-25 12:53:37+00;2026-05-25 14:08:37+00;4500;23;213;19
2722;2026-05-25 12:53:47+00;2026-05-25 14:05:47+00;4320;64;214;14
2723;2026-05-25 12:58:23+00;2026-05-25 13:16:23+00;1080;47;220;19
2724;2026-05-25 13:01:02+00;2026-05-25 13:02:33+00;91;27;216;2
2725;2026-05-25 13:04:06+00;2026-05-25 13:05:03+00;57;15;215;2
2726;2026-05-25 13:04:23+00;2026-05-25 14:11:23+00;4020;135;215;19
2727;2026-05-25 13:10:23+00;2026-05-25 13:12:10+00;107;17;210;2
2728;2026-05-25 13:13:17+00;2026-05-25 14:28:17+00;4500;51;210;14
2729;2026-05-25 13:14:06+00;2026-05-25 13:16:02+00;116;16;219;2
2730;2026-05-25 13:14:45+00;2026-05-25 13:16:07+00;82;12;221;2
2731;2026-05-25 13:15:01+00;2026-05-25 13:40:01+00;1500;128;213;14
2732;2026-05-25 13:18:50+00;2026-05-25 14:01:50+00;2580;140;221;14
2733;2026-05-25 13:21:08+00;2026-05-25 13:23:07+00;119;17;219;2
2734;2026-05-25 13:23:28+00;2026-05-25 13:24:29+00;61;18;216;2
2735;2026-05-25 13:23:56+00;2026-05-25 13:25:52+00;116;11;202;2
2736;2026-05-25 13:25:03+00;2026-05-25 13:26:28+00;85;15;207;2
2737;2026-05-25 13:31:39+00;2026-05-25 14:25:39+00;3240;142;202;13
2738;2026-05-25 13:46:42+00;2026-05-25 13:48:25+00;103;21;200;2
2739;2026-05-25 13:47:29+00;2026-05-25 14:23:29+00;2160;9;221;3
2740;2026-05-25 13:47:33+00;2026-05-25 13:49:13+00;100;10;211;2
2741;2026-05-25 13:48:57+00;2026-05-25 14:27:57+00;2340;7;216;3
2742;2026-05-25 13:50:49+00;2026-05-25 13:52:21+00;92;12;202;2
2743;2026-05-25 13:51:37+00;2026-05-25 13:53:29+00;112;15;206;2
2744;2026-05-25 13:51:45+00;2026-05-25 14:26:45+00;2100;9;200;3
2745;2026-05-25 13:53:53+00;2026-05-25 13:54:41+00;48;21;208;2
2746;2026-05-25 13:58:20+00;2026-05-25 14:15:20+00;1020;17;202;13
2747;2026-05-25 14:04:43+00;2026-05-25 14:21:43+00;1020;43;210;14
2748;2026-05-25 14:13:09+00;2026-05-25 14:14:21+00;72;27;217;2
2749;2026-05-25 14:16:10+00;2026-05-25 14:18:04+00;114;29;202;2
2750;2026-05-25 14:21:20+00;2026-05-25 14:22:52+00;92;26;208;2
2751;2026-05-25 14:23:11+00;2026-05-25 14:54:11+00;1860;20;221;14
2752;2026-05-25 14:33:12+00;2026-05-25 15:17:12+00;2640;147;222;14
2753;2026-05-25 14:33:54+00;2026-05-25 14:59:54+00;1560;5;219;3
2754;2026-05-25 14:37:00+00;2026-05-25 15:05:00+00;1680;85;207;14
2755;2026-05-25 14:37:23+00;2026-05-25 15:49:23+00;4320;38;213;19
2756;2026-05-25 14:42:17+00;2026-05-25 15:15:17+00;1980;77;200;19
2757;2026-05-25 14:42:41+00;2026-05-25 14:44:41+00;120;26;223;2
2758;2026-05-25 14:49:20+00;2026-05-25 14:50:24+00;64;15;221;2
2759;2026-05-25 14:53:24+00;2026-05-25 14:54:13+00;49;13;209;2
2760;2026-05-25 15:00:07+00;2026-05-25 15:20:07+00;1200;114;204;19
2761;2026-05-25 15:00:15+00;2026-05-25 15:01:18+00;63;29;209;2
2762;2026-05-25 15:05:54+00;2026-05-25 15:07:43+00;109;18;207;2
2763;2026-05-25 15:11:21+00;2026-05-25 16:07:21+00;3360;95;216;14
2764;2026-05-25 15:17:13+00;2026-05-25 16:11:13+00;3240;146;212;13
2765;2026-05-25 15:20:02+00;2026-05-25 15:21:46+00;104;27;215;2
2766;2026-05-25 15:26:12+00;2026-05-25 16:31:12+00;3900;125;209;19
2767;2026-05-25 15:28:46+00;2026-05-25 15:48:46+00;1200;9;218;3
2768;2026-05-25 15:29:30+00;2026-05-25 15:52:30+00;1380;85;209;14
2769;2026-05-25 15:32:40+00;2026-05-25 15:50:40+00;1080;86;214;19
2770;2026-05-25 15:40:01+00;2026-05-25 15:41:55+00;114;30;208;2
2771;2026-05-25 15:41:41+00;2026-05-25 16:23:41+00;2520;68;207;19
2772;2026-05-25 15:46:18+00;2026-05-25 15:47:43+00;85;18;201;2
2773;2026-05-25 15:51:50+00;2026-05-25 16:52:50+00;3660;111;213;14
2774;2026-05-25 15:57:57+00;2026-05-25 16:58:57+00;3660;60;205;19
2775;2026-05-25 16:00:30+00;2026-05-25 16:01:42+00;72;25;205;2
2776;2026-05-25 16:04:11+00;2026-05-25 16:05:34+00;83;23;216;2
2777;2026-05-25 16:14:42+00;2026-05-25 16:16:00+00;78;27;203;2
2778;2026-05-25 16:20:15+00;2026-05-25 17:39:15+00;4740;93;216;19
2779;2026-05-25 16:20:34+00;2026-05-25 17:34:34+00;4440;23;220;13
2780;2026-05-25 16:22:25+00;2026-05-25 16:23:43+00;78;23;213;2
2781;2026-05-25 16:36:26+00;2026-05-25 18:05:26+00;5340;68;222;14
2782;2026-05-25 16:38:48+00;2026-05-25 16:40:19+00;91;24;201;2
2783;2026-05-25 16:41:11+00;2026-05-25 17:25:11+00;2640;60;220;14
2784;2026-05-25 16:47:12+00;2026-05-25 16:48:04+00;52;14;222;2
2785;2026-05-25 16:54:26+00;2026-05-25 18:13:26+00;4740;56;212;14
2786;2026-05-25 16:55:50+00;2026-05-25 16:56:43+00;53;22;208;2
2787;2026-05-25 16:57:41+00;2026-05-25 16:59:19+00;98;11;220;2
2788;2026-05-25 17:06:52+00;2026-05-25 17:08:02+00;70;12;219;2
2789;2026-05-25 17:12:47+00;2026-05-25 17:13:45+00;58;14;201;2
2790;2026-05-25 17:14:31+00;2026-05-25 17:15:26+00;55;25;206;2
2791;2026-05-25 17:20:53+00;2026-05-25 17:22:32+00;99;26;222;2
2792;2026-05-25 17:30:16+00;2026-05-25 18:14:16+00;2640;91;203;13
2793;2026-05-25 17:37:06+00;2026-05-25 17:38:20+00;74;24;204;2
2794;2026-05-25 17:38:16+00;2026-05-25 17:54:16+00;960;101;221;19
2795;2026-05-25 17:41:11+00;2026-05-25 17:43:09+00;118;27;222;2
2796;2026-05-25 17:46:26+00;2026-05-25 17:47:30+00;64;19;206;2
2797;2026-05-25 17:51:01+00;2026-05-25 17:52:56+00;115;22;207;2
2798;2026-05-25 17:51:36+00;2026-05-25 17:53:25+00;109;19;220;2
2799;2026-05-25 17:52:23+00;2026-05-25 17:53:06+00;43;12;201;2
2800;2026-05-25 17:53:13+00;2026-05-25 19:00:13+00;4020;79;208;14
2801;2026-05-25 18:01:50+00;2026-05-25 18:02:52+00;62;25;214;2
2802;2026-05-25 18:06:05+00;2026-05-25 18:50:05+00;2640;43;218;14
2803;2026-05-25 18:15:35+00;2026-05-25 19:18:35+00;3780;110;206;13
2804;2026-05-25 18:19:19+00;2026-05-25 18:21:01+00;102;30;204;2
2805;2026-05-25 18:20:08+00;2026-05-25 18:21:56+00;108;26;211;2
2806;2026-05-25 18:20:42+00;2026-05-25 18:21:48+00;66;21;221;2
2807;2026-05-25 18:21:22+00;2026-05-25 19:24:22+00;3780;24;203;19
2808;2026-05-25 18:27:31+00;2026-05-25 19:45:31+00;4680;150;209;19
2809;2026-05-25 18:28:09+00;2026-05-25 18:29:38+00;89;15;223;2
2810;2026-05-25 18:34:36+00;2026-05-25 19:05:36+00;1860;147;221;19
2811;2026-05-25 18:40:22+00;2026-05-25 18:41:37+00;75;22;211;2
2812;2026-05-25 18:42:05+00;2026-05-25 20:11:05+00;5340;26;209;14
2813;2026-05-25 18:42:27+00;2026-05-25 18:43:59+00;92;22;205;2
2814;2026-05-25 18:43:04+00;2026-05-25 19:33:04+00;3000;120;215;14
2815;2026-05-25 18:47:57+00;2026-05-25 18:48:48+00;51;21;214;2
2816;2026-05-25 19:10:49+00;2026-05-25 19:55:49+00;2700;113;207;19
2817;2026-05-25 19:16:34+00;2026-05-25 19:18:27+00;113;11;200;2
2818;2026-05-25 19:27:07+00;2026-05-25 19:28:12+00;65;18;216;2
2819;2026-05-25 19:37:49+00;2026-05-25 20:14:49+00;2220;104;213;14
2820;2026-05-25 19:38:18+00;2026-05-25 19:39:49+00;91;28;220;2
2821;2026-05-25 19:41:59+00;2026-05-25 20:39:59+00;3480;21;222;13
2822;2026-05-25 19:46:34+00;2026-05-25 19:47:22+00;48;28;203;2
2823;2026-05-25 19:49:22+00;2026-05-25 21:19:22+00;5400;126;201;19
2824;2026-05-25 19:53:28+00;2026-05-25 19:55:09+00;101;28;214;2
2825;2026-05-25 19:56:58+00;2026-05-25 19:58:34+00;96;12;220;2
2826;2026-05-25 20:13:22+00;2026-05-25 21:10:22+00;3420;117;203;14
2827;2026-05-25 20:16:57+00;2026-05-25 20:18:53+00;116;25;219;2
2828;2026-05-25 20:20:44+00;2026-05-25 21:26:44+00;3960;107;201;14
2829;2026-05-25 20:21:07+00;2026-05-25 21:48:07+00;5220;103;218;19
2830;2026-05-25 20:26:32+00;2026-05-25 20:47:32+00;1260;138;208;19
2831;2026-05-25 20:43:15+00;2026-05-25 20:44:01+00;46;11;213;2
2832;2026-05-25 20:49:46+00;2026-05-25 21:43:46+00;3240;35;220;13
2833;2026-05-25 20:50:44+00;2026-05-25 21:35:44+00;2700;60;222;13
2834;2026-05-25 20:51:08+00;2026-05-25 20:52:16+00;68;11;213;2
2835;2026-05-25 20:52:32+00;2026-05-25 20:54:13+00;101;11;208;2
2836;2026-05-25 20:53:36+00;2026-05-25 20:54:24+00;48;21;220;2
2837;2026-05-25 20:58:09+00;2026-05-25 20:59:55+00;106;23;220;2
2838;2026-05-25 21:02:26+00;2026-05-25 21:04:04+00;98;14;222;2
2839;2026-05-25 21:05:14+00;2026-05-25 21:06:08+00;54;22;220;2
2840;2026-05-25 21:09:50+00;2026-05-25 21:11:36+00;106;17;200;2
2841;2026-05-25 21:10:30+00;2026-05-25 21:11:37+00;67;21;209;2
2842;2026-05-25 21:13:21+00;2026-05-25 22:09:21+00;3360;95;202;14
2843;2026-05-25 21:20:41+00;2026-05-25 22:09:41+00;2940;95;208;19
2844;2026-05-25 21:22:50+00;2026-05-25 22:37:50+00;4500;146;205;19
2845;2026-05-25 21:23:42+00;2026-05-25 22:22:42+00;3540;76;204;14
2846;2026-05-25 21:23:47+00;2026-05-25 21:24:40+00;53;12;214;2
2847;2026-05-25 21:35:46+00;2026-05-25 21:37:29+00;103;12;216;2
2848;2026-05-25 21:39:29+00;2026-05-25 21:41:09+00;100;27;216;2
2849;2026-05-25 21:40:37+00;2026-05-25 21:41:49+00;72;23;219;2
2850;2026-05-25 21:42:47+00;2026-05-25 21:43:36+00;49;20;213;2
2851;2026-05-25 21:52:54+00;2026-05-25 21:54:19+00;85;16;205;2
2852;2026-05-25 21:59:17+00;2026-05-25 22:22:17+00;1380;73;210;14
2853;2026-05-25 22:00:41+00;2026-05-25 22:01:29+00;48;20;202;2
2854;2026-05-25 22:14:43+00;2026-05-25 22:16:14+00;91;11;212;2
2855;2026-05-25 22:31:18+00;2026-05-25 22:32:46+00;88;19;210;2
2856;2026-05-25 22:31:21+00;2026-05-25 22:32:32+00;71;20;215;2
2857;2026-05-25 22:32:53+00;2026-05-25 23:42:53+00;4200;132;200;19
2858;2026-05-25 22:41:52+00;2026-05-25 22:42:54+00;62;30;204;2
2859;2026-05-25 22:48:21+00;2026-05-25 22:50:05+00;104;16;203;2
2860;2026-05-25 22:53:06+00;2026-05-25 22:54:15+00;69;23;215;2
2861;2026-05-25 22:53:56+00;2026-05-25 23:12:56+00;1140;79;219;14
2862;2026-05-25 23:01:27+00;2026-05-25 23:02:39+00;72;24;212;2
2863;2026-05-25 23:01:28+00;2026-05-25 23:02:16+00;48;19;215;2
2864;2026-05-25 23:08:45+00;2026-05-25 23:10:38+00;113;24;218;2
2865;2026-05-25 23:11:18+00;2026-05-26 00:30:18+00;4740;114;223;19
2866;2026-05-25 23:12:03+00;2026-05-25 23:12:56+00;53;29;212;2
2867;2026-05-25 23:22:34+00;2026-05-25 23:24:17+00;103;21;222;2
2868;2026-05-25 23:40:24+00;2026-05-26 00:33:24+00;3180;133;219;13
2869;2026-05-25 23:42:52+00;2026-05-26 00:57:52+00;4500;35;215;13
2870;2026-05-25 23:51:11+00;2026-05-25 23:52:55+00;104;25;222;2
2871;2026-05-25 23:56:15+00;2026-05-26 00:15:15+00;1140;75;208;19
2872;2026-05-25 23:58:57+00;2026-05-26 01:17:57+00;4740;96;215;14
2873;2026-05-26 00:19:40+00;2026-05-26 00:20:44+00;64;30;216;2
2874;2026-05-26 00:20:54+00;2026-05-26 00:21:58+00;64;19;222;2
2875;2026-05-26 00:30:57+00;2026-05-26 00:32:11+00;74;29;218;2
2876;2026-05-26 00:40:35+00;2026-05-26 00:41:42+00;67;15;223;2
2877;2026-05-26 00:50:57+00;2026-05-26 00:52:20+00;83;22;207;2
2878;2026-05-26 00:58:11+00;2026-05-26 00:59:15+00;64;27;209;2
2879;2026-05-26 06:06:52+00;2026-05-26 06:56:52+00;3000;13;213;19
2880;2026-05-26 06:07:22+00;2026-05-26 07:23:22+00;4560;99;203;19
2881;2026-05-26 06:12:29+00;2026-05-26 07:32:29+00;4800;115;204;13
2882;2026-05-26 06:25:04+00;2026-05-26 07:27:04+00;3720;107;220;13
2883;2026-05-26 06:25:26+00;2026-05-26 06:26:13+00;47;19;200;2
2884;2026-05-26 06:35:41+00;2026-05-26 06:36:21+00;40;11;211;2
2885;2026-05-26 06:36:22+00;2026-05-26 07:03:22+00;1620;56;217;13
2886;2026-05-26 06:37:02+00;2026-05-26 06:38:21+00;79;20;203;2
2887;2026-05-26 06:49:32+00;2026-05-26 06:50:44+00;72;13;208;2
2888;2026-05-26 06:52:58+00;2026-05-26 06:53:50+00;52;10;208;2
2889;2026-05-26 07:13:45+00;2026-05-26 08:20:45+00;4020;60;220;19
2890;2026-05-26 07:14:20+00;2026-05-26 07:16:20+00;120;21;210;2
2891;2026-05-26 07:15:59+00;2026-05-26 07:34:59+00;1140;56;207;13
2892;2026-05-26 07:19:29+00;2026-05-26 07:21:01+00;92;25;223;2
2893;2026-05-26 07:22:32+00;2026-05-26 07:40:32+00;1080;117;200;13
2894;2026-05-26 07:23:02+00;2026-05-26 08:06:02+00;2580;88;212;19
2895;2026-05-26 07:44:03+00;2026-05-26 07:45:15+00;72;12;215;2
2896;2026-05-26 07:47:31+00;2026-05-26 08:47:31+00;3600;61;212;13
2897;2026-05-26 07:49:43+00;2026-05-26 07:51:09+00;86;19;213;2
2898;2026-05-26 07:55:12+00;2026-05-26 09:08:12+00;4380;73;205;19
2899;2026-05-26 07:55:46+00;2026-05-26 07:57:07+00;81;13;211;2
2900;2026-05-26 07:58:50+00;2026-05-26 08:00:27+00;97;30;211;2
2901;2026-05-26 08:32:44+00;2026-05-26 08:34:12+00;88;14;202;2
2902;2026-05-26 08:41:02+00;2026-05-26 08:42:28+00;86;24;213;2
2903;2026-05-26 08:41:05+00;2026-05-26 09:04:05+00;1380;7;210;3
2904;2026-05-26 08:42:29+00;2026-05-26 10:02:29+00;4800;123;219;19
2905;2026-05-26 08:48:34+00;2026-05-26 10:13:34+00;5100;77;202;14
2906;2026-05-26 09:03:10+00;2026-05-26 10:22:10+00;4740;132;218;14
2907;2026-05-26 09:15:36+00;2026-05-26 09:48:36+00;1980;9;215;3
2908;2026-05-26 09:22:50+00;2026-05-26 10:43:50+00;4860;23;220;13
2909;2026-05-26 09:27:06+00;2026-05-26 09:28:11+00;65;10;217;2
2910;2026-05-26 09:28:20+00;2026-05-26 09:56:20+00;1680;5;201;3
2911;2026-05-26 09:35:38+00;2026-05-26 09:36:32+00;54;28;220;2
2912;2026-05-26 09:36:50+00;2026-05-26 09:55:50+00;1140;72;209;13
2913;2026-05-26 09:40:24+00;2026-05-26 09:41:38+00;74;16;201;2
2914;2026-05-26 09:42:34+00;2026-05-26 09:44:20+00;106;10;218;2
2915;2026-05-26 09:44:06+00;2026-05-26 09:45:40+00;94;15;213;2
2916;2026-05-26 10:00:56+00;2026-05-26 10:02:48+00;112;26;221;2
2917;2026-05-26 10:02:13+00;2026-05-26 10:03:21+00;68;12;208;2
2918;2026-05-26 10:08:46+00;2026-05-26 10:09:46+00;60;14;214;2
2919;2026-05-26 10:09:33+00;2026-05-26 10:37:33+00;1680;9;222;1
2920;2026-05-26 10:11:53+00;2026-05-26 10:12:46+00;53;28;206;2
2921;2026-05-26 10:15:10+00;2026-05-26 11:17:10+00;3720;100;204;19
2922;2026-05-26 10:17:24+00;2026-05-26 10:18:33+00;69;29;209;2
2923;2026-05-26 10:20:49+00;2026-05-26 10:22:06+00;77;23;207;2
2924;2026-05-26 10:29:01+00;2026-05-26 11:42:01+00;4380;133;218;14
2925;2026-05-26 10:35:40+00;2026-05-26 11:45:40+00;4200;54;201;14
2926;2026-05-26 10:36:52+00;2026-05-26 10:37:53+00;61;30;204;2
2927;2026-05-26 10:42:59+00;2026-05-26 10:43:43+00;44;13;220;2
2928;2026-05-26 10:43:20+00;2026-05-26 10:45:17+00;117;28;202;2
2929;2026-05-26 10:43:29+00;2026-05-26 10:44:31+00;62;24;215;2
2930;2026-05-26 10:44:08+00;2026-05-26 10:45:33+00;85;14;211;2
2931;2026-05-26 10:44:26+00;2026-05-26 10:45:15+00;49;16;207;2
2932;2026-05-26 10:47:47+00;2026-05-26 12:10:47+00;4980;34;214;13
2933;2026-05-26 10:52:45+00;2026-05-26 10:54:19+00;94;21;218;2
2934;2026-05-26 10:59:07+00;2026-05-26 11:20:07+00;1260;6;217;3
2935;2026-05-26 11:00:45+00;2026-05-26 11:02:13+00;88;19;207;2
2936;2026-05-26 11:04:02+00;2026-05-26 11:57:02+00;3180;104;207;14
2937;2026-05-26 11:15:49+00;2026-05-26 12:09:49+00;3240;112;220;19
2938;2026-05-26 11:23:50+00;2026-05-26 11:25:21+00;91;23;206;2
2939;2026-05-26 11:24:40+00;2026-05-26 11:40:40+00;960;92;222;19
2940;2026-05-26 11:29:13+00;2026-05-26 11:30:01+00;48;16;201;2
2941;2026-05-26 11:34:33+00;2026-05-26 11:52:33+00;1080;51;211;13
2942;2026-05-26 11:38:05+00;2026-05-26 11:39:21+00;76;22;203;2
2943;2026-05-26 11:41:52+00;2026-05-26 11:57:52+00;960;101;214;19
2944;2026-05-26 11:43:24+00;2026-05-26 12:06:24+00;1380;131;202;13
2945;2026-05-26 11:44:24+00;2026-05-26 11:45:12+00;48;27;210;2
2946;2026-05-26 11:49:15+00;2026-05-26 12:31:15+00;2520;103;216;19
2947;2026-05-26 11:52:07+00;2026-05-26 11:52:58+00;51;13;204;2
2948;2026-05-26 11:54:13+00;2026-05-26 11:54:55+00;42;20;206;2
2949;2026-05-26 12:17:06+00;2026-05-26 13:41:06+00;5040;111;210;14
2950;2026-05-26 12:17:49+00;2026-05-26 12:19:49+00;120;14;208;2
2951;2026-05-26 12:20:37+00;2026-05-26 12:22:02+00;85;14;214;2
2952;2026-05-26 12:26:32+00;2026-05-26 12:27:50+00;78;27;204;2
2953;2026-05-26 12:29:34+00;2026-05-26 12:30:30+00;56;10;206;2
2954;2026-05-26 12:37:59+00;2026-05-26 12:39:47+00;108;23;213;2
2955;2026-05-26 12:39:20+00;2026-05-26 14:05:20+00;5160;107;202;14
2956;2026-05-26 12:41:57+00;2026-05-26 12:57:57+00;960;82;221;13
2957;2026-05-26 12:42:43+00;2026-05-26 14:05:43+00;4980;91;207;14
2958;2026-05-26 12:50:07+00;2026-05-26 14:14:07+00;5040;72;203;19
2959;2026-05-26 12:50:18+00;2026-05-26 12:52:01+00;103;20;211;2
2960;2026-05-26 12:56:09+00;2026-05-26 12:57:55+00;106;25;216;2
2961;2026-05-26 12:56:51+00;2026-05-26 14:19:51+00;4980;43;201;19
2962;2026-05-26 12:58:01+00;2026-05-26 12:59:13+00;72;14;221;2
2963;2026-05-26 13:02:52+00;2026-05-26 13:30:52+00;1680;10;201;1
2964;2026-05-26 13:05:45+00;2026-05-26 13:07:31+00;106;17;203;2
2965;2026-05-26 13:08:05+00;2026-05-26 13:08:53+00;48;25;200;2
2966;2026-05-26 13:10:23+00;2026-05-26 13:11:44+00;81;10;210;2
2967;2026-05-26 13:12:42+00;2026-05-26 13:13:32+00;50;20;202;2
2968;2026-05-26 13:13:15+00;2026-05-26 13:14:33+00;78;14;222;2
2969;2026-05-26 13:14:11+00;2026-05-26 14:07:11+00;3180;32;216;19
2970;2026-05-26 13:20:29+00;2026-05-26 13:22:07+00;98;27;209;2
2971;2026-05-26 13:21:34+00;2026-05-26 14:17:34+00;3360;95;221;19
2972;2026-05-26 13:25:10+00;2026-05-26 13:26:31+00;81;15;202;2
2973;2026-05-26 13:29:43+00;2026-05-26 13:55:43+00;1560;10;219;3
2974;2026-05-26 13:33:56+00;2026-05-26 13:35:42+00;106;16;218;2
2975;2026-05-26 13:35:56+00;2026-05-26 13:37:40+00;104;20;207;2
2976;2026-05-26 13:40:00+00;2026-05-26 13:41:02+00;62;19;200;2
2977;2026-05-26 13:40:39+00;2026-05-26 13:41:52+00;73;11;214;2
2978;2026-05-26 13:40:56+00;2026-05-26 14:15:56+00;2100;6;221;3
2979;2026-05-26 13:43:34+00;2026-05-26 13:45:26+00;112;23;223;2
2980;2026-05-26 13:48:21+00;2026-05-26 14:52:21+00;3840;52;201;19
2981;2026-05-26 13:53:32+00;2026-05-26 14:16:32+00;1380;65;208;14
2982;2026-05-26 13:58:14+00;2026-05-26 13:59:34+00;80;16;208;2
2983;2026-05-26 13:59:32+00;2026-05-26 14:59:32+00;3600;122;207;19
2984;2026-05-26 14:02:54+00;2026-05-26 15:13:54+00;4260;54;209;14
2985;2026-05-26 14:05:21+00;2026-05-26 14:06:35+00;74;14;215;2
2986;2026-05-26 14:09:12+00;2026-05-26 14:09:56+00;44;26;216;2
2987;2026-05-26 14:14:04+00;2026-05-26 14:16:03+00;119;25;211;2
2988;2026-05-26 14:20:40+00;2026-05-26 14:21:31+00;51;21;204;2
2989;2026-05-26 14:22:11+00;2026-05-26 14:23:55+00;104;10;212;2
2990;2026-05-26 14:23:01+00;2026-05-26 15:43:01+00;4800;79;216;14
2991;2026-05-26 14:24:42+00;2026-05-26 14:26:41+00;119;19;219;2
2992;2026-05-26 14:24:52+00;2026-05-26 14:26:45+00;113;11;221;2
2993;2026-05-26 14:25:03+00;2026-05-26 14:26:09+00;66;11;215;2
2994;2026-05-26 14:25:18+00;2026-05-26 14:26:58+00;100;23;222;2
2995;2026-05-26 14:27:33+00;2026-05-26 14:28:29+00;56;11;218;2
2996;2026-05-26 14:29:37+00;2026-05-26 15:44:37+00;4500;62;202;19
2997;2026-05-26 14:31:11+00;2026-05-26 14:32:56+00;105;14;215;2
2998;2026-05-26 14:35:25+00;2026-05-26 14:59:25+00;1440;10;213;3
2999;2026-05-26 14:35:58+00;2026-05-26 14:36:48+00;50;14;220;2
3000;2026-05-26 14:38:17+00;2026-05-26 14:39:20+00;63;14;200;2
3001;2026-05-26 14:41:11+00;2026-05-26 14:42:08+00;57;15;211;2
3002;2026-05-26 14:47:27+00;2026-05-26 14:48:36+00;69;23;201;2
3003;2026-05-26 14:52:43+00;2026-05-26 15:23:43+00;1860;10;204;14
3004;2026-05-26 15:00:50+00;2026-05-26 15:01:30+00;40;22;210;2
3005;2026-05-26 15:01:55+00;2026-05-26 15:03:21+00;86;15;209;2
3006;2026-05-26 15:07:00+00;2026-05-26 15:57:00+00;3000;139;209;14
3007;2026-05-26 15:15:11+00;2026-05-26 15:17:03+00;112;23;204;2
3008;2026-05-26 15:29:24+00;2026-05-26 16:55:24+00;5160;127;218;14
3009;2026-05-26 15:31:08+00;2026-05-26 16:03:08+00;1920;6;214;3
3010;2026-05-26 15:32:48+00;2026-05-26 17:02:48+00;5400;85;210;13
3011;2026-05-26 15:34:16+00;2026-05-26 15:36:02+00;106;23;217;2
3012;2026-05-26 15:45:27+00;2026-05-26 15:46:20+00;53;28;221;2
3013;2026-05-26 15:47:37+00;2026-05-26 15:49:00+00;83;24;221;2
3014;2026-05-26 15:49:15+00;2026-05-26 16:26:15+00;2220;66;206;14
3015;2026-05-26 15:49:36+00;2026-05-26 17:00:36+00;4260;45;213;14
3016;2026-05-26 15:50:42+00;2026-05-26 16:55:42+00;3900;24;209;19
3017;2026-05-26 16:02:23+00;2026-05-26 17:17:23+00;4500;97;215;14
3018;2026-05-26 16:09:28+00;2026-05-26 16:10:18+00;50;15;208;2
3019;2026-05-26 16:13:46+00;2026-05-26 16:14:55+00;69;16;201;2
3020;2026-05-26 16:21:08+00;2026-05-26 16:52:08+00;1860;145;205;14
3021;2026-05-26 16:30:34+00;2026-05-26 17:09:34+00;2340;31;208;14
3022;2026-05-26 16:33:05+00;2026-05-26 17:27:05+00;3240;25;223;13
3023;2026-05-26 16:50:01+00;2026-05-26 17:14:01+00;1440;85;222;14
3024;2026-05-26 16:52:06+00;2026-05-26 16:53:52+00;106;15;219;2
3025;2026-05-26 16:54:35+00;2026-05-26 16:56:23+00;108;29;205;2
3026;2026-05-26 17:04:27+00;2026-05-26 17:05:35+00;68;17;200;2
3027;2026-05-26 17:11:19+00;2026-05-26 17:12:50+00;91;28;212;2
3028;2026-05-26 17:19:55+00;2026-05-26 18:15:55+00;3360;31;216;13
3029;2026-05-26 17:21:10+00;2026-05-26 17:23:07+00;117;20;201;2
3030;2026-05-26 17:23:55+00;2026-05-26 18:18:55+00;3300;105;222;19
3031;2026-05-26 17:25:35+00;2026-05-26 17:26:41+00;66;22;200;2
3032;2026-05-26 17:27:28+00;2026-05-26 18:06:28+00;2340;115;217;19
3033;2026-05-26 17:34:21+00;2026-05-26 17:36:03+00;102;18;213;2
3034;2026-05-26 17:36:45+00;2026-05-26 19:01:45+00;5100;94;205;19
3035;2026-05-26 17:37:14+00;2026-05-26 17:38:27+00;73;12;223;2
3036;2026-05-26 17:42:38+00;2026-05-26 19:07:38+00;5100;17;207;13
3037;2026-05-26 17:45:49+00;2026-05-26 18:37:49+00;3120;12;215;13
3038;2026-05-26 17:47:13+00;2026-05-26 17:47:57+00;44;29;202;2
3039;2026-05-26 17:58:10+00;2026-05-26 18:00:08+00;118;13;214;2
3040;2026-05-26 18:02:28+00;2026-05-26 18:37:28+00;2100;64;222;19
3041;2026-05-26 18:05:12+00;2026-05-26 18:06:31+00;79;26;216;2
3042;2026-05-26 18:09:17+00;2026-05-26 18:10:41+00;84;20;216;2
3043;2026-05-26 18:13:00+00;2026-05-26 18:13:46+00;46;15;200;2
3044;2026-05-26 18:31:41+00;2026-05-26 18:32:59+00;78;25;205;2
3045;2026-05-26 18:32:22+00;2026-05-26 19:52:22+00;4800;25;217;13
3046;2026-05-26 18:33:28+00;2026-05-26 18:34:44+00;76;13;222;2
3047;2026-05-26 18:36:18+00;2026-05-26 19:05:18+00;1740;48;210;14
3048;2026-05-26 18:45:25+00;2026-05-26 19:21:25+00;2160;23;200;13
3049;2026-05-26 19:07:47+00;2026-05-26 20:26:47+00;4740;95;214;13
3050;2026-05-26 19:08:13+00;2026-05-26 19:48:13+00;2400;99;200;13
3051;2026-05-26 19:12:28+00;2026-05-26 19:13:31+00;63;13;202;2
3052;2026-05-26 19:15:00+00;2026-05-26 19:16:47+00;107;13;202;2
3053;2026-05-26 19:17:12+00;2026-05-26 19:36:12+00;1140;64;210;13
3054;2026-05-26 19:18:54+00;2026-05-26 20:38:54+00;4800;71;223;14
3055;2026-05-26 19:23:38+00;2026-05-26 19:51:38+00;1680;86;215;19
3056;2026-05-26 19:28:35+00;2026-05-26 19:55:35+00;1620;120;202;13
3057;2026-05-26 19:35:20+00;2026-05-26 19:36:45+00;85;25;220;2
3058;2026-05-26 19:41:24+00;2026-05-26 19:42:04+00;40;21;221;2
3059;2026-05-26 19:49:05+00;2026-05-26 19:49:52+00;47;16;219;2
3060;2026-05-26 19:51:54+00;2026-05-26 21:11:54+00;4800;19;219;19
3061;2026-05-26 19:52:21+00;2026-05-26 20:10:21+00;1080;59;211;13
3062;2026-05-26 19:52:45+00;2026-05-26 19:54:45+00;120;21;218;2
3063;2026-05-26 19:53:36+00;2026-05-26 21:19:36+00;5160;125;205;13
3064;2026-05-26 19:54:04+00;2026-05-26 20:14:04+00;1200;141;220;14
3065;2026-05-26 20:03:01+00;2026-05-26 20:03:45+00;44;19;206;2
3066;2026-05-26 20:07:49+00;2026-05-26 20:08:39+00;50;17;207;2
3067;2026-05-26 20:09:01+00;2026-05-26 20:09:50+00;49;27;221;2
3068;2026-05-26 20:20:59+00;2026-05-26 21:34:59+00;4440;52;216;13
3069;2026-05-26 20:24:13+00;2026-05-26 21:35:13+00;4260;90;200;13
3070;2026-05-26 20:24:58+00;2026-05-26 20:26:38+00;100;26;216;2
3071;2026-05-26 20:42:19+00;2026-05-26 20:43:04+00;45;16;217;2
3072;2026-05-26 20:47:50+00;2026-05-26 20:48:40+00;50;15;210;2
3073;2026-05-26 20:48:41+00;2026-05-26 21:43:41+00;3300;89;221;19
3074;2026-05-26 20:49:28+00;2026-05-26 20:50:54+00;86;15;216;2
3075;2026-05-26 20:51:04+00;2026-05-26 21:29:04+00;2280;60;211;14
3076;2026-05-26 20:59:54+00;2026-05-26 21:39:54+00;2400;97;208;14
3077;2026-05-26 21:01:23+00;2026-05-26 21:30:23+00;1740;115;206;13
3078;2026-05-26 21:09:51+00;2026-05-26 21:10:39+00;48;29;217;2
3079;2026-05-26 21:10:03+00;2026-05-26 21:29:03+00;1140;76;217;14
3080;2026-05-26 21:16:17+00;2026-05-26 21:18:05+00;108;16;212;2
3081;2026-05-26 21:16:47+00;2026-05-26 21:31:47+00;900;70;206;14
3082;2026-05-26 21:26:07+00;2026-05-26 22:11:07+00;2700;140;210;14
3083;2026-05-26 21:26:10+00;2026-05-26 21:47:10+00;1260;66;220;13
3084;2026-05-26 21:32:26+00;2026-05-26 21:34:09+00;103;19;222;2
3085;2026-05-26 21:35:08+00;2026-05-26 21:35:52+00;44;12;215;2
3086;2026-05-26 21:39:23+00;2026-05-26 22:48:23+00;4140;57;212;14
3087;2026-05-26 21:44:36+00;2026-05-26 21:45:36+00;60;24;200;2
3088;2026-05-26 21:46:12+00;2026-05-26 21:47:41+00;89;11;218;2
3089;2026-05-26 21:47:00+00;2026-05-26 22:38:00+00;3060;108;210;19
3090;2026-05-26 21:50:04+00;2026-05-26 21:51:01+00;57;11;206;2
3091;2026-05-26 21:53:18+00;2026-05-26 21:54:08+00;50;11;207;2
3092;2026-05-26 21:54:34+00;2026-05-26 21:56:02+00;88;21;213;2
3093;2026-05-26 21:55:45+00;2026-05-26 22:13:45+00;1080;27;213;13
3094;2026-05-26 21:58:54+00;2026-05-26 22:00:10+00;76;28;205;2
3095;2026-05-26 21:59:45+00;2026-05-26 22:00:31+00;46;26;203;2
3096;2026-05-26 22:00:26+00;2026-05-26 23:23:26+00;4980;57;218;14
3097;2026-05-26 22:04:07+00;2026-05-26 22:48:07+00;2640;16;219;13
3098;2026-05-26 22:16:38+00;2026-05-26 23:12:38+00;3360;78;206;13
3099;2026-05-26 22:22:51+00;2026-05-26 22:48:51+00;1560;139;209;19
3100;2026-05-26 22:26:46+00;2026-05-26 22:28:06+00;80;20;215;2
3101;2026-05-26 22:27:04+00;2026-05-26 23:45:04+00;4680;56;223;19
3102;2026-05-26 22:32:09+00;2026-05-26 23:32:09+00;3600;18;215;14
3103;2026-05-26 22:35:08+00;2026-05-26 23:12:08+00;2220;59;205;13
3104;2026-05-26 22:37:53+00;2026-05-26 22:38:38+00;45;28;218;2
3105;2026-05-26 22:38:32+00;2026-05-27 00:06:32+00;5280;71;202;13
3106;2026-05-26 22:40:26+00;2026-05-26 22:41:43+00;77;13;223;2
3107;2026-05-26 22:49:36+00;2026-05-27 00:11:36+00;4920;144;219;14
3108;2026-05-26 22:50:47+00;2026-05-26 22:51:44+00;57;10;203;2
3109;2026-05-26 22:50:49+00;2026-05-26 23:07:49+00;1020;115;218;13
3110;2026-05-26 22:53:41+00;2026-05-26 22:55:06+00;85;23;218;2
3111;2026-05-26 22:53:50+00;2026-05-26 23:16:50+00;1380;95;222;13
3112;2026-05-26 22:56:44+00;2026-05-26 22:58:23+00;99;26;204;2
3113;2026-05-26 22:59:18+00;2026-05-26 23:01:03+00;105;22;205;2
3114;2026-05-26 23:00:02+00;2026-05-27 00:01:02+00;3660;30;209;13
3115;2026-05-26 23:09:15+00;2026-05-26 23:50:15+00;2460;57;223;14
3116;2026-05-26 23:10:31+00;2026-05-26 23:11:38+00;67;28;214;2
3117;2026-05-26 23:18:46+00;2026-05-27 00:30:46+00;4320;29;203;13
3118;2026-05-26 23:28:12+00;2026-05-26 23:29:16+00;64;23;208;2
3119;2026-05-26 23:29:14+00;2026-05-26 23:31:02+00;108;14;206;2
3120;2026-05-26 23:30:46+00;2026-05-27 00:49:46+00;4740;97;208;14
3121;2026-05-26 23:30:47+00;2026-05-26 23:31:33+00;46;21;205;2
3122;2026-05-26 23:36:26+00;2026-05-26 23:38:26+00;120;17;211;2
3123;2026-05-26 23:38:44+00;2026-05-26 23:39:24+00;40;17;209;2
3124;2026-05-26 23:42:43+00;2026-05-26 23:43:38+00;55;12;219;2
3125;2026-05-26 23:50:30+00;2026-05-26 23:52:29+00;119;14;212;2
3126;2026-05-26 23:55:19+00;2026-05-27 01:20:19+00;5100;132;216;14
3127;2026-05-27 00:00:58+00;2026-05-27 00:02:46+00;108;18;208;2
3128;2026-05-27 00:11:34+00;2026-05-27 00:12:53+00;79;11;219;2
3129;2026-05-27 00:13:04+00;2026-05-27 00:14:48+00;104;11;207;2
3130;2026-05-27 00:26:44+00;2026-05-27 00:27:54+00;70;10;217;2
3131;2026-05-27 00:30:29+00;2026-05-27 00:31:55+00;86;17;220;2
3132;2026-05-27 00:36:33+00;2026-05-27 00:37:43+00;70;14;202;2
3133;2026-05-27 00:40:30+00;2026-05-27 00:42:17+00;107;26;222;2
3134;2026-05-27 00:43:49+00;2026-05-27 00:44:35+00;46;10;217;2
3135;2026-05-27 00:48:17+00;2026-05-27 00:49:19+00;62;21;204;2
3136;2026-05-27 00:55:45+00;2026-05-27 00:57:28+00;103;24;212;2
3137;2026-05-27 06:02:31+00;2026-05-27 06:03:32+00;61;21;220;2
3138;2026-05-27 06:11:18+00;2026-05-27 06:13:14+00;116;27;209;2
3139;2026-05-27 06:18:51+00;2026-05-27 06:19:52+00;61;28;217;2
3140;2026-05-27 06:22:39+00;2026-05-27 06:24:26+00;107;15;209;2
3141;2026-05-27 06:22:58+00;2026-05-27 06:24:45+00;107;11;203;2
3142;2026-05-27 06:26:31+00;2026-05-27 06:27:52+00;81;14;219;2
3143;2026-05-27 06:29:18+00;2026-05-27 06:30:33+00;75;20;209;2
3144;2026-05-27 06:33:28+00;2026-05-27 06:57:28+00;1440;116;222;13
3145;2026-05-27 06:36:43+00;2026-05-27 06:37:53+00;70;30;222;2
3146;2026-05-27 06:50:21+00;2026-05-27 06:51:47+00;86;20;204;2
3147;2026-05-27 06:50:30+00;2026-05-27 07:22:30+00;1920;18;215;19
3148;2026-05-27 06:54:16+00;2026-05-27 06:55:23+00;67;27;222;2
3149;2026-05-27 07:02:43+00;2026-05-27 07:03:48+00;65;29;205;2
3150;2026-05-27 07:08:12+00;2026-05-27 07:09:54+00;102;28;210;2
3151;2026-05-27 07:09:43+00;2026-05-27 07:11:39+00;116;18;219;2
3152;2026-05-27 07:15:14+00;2026-05-27 07:16:52+00;98;26;213;2
3153;2026-05-27 07:16:48+00;2026-05-27 07:18:27+00;99;17;205;2
3154;2026-05-27 07:17:50+00;2026-05-27 07:19:19+00;89;11;201;2
3155;2026-05-27 07:20:36+00;2026-05-27 07:21:42+00;66;23;205;2
3156;2026-05-27 07:22:03+00;2026-05-27 07:23:02+00;59;17;214;2
3157;2026-05-27 07:27:40+00;2026-05-27 07:28:36+00;56;26;208;2
3158;2026-05-27 07:31:03+00;2026-05-27 07:32:37+00;94;30;213;2
3159;2026-05-27 07:34:35+00;2026-05-27 08:09:35+00;2100;72;204;14
3160;2026-05-27 07:35:20+00;2026-05-27 08:58:20+00;4980;135;219;13
3161;2026-05-27 07:42:11+00;2026-05-27 08:15:11+00;1980;108;213;19
3162;2026-05-27 07:48:27+00;2026-05-27 08:14:27+00;1560;8;207;3
3163;2026-05-27 07:56:01+00;2026-05-27 09:12:01+00;4560;117;206;19
3164;2026-05-27 07:56:20+00;2026-05-27 07:58:00+00;100;29;213;2
3165;2026-05-27 07:57:04+00;2026-05-27 07:58:38+00;94;26;220;2
3166;2026-05-27 07:57:54+00;2026-05-27 07:58:47+00;53;13;222;2
3167;2026-05-27 08:00:36+00;2026-05-27 08:48:36+00;2880;53;223;19
3168;2026-05-27 08:04:10+00;2026-05-27 08:05:00+00;50;26;202;2
3169;2026-05-27 08:06:04+00;2026-05-27 08:06:51+00;47;12;215;2
3170;2026-05-27 08:10:59+00;2026-05-27 08:12:31+00;92;24;200;2
3171;2026-05-27 08:11:27+00;2026-05-27 08:31:27+00;1200;108;209;19
3172;2026-05-27 08:13:33+00;2026-05-27 09:26:33+00;4380;20;213;19
3173;2026-05-27 08:14:16+00;2026-05-27 08:15:17+00;61;26;201;2
3174;2026-05-27 08:16:28+00;2026-05-27 08:18:27+00;119;10;212;2
3175;2026-05-27 08:17:35+00;2026-05-27 08:19:08+00;93;29;203;2
3176;2026-05-27 08:20:01+00;2026-05-27 09:21:01+00;3660;147;223;14
3177;2026-05-27 08:24:22+00;2026-05-27 09:10:22+00;2760;52;215;14
3178;2026-05-27 08:27:36+00;2026-05-27 08:28:25+00;49;24;223;2
3179;2026-05-27 08:32:40+00;2026-05-27 08:34:20+00;100;16;217;2
3180;2026-05-27 08:32:47+00;2026-05-27 08:34:42+00;115;27;223;2
3181;2026-05-27 08:37:30+00;2026-05-27 09:19:30+00;2520;76;208;19
3182;2026-05-27 08:39:54+00;2026-05-27 09:36:54+00;3420;106;223;19
3183;2026-05-27 08:42:55+00;2026-05-27 08:44:29+00;94;12;209;2
3184;2026-05-27 08:44:48+00;2026-05-27 08:46:02+00;74;29;211;2
3185;2026-05-27 08:45:40+00;2026-05-27 08:46:29+00;49;27;208;2
3186;2026-05-27 08:51:12+00;2026-05-27 08:53:12+00;120;13;210;2
3187;2026-05-27 08:52:58+00;2026-05-27 09:22:58+00;1800;27;221;19
3188;2026-05-27 09:05:08+00;2026-05-27 09:05:51+00;43;24;210;2
3189;2026-05-27 09:09:57+00;2026-05-27 09:39:57+00;1800;128;213;19
3190;2026-05-27 09:13:20+00;2026-05-27 10:38:20+00;5100;56;203;19
3191;2026-05-27 09:24:13+00;2026-05-27 09:25:30+00;77;27;207;2
3192;2026-05-27 09:28:52+00;2026-05-27 09:30:47+00;115;25;205;2
3193;2026-05-27 09:30:47+00;2026-05-27 09:54:47+00;1440;5;223;3
3194;2026-05-27 09:31:27+00;2026-05-27 10:05:27+00;2040;58;217;14
3195;2026-05-27 09:44:43+00;2026-05-27 10:14:43+00;1800;33;221;13
3196;2026-05-27 09:45:40+00;2026-05-27 11:15:40+00;5400;62;209;19
3197;2026-05-27 09:48:01+00;2026-05-27 10:22:01+00;2040;33;205;14
3198;2026-05-27 09:48:53+00;2026-05-27 10:03:53+00;900;6;204;1
3199;2026-05-27 09:58:07+00;2026-05-27 09:58:53+00;46;13;214;2
3200;2026-05-27 10:08:21+00;2026-05-27 10:10:17+00;116;13;216;2
3201;2026-05-27 10:11:48+00;2026-05-27 10:32:48+00;1260;8;201;3
3202;2026-05-27 10:15:08+00;2026-05-27 11:13:08+00;3480;132;207;13
3203;2026-05-27 10:23:56+00;2026-05-27 10:24:41+00;45;23;214;2
3204;2026-05-27 10:28:11+00;2026-05-27 10:59:11+00;1860;9;210;3
3205;2026-05-27 10:34:31+00;2026-05-27 10:35:38+00;67;22;215;2
3206;2026-05-27 10:41:32+00;2026-05-27 10:43:21+00;109;19;203;2
3207;2026-05-27 10:43:53+00;2026-05-27 10:45:41+00;108;14;221;2
3208;2026-05-27 10:47:04+00;2026-05-27 11:43:04+00;3360;16;216;19
3209;2026-05-27 10:49:00+00;2026-05-27 11:15:00+00;1560;7;211;3
3210;2026-05-27 10:53:09+00;2026-05-27 11:13:09+00;1200;24;202;13
3211;2026-05-27 10:54:23+00;2026-05-27 12:10:23+00;4560;34;207;13
3212;2026-05-27 11:05:21+00;2026-05-27 11:07:12+00;111;11;213;2
3213;2026-05-27 11:05:38+00;2026-05-27 11:06:57+00;79;10;206;2
3214;2026-05-27 11:05:46+00;2026-05-27 11:37:46+00;1920;7;202;3
3215;2026-05-27 11:08:04+00;2026-05-27 11:08:49+00;45;11;221;2
3216;2026-05-27 11:26:03+00;2026-05-27 11:27:35+00;92;23;222;2
3217;2026-05-27 11:31:27+00;2026-05-27 12:51:27+00;4800;127;222;14
3218;2026-05-27 11:36:39+00;2026-05-27 11:37:30+00;51;24;220;2
3219;2026-05-27 11:46:27+00;2026-05-27 11:47:46+00;79;25;209;2
3220;2026-05-27 11:47:15+00;2026-05-27 11:48:17+00;62;19;217;2
3221;2026-05-27 11:53:30+00;2026-05-27 12:36:30+00;2580;124;201;14
3222;2026-05-27 12:05:33+00;2026-05-27 12:26:33+00;1260;7;212;3
3223;2026-05-27 12:05:38+00;2026-05-27 12:06:56+00;78;22;222;2
3224;2026-05-27 12:09:01+00;2026-05-27 12:10:54+00;113;18;204;2
3225;2026-05-27 12:09:22+00;2026-05-27 12:10:54+00;92;22;206;2
3226;2026-05-27 12:15:46+00;2026-05-27 12:53:46+00;2280;41;218;14
3227;2026-05-27 12:18:12+00;2026-05-27 12:19:33+00;81;21;223;2
3228;2026-05-27 12:20:49+00;2026-05-27 12:22:40+00;111;21;216;2
3229;2026-05-27 12:29:30+00;2026-05-27 12:59:30+00;1800;8;201;1
3230;2026-05-27 12:39:50+00;2026-05-27 13:31:50+00;3120;24;201;14
3231;2026-05-27 12:44:12+00;2026-05-27 12:46:08+00;116;19;215;2
3232;2026-05-27 12:53:33+00;2026-05-27 13:23:33+00;1800;6;221;1
3233;2026-05-27 12:55:11+00;2026-05-27 14:06:11+00;4260;45;212;13
3234;2026-05-27 13:03:30+00;2026-05-27 14:01:30+00;3480;33;200;19
3235;2026-05-27 13:05:41+00;2026-05-27 13:06:44+00;63;14;207;2
3236;2026-05-27 13:06:29+00;2026-05-27 13:24:29+00;1080;146;222;19
3237;2026-05-27 13:10:54+00;2026-05-27 13:11:37+00;43;13;207;2
3238;2026-05-27 13:11:41+00;2026-05-27 13:44:41+00;1980;52;208;13
3239;2026-05-27 13:15:09+00;2026-05-27 13:16:33+00;84;30;211;2
3240;2026-05-27 13:15:33+00;2026-05-27 13:17:19+00;106;30;218;2
3241;2026-05-27 13:18:51+00;2026-05-27 13:19:44+00;53;14;214;2
3242;2026-05-27 13:22:52+00;2026-05-27 13:23:39+00;47;18;200;2
3243;2026-05-27 13:30:30+00;2026-05-27 13:31:38+00;68;16;219;2
3244;2026-05-27 13:32:40+00;2026-05-27 13:34:00+00;80;13;220;2
3245;2026-05-27 13:34:13+00;2026-05-27 14:11:13+00;2220;9;217;3
3246;2026-05-27 13:37:10+00;2026-05-27 13:38:49+00;99;29;219;2
3247;2026-05-27 13:41:40+00;2026-05-27 13:42:48+00;68;14;211;2
3248;2026-05-27 13:44:30+00;2026-05-27 14:20:30+00;2160;49;202;13
3249;2026-05-27 13:49:58+00;2026-05-27 13:51:36+00;98;13;210;2
3250;2026-05-27 13:52:17+00;2026-05-27 13:53:28+00;71;26;203;2
3251;2026-05-27 13:57:26+00;2026-05-27 15:00:26+00;3780;29;212;19
3252;2026-05-27 13:57:55+00;2026-05-27 13:59:53+00;118;19;204;2
3253;2026-05-27 14:08:34+00;2026-05-27 14:33:34+00;1500;7;204;3
3254;2026-05-27 14:08:50+00;2026-05-27 14:34:50+00;1560;61;211;19
3255;2026-05-27 14:10:23+00;2026-05-27 14:44:23+00;2040;99;206;14
3256;2026-05-27 14:14:56+00;2026-05-27 14:16:24+00;88;17;208;2
3257;2026-05-27 14:20:11+00;2026-05-27 14:20:59+00;48;21;203;2
3258;2026-05-27 14:23:28+00;2026-05-27 14:24:19+00;51;29;204;2
3259;2026-05-27 14:26:52+00;2026-05-27 14:51:52+00;1500;64;202;13
3260;2026-05-27 14:33:34+00;2026-05-27 15:02:34+00;1740;48;220;13
3261;2026-05-27 14:33:42+00;2026-05-27 14:34:56+00;74;14;219;2
3262;2026-05-27 14:36:19+00;2026-05-27 14:38:04+00;105;17;213;2
3263;2026-05-27 14:38:43+00;2026-05-27 14:39:35+00;52;13;210;2
3264;2026-05-27 14:38:47+00;2026-05-27 14:40:26+00;99;25;223;2
3265;2026-05-27 14:47:25+00;2026-05-27 14:48:17+00;52;25;218;2
3266;2026-05-27 14:54:11+00;2026-05-27 15:25:11+00;1860;60;209;19
3267;2026-05-27 14:55:48+00;2026-05-27 14:57:43+00;115;28;212;2
3268;2026-05-27 14:58:00+00;2026-05-27 16:11:00+00;4380;148;221;19
3269;2026-05-27 14:58:27+00;2026-05-27 16:04:27+00;3960;62;207;13
3270;2026-05-27 15:00:26+00;2026-05-27 15:02:14+00;108;19;210;2
3271;2026-05-27 15:11:25+00;2026-05-27 16:22:25+00;4260;95;207;14
3272;2026-05-27 15:11:55+00;2026-05-27 15:13:16+00;81;18;212;2
3273;2026-05-27 15:21:15+00;2026-05-27 16:47:15+00;5160;32;216;13
3274;2026-05-27 15:31:15+00;2026-05-27 16:15:15+00;2640;85;220;13
3275;2026-05-27 15:32:31+00;2026-05-27 16:44:31+00;4320;70;214;14
3276;2026-05-27 15:37:05+00;2026-05-27 16:44:05+00;4020;39;220;19
3277;2026-05-27 15:40:58+00;2026-05-27 15:41:55+00;57;15;211;2
3278;2026-05-27 15:42:46+00;2026-05-27 15:44:12+00;86;13;204;2
3279;2026-05-27 15:43:19+00;2026-05-27 16:51:19+00;4080;44;209;19
3280;2026-05-27 15:44:26+00;2026-05-27 15:45:38+00;72;20;223;2
3281;2026-05-27 15:50:07+00;2026-05-27 17:06:07+00;4560;119;210;13
3282;2026-05-27 15:53:08+00;2026-05-27 17:15:08+00;4920;54;219;13
3283;2026-05-27 15:57:08+00;2026-05-27 16:56:08+00;3540;82;214;19
3284;2026-05-27 16:02:04+00;2026-05-27 17:24:04+00;4920;33;215;14
3285;2026-05-27 16:05:18+00;2026-05-27 17:01:18+00;3360;113;200;14
3286;2026-05-27 16:10:48+00;2026-05-27 16:56:48+00;2760;46;220;19
3287;2026-05-27 16:12:51+00;2026-05-27 17:27:51+00;4500;105;206;14
3288;2026-05-27 16:17:59+00;2026-05-27 17:06:59+00;2940;73;212;14
3289;2026-05-27 16:25:18+00;2026-05-27 16:26:54+00;96;18;200;2
3290;2026-05-27 16:25:19+00;2026-05-27 16:26:40+00;81;11;222;2
3291;2026-05-27 16:26:16+00;2026-05-27 16:27:50+00;94;18;201;2
3292;2026-05-27 16:31:15+00;2026-05-27 16:47:15+00;960;150;203;19
3293;2026-05-27 16:33:03+00;2026-05-27 16:53:03+00;1200;16;217;19
3294;2026-05-27 16:34:53+00;2026-05-27 16:36:07+00;74;13;211;2
3295;2026-05-27 16:45:26+00;2026-05-27 16:46:51+00;85;19;213;2
3296;2026-05-27 16:46:44+00;2026-05-27 17:46:44+00;3600;69;212;14
3297;2026-05-27 16:53:31+00;2026-05-27 16:55:04+00;93;22;204;2
3298;2026-05-27 17:03:16+00;2026-05-27 17:04:58+00;102;12;215;2
3299;2026-05-27 17:04:19+00;2026-05-27 17:05:37+00;78;28;206;2
3300;2026-05-27 17:06:09+00;2026-05-27 17:07:52+00;103;19;204;2
3301;2026-05-27 17:06:54+00;2026-05-27 17:07:35+00;41;16;222;2
3302;2026-05-27 17:16:57+00;2026-05-27 17:18:15+00;78;14;211;2
3303;2026-05-27 17:30:14+00;2026-05-27 18:14:14+00;2640;108;210;13
3304;2026-05-27 17:34:34+00;2026-05-27 19:04:34+00;5400;55;206;14
3305;2026-05-27 17:45:05+00;2026-05-27 17:45:58+00;53;18;203;2
3306;2026-05-27 17:45:11+00;2026-05-27 17:46:59+00;108;11;202;2
3307;2026-05-27 17:55:18+00;2026-05-27 17:56:01+00;43;18;222;2
3308;2026-05-27 17:58:34+00;2026-05-27 18:32:34+00;2040;95;208;14
3309;2026-05-27 18:08:13+00;2026-05-27 19:01:13+00;3180;112;207;14
3310;2026-05-27 18:13:19+00;2026-05-27 19:42:19+00;5340;143;201;19
3311;2026-05-27 18:20:20+00;2026-05-27 18:21:14+00;54;13;218;2
3312;2026-05-27 18:20:36+00;2026-05-27 18:39:36+00;1140;44;203;19
3313;2026-05-27 18:26:11+00;2026-05-27 18:27:16+00;65;10;201;2
3314;2026-05-27 18:30:31+00;2026-05-27 19:48:31+00;4680;98;211;13
3315;2026-05-27 18:34:55+00;2026-05-27 18:36:23+00;88;17;215;2
3316;2026-05-27 18:38:15+00;2026-05-27 19:41:15+00;3780;18;218;14
3317;2026-05-27 18:38:29+00;2026-05-27 19:45:29+00;4020;107;211;13
3318;2026-05-27 18:41:21+00;2026-05-27 19:00:21+00;1140;150;211;14
3319;2026-05-27 18:42:59+00;2026-05-27 19:36:59+00;3240;132;204;14
3320;2026-05-27 18:44:07+00;2026-05-27 20:05:07+00;4860;43;206;14
3321;2026-05-27 18:45:20+00;2026-05-27 18:46:54+00;94;25;220;2
3322;2026-05-27 18:45:58+00;2026-05-27 18:47:58+00;120;28;209;2
3323;2026-05-27 18:46:25+00;2026-05-27 18:48:14+00;109;27;201;2
3324;2026-05-27 18:49:54+00;2026-05-27 19:54:54+00;3900;39;207;19
3325;2026-05-27 18:53:25+00;2026-05-27 20:22:25+00;5340;145;208;13
3326;2026-05-27 18:53:39+00;2026-05-27 18:55:30+00;111;21;212;2
3327;2026-05-27 19:07:24+00;2026-05-27 19:09:00+00;96;21;203;2
3328;2026-05-27 19:09:55+00;2026-05-27 20:27:55+00;4680;149;200;13
3329;2026-05-27 19:13:40+00;2026-05-27 19:44:40+00;1860;136;202;14
3330;2026-05-27 19:13:45+00;2026-05-27 20:40:45+00;5220;79;205;13
3331;2026-05-27 19:15:39+00;2026-05-27 20:06:39+00;3060;102;203;14
3332;2026-05-27 19:19:42+00;2026-05-27 19:21:17+00;95;28;219;2
3333;2026-05-27 19:24:37+00;2026-05-27 20:43:37+00;4740;67;221;13
3334;2026-05-27 19:26:37+00;2026-05-27 19:28:29+00;112;24;201;2
3335;2026-05-27 19:30:12+00;2026-05-27 20:56:12+00;5160;33;203;14
3336;2026-05-27 19:30:13+00;2026-05-27 19:31:49+00;96;14;211;2
3337;2026-05-27 19:32:08+00;2026-05-27 19:49:08+00;1020;20;223;13
3338;2026-05-27 19:34:03+00;2026-05-27 19:35:55+00;112;26;202;2
3339;2026-05-27 19:34:11+00;2026-05-27 19:49:11+00;900;14;209;13
3340;2026-05-27 19:41:45+00;2026-05-27 20:57:45+00;4560;111;220;14
3341;2026-05-27 19:43:19+00;2026-05-27 19:44:20+00;61;20;214;2
3342;2026-05-27 19:46:56+00;2026-05-27 21:15:56+00;5340;120;216;19
3343;2026-05-27 19:49:00+00;2026-05-27 19:50:11+00;71;25;221;2
3344;2026-05-27 19:49:58+00;2026-05-27 19:51:08+00;70;17;205;2
3345;2026-05-27 19:54:26+00;2026-05-27 21:03:26+00;4140;120;203;14
3346;2026-05-27 19:59:47+00;2026-05-27 21:14:47+00;4500;107;212;19
3347;2026-05-27 20:00:17+00;2026-05-27 20:01:56+00;99;13;219;2
3348;2026-05-27 20:02:38+00;2026-05-27 21:23:38+00;4860;110;220;14
3349;2026-05-27 20:03:27+00;2026-05-27 21:18:27+00;4500;150;212;13
3350;2026-05-27 20:22:42+00;2026-05-27 21:34:42+00;4320;137;221;13
3351;2026-05-27 20:26:36+00;2026-05-27 20:28:31+00;115;27;202;2
3352;2026-05-27 20:28:07+00;2026-05-27 21:07:07+00;2340;49;215;13
3353;2026-05-27 20:34:25+00;2026-05-27 20:35:49+00;84;17;202;2
3354;2026-05-27 20:38:36+00;2026-05-27 21:42:36+00;3840;146;217;13
3355;2026-05-27 20:40:38+00;2026-05-27 20:42:01+00;83;22;205;2
3356;2026-05-27 21:01:15+00;2026-05-27 21:02:18+00;63;13;216;2
3357;2026-05-27 21:11:04+00;2026-05-27 21:12:35+00;91;13;213;2
3358;2026-05-27 21:22:08+00;2026-05-27 22:30:08+00;4080;39;202;14
3359;2026-05-27 21:23:02+00;2026-05-27 21:24:15+00;73;16;221;2
3360;2026-05-27 21:33:28+00;2026-05-27 21:34:10+00;42;11;201;2
3361;2026-05-27 21:35:18+00;2026-05-27 21:36:30+00;72;29;210;2
3362;2026-05-27 21:36:56+00;2026-05-27 21:38:56+00;120;20;202;2
3363;2026-05-27 21:41:12+00;2026-05-27 22:54:12+00;4380;108;211;19
3364;2026-05-27 21:43:01+00;2026-05-27 22:09:01+00;1560;141;215;19
3365;2026-05-27 21:47:56+00;2026-05-27 21:49:55+00;119;13;223;2
3366;2026-05-27 21:48:48+00;2026-05-27 21:49:50+00;62;17;213;2
3367;2026-05-27 21:56:45+00;2026-05-27 21:58:35+00;110;20;208;2
3368;2026-05-27 22:02:31+00;2026-05-27 23:17:31+00;4500;69;201;19
3369;2026-05-27 22:02:35+00;2026-05-27 23:07:35+00;3900;146;223;14
3370;2026-05-27 22:03:21+00;2026-05-27 22:45:21+00;2520;97;218;13
3371;2026-05-27 22:04:31+00;2026-05-27 22:06:07+00;96;11;214;2
3372;2026-05-27 22:06:57+00;2026-05-27 23:29:57+00;4980;26;214;19
3373;2026-05-27 22:14:23+00;2026-05-27 23:07:23+00;3180;128;209;19
3374;2026-05-27 22:20:13+00;2026-05-27 22:21:05+00;52;30;223;2
3375;2026-05-27 22:23:35+00;2026-05-27 23:37:35+00;4440;81;210;19
3376;2026-05-27 22:29:44+00;2026-05-27 22:46:44+00;1020;87;200;14
3377;2026-05-27 22:29:45+00;2026-05-27 22:31:15+00;90;28;216;2
3378;2026-05-27 22:33:07+00;2026-05-27 22:34:02+00;55;20;212;2
3379;2026-05-27 22:49:23+00;2026-05-27 23:17:23+00;1680;48;206;19
3380;2026-05-27 22:50:14+00;2026-05-27 22:51:40+00;86;23;211;2
3381;2026-05-27 22:56:25+00;2026-05-28 00:08:25+00;4320;74;218;19
3382;2026-05-27 22:59:13+00;2026-05-27 23:00:15+00;62;22;214;2
3383;2026-05-27 23:04:27+00;2026-05-27 23:06:27+00;120;20;204;2
3384;2026-05-27 23:17:29+00;2026-05-27 23:19:09+00;100;17;210;2
3385;2026-05-27 23:20:26+00;2026-05-27 23:22:18+00;112;28;203;2
3386;2026-05-27 23:23:46+00;2026-05-27 23:25:28+00;102;16;218;2
3387;2026-05-27 23:25:39+00;2026-05-27 23:58:39+00;1980;29;204;14
3388;2026-05-27 23:27:25+00;2026-05-27 23:29:06+00;101;30;206;2
3389;2026-05-27 23:28:09+00;2026-05-28 00:56:09+00;5280;143;205;19
3390;2026-05-27 23:39:42+00;2026-05-27 23:40:58+00;76;20;200;2
3391;2026-05-27 23:39:49+00;2026-05-28 01:05:49+00;5160;37;219;19
3392;2026-05-27 23:55:36+00;2026-05-28 00:55:36+00;3600;112;205;13
3393;2026-05-28 00:23:55+00;2026-05-28 00:25:31+00;96;22;200;2
3394;2026-05-28 00:26:59+00;2026-05-28 00:28:15+00;76;23;217;2
3395;2026-05-28 00:32:29+00;2026-05-28 00:33:13+00;44;20;205;2
3396;2026-05-28 00:34:57+00;2026-05-28 00:35:55+00;58;16;207;2
3397;2026-05-28 06:07:18+00;2026-05-28 06:30:18+00;1380;11;213;13
3398;2026-05-28 06:12:40+00;2026-05-28 06:13:23+00;43;27;220;2
3399;2026-05-28 06:13:34+00;2026-05-28 07:24:34+00;4260;100;222;19
3400;2026-05-28 06:17:13+00;2026-05-28 06:18:58+00;105;14;205;2
3401;2026-05-28 06:19:49+00;2026-05-28 07:23:49+00;3840;88;222;19
3402;2026-05-28 06:23:12+00;2026-05-28 06:25:08+00;116;16;214;2
3403;2026-05-28 06:28:53+00;2026-05-28 06:30:47+00;114;30;209;2
3404;2026-05-28 06:30:57+00;2026-05-28 07:11:57+00;2460;88;201;13
3405;2026-05-28 06:36:01+00;2026-05-28 07:34:01+00;3480;18;214;13
3406;2026-05-28 06:36:11+00;2026-05-28 06:37:46+00;95;15;219;2
3407;2026-05-28 06:36:32+00;2026-05-28 07:27:32+00;3060;23;217;14
3408;2026-05-28 06:36:51+00;2026-05-28 06:37:44+00;53;25;215;2
3409;2026-05-28 06:38:12+00;2026-05-28 06:39:13+00;61;14;222;2
3410;2026-05-28 06:46:51+00;2026-05-28 06:47:48+00;57;16;219;2
3411;2026-05-28 06:49:56+00;2026-05-28 07:08:56+00;1140;121;206;19
3412;2026-05-28 06:52:20+00;2026-05-28 07:22:20+00;1800;18;210;13
3413;2026-05-28 07:06:45+00;2026-05-28 07:07:35+00;50;25;201;2
3414;2026-05-28 07:19:29+00;2026-05-28 07:46:29+00;1620;81;207;14
3415;2026-05-28 07:31:36+00;2026-05-28 07:33:21+00;105;19;213;2
3416;2026-05-28 07:32:27+00;2026-05-28 07:33:44+00;77;30;205;2
3417;2026-05-28 07:34:22+00;2026-05-28 07:36:11+00;109;16;201;2
3418;2026-05-28 07:41:41+00;2026-05-28 07:43:38+00;117;14;203;2
3419;2026-05-28 07:43:24+00;2026-05-28 09:05:24+00;4920;138;223;13
3420;2026-05-28 07:44:40+00;2026-05-28 07:45:29+00;49;17;217;2
3421;2026-05-28 07:46:58+00;2026-05-28 07:48:57+00;119;10;206;2
3422;2026-05-28 07:59:34+00;2026-05-28 09:01:34+00;3720;29;202;13
3423;2026-05-28 08:00:46+00;2026-05-28 08:22:46+00;1320;67;209;19
3424;2026-05-28 08:01:56+00;2026-05-28 08:03:38+00;102;28;219;2
3425;2026-05-28 08:02:10+00;2026-05-28 08:03:28+00;78;27;209;2
3426;2026-05-28 08:04:27+00;2026-05-28 08:51:27+00;2820;19;219;19
3427;2026-05-28 08:12:18+00;2026-05-28 08:49:18+00;2220;8;216;3
3428;2026-05-28 08:14:18+00;2026-05-28 09:03:18+00;2940;135;208;14
3429;2026-05-28 08:22:00+00;2026-05-28 08:22:50+00;50;23;223;2
3430;2026-05-28 08:31:42+00;2026-05-28 09:16:42+00;2700;109;221;14
3431;2026-05-28 08:34:37+00;2026-05-28 09:38:37+00;3840;66;214;13
3432;2026-05-28 08:43:45+00;2026-05-28 08:44:25+00;40;13;204;2
3433;2026-05-28 08:52:14+00;2026-05-28 09:12:14+00;1200;23;205;19
3434;2026-05-28 08:56:09+00;2026-05-28 08:57:52+00;103;23;217;2
3435;2026-05-28 09:01:07+00;2026-05-28 09:02:48+00;101;22;223;2
3436;2026-05-28 09:01:23+00;2026-05-28 09:03:15+00;112;14;200;2
3437;2026-05-28 09:06:25+00;2026-05-28 09:07:25+00;60;28;210;2
3438;2026-05-28 09:13:09+00;2026-05-28 10:25:09+00;4320;112;212;14
3439;2026-05-28 09:20:35+00;2026-05-28 09:21:59+00;84;20;221;2
3440;2026-05-28 09:26:13+00;2026-05-28 10:45:13+00;4740;55;219;19
3441;2026-05-28 09:27:51+00;2026-05-28 09:58:51+00;1860;5;218;3
3442;2026-05-28 09:29:04+00;2026-05-28 09:30:38+00;94;21;213;2
3443;2026-05-28 09:29:13+00;2026-05-28 09:30:24+00;71;19;208;2
3444;2026-05-28 09:31:53+00;2026-05-28 10:48:53+00;4620;108;220;14
3445;2026-05-28 09:36:40+00;2026-05-28 09:37:36+00;56;23;209;2
3446;2026-05-28 09:36:41+00;2026-05-28 09:38:16+00;95;30;217;2
3447;2026-05-28 09:37:01+00;2026-05-28 10:55:01+00;4680;142;209;13
3448;2026-05-28 09:39:56+00;2026-05-28 10:29:56+00;3000;147;221;13
3449;2026-05-28 09:51:52+00;2026-05-28 10:45:52+00;3240;45;206;19
3450;2026-05-28 09:52:29+00;2026-05-28 10:22:29+00;1800;10;208;3
3451;2026-05-28 09:56:10+00;2026-05-28 09:57:34+00;84;11;212;2
3452;2026-05-28 10:00:03+00;2026-05-28 10:00:51+00;48;22;219;2
3453;2026-05-28 10:01:45+00;2026-05-28 10:03:19+00;94;19;218;2
3454;2026-05-28 10:07:50+00;2026-05-28 10:09:16+00;86;15;203;2
3455;2026-05-28 10:08:48+00;2026-05-28 10:10:39+00;111;13;218;2
3456;2026-05-28 10:16:17+00;2026-05-28 10:17:03+00;46;29;203;2
3457;2026-05-28 10:22:33+00;2026-05-28 10:50:33+00;1680;50;214;19
3458;2026-05-28 10:25:47+00;2026-05-28 11:40:47+00;4500;48;223;13
3459;2026-05-28 10:29:34+00;2026-05-28 11:53:34+00;5040;121;211;13
3460;2026-05-28 10:30:12+00;2026-05-28 10:31:38+00;86;15;209;2
3461;2026-05-28 10:31:26+00;2026-05-28 10:33:18+00;112;22;201;2
3462;2026-05-28 10:34:49+00;2026-05-28 11:55:49+00;4860;134;219;13
3463;2026-05-28 10:34:54+00;2026-05-28 11:41:54+00;4020;68;205;14
3464;2026-05-28 10:40:45+00;2026-05-28 10:42:02+00;77;10;204;2
3465;2026-05-28 10:44:06+00;2026-05-28 10:44:53+00;47;19;221;2
3466;2026-05-28 10:45:40+00;2026-05-28 10:47:21+00;101;15;209;2
3467;2026-05-28 10:53:21+00;2026-05-28 11:58:21+00;3900;146;215;14
3468;2026-05-28 10:54:12+00;2026-05-28 11:27:12+00;1980;8;215;3
3469;2026-05-28 11:02:52+00;2026-05-28 11:34:52+00;1920;94;201;13
3470;2026-05-28 11:03:09+00;2026-05-28 11:37:09+00;2040;17;217;13
3471;2026-05-28 11:04:49+00;2026-05-28 11:05:54+00;65;18;206;2
3472;2026-05-28 11:12:17+00;2026-05-28 12:37:17+00;5100;106;208;19
3473;2026-05-28 11:14:12+00;2026-05-28 11:15:37+00;85;12;206;2
3474;2026-05-28 11:14:54+00;2026-05-28 12:36:54+00;4920;90;203;19
3475;2026-05-28 11:25:18+00;2026-05-28 11:27:04+00;106;25;212;2
3476;2026-05-28 11:29:15+00;2026-05-28 12:04:15+00;2100;10;203;3
3477;2026-05-28 11:29:55+00;2026-05-28 11:31:07+00;72;16;210;2
3478;2026-05-28 11:31:29+00;2026-05-28 11:33:03+00;94;14;223;2
3479;2026-05-28 11:35:11+00;2026-05-28 11:56:11+00;1260;73;211;14
3480;2026-05-28 11:39:12+00;2026-05-28 11:40:49+00;97;11;202;2
3481;2026-05-28 11:51:45+00;2026-05-28 12:28:45+00;2220;41;209;13
3482;2026-05-28 11:59:24+00;2026-05-28 12:00:53+00;89;29;217;2
3483;2026-05-28 12:01:14+00;2026-05-28 12:23:14+00;1320;9;202;3
3484;2026-05-28 12:03:54+00;2026-05-28 12:41:54+00;2280;129;209;13
3485;2026-05-28 12:05:27+00;2026-05-28 12:50:27+00;2700;93;203;19
3486;2026-05-28 12:05:40+00;2026-05-28 12:07:01+00;81;18;206;2
3487;2026-05-28 12:08:59+00;2026-05-28 12:09:55+00;56;19;221;2
3488;2026-05-28 12:09:19+00;2026-05-28 12:10:41+00;82;17;218;2
3489;2026-05-28 12:11:00+00;2026-05-28 12:12:22+00;82;13;211;2
3490;2026-05-28 12:14:53+00;2026-05-28 12:45:53+00;1860;10;220;3
3491;2026-05-28 12:22:52+00;2026-05-28 13:32:52+00;4200;92;210;19
3492;2026-05-28 12:22:57+00;2026-05-28 13:34:57+00;4320;44;211;13
3493;2026-05-28 12:24:24+00;2026-05-28 12:25:39+00;75;16;222;2
3494;2026-05-28 12:25:24+00;2026-05-28 12:27:22+00;118;30;222;2
3495;2026-05-28 12:32:04+00;2026-05-28 13:37:04+00;3900;53;200;13
3496;2026-05-28 12:42:06+00;2026-05-28 13:01:06+00;1140;49;221;14
3497;2026-05-28 12:50:42+00;2026-05-28 12:51:56+00;74;15;205;2
3498;2026-05-28 12:53:14+00;2026-05-28 12:54:41+00;87;10;201;2
3499;2026-05-28 13:02:35+00;2026-05-28 13:37:35+00;2100;65;202;19
3500;2026-05-28 13:16:13+00;2026-05-28 14:37:13+00;4860;19;208;13
3501;2026-05-28 13:22:00+00;2026-05-28 13:52:00+00;1800;5;209;3
3502;2026-05-28 13:26:26+00;2026-05-28 13:27:47+00;81;24;204;2
3503;2026-05-28 13:29:30+00;2026-05-28 13:30:33+00;63;11;207;2
3504;2026-05-28 13:29:54+00;2026-05-28 13:51:54+00;1320;141;222;14
3505;2026-05-28 13:48:38+00;2026-05-28 14:28:38+00;2400;7;213;3
3506;2026-05-28 14:08:30+00;2026-05-28 14:49:30+00;2460;48;219;14
3507;2026-05-28 14:27:14+00;2026-05-28 14:28:15+00;61;22;204;2
3508;2026-05-28 14:28:01+00;2026-05-28 15:55:01+00;5220;43;217;14
3509;2026-05-28 14:33:57+00;2026-05-28 14:35:35+00;98;17;215;2
3510;2026-05-28 14:41:43+00;2026-05-28 15:18:43+00;2220;6;219;3
3511;2026-05-28 14:52:31+00;2026-05-28 14:53:25+00;54;27;219;2
3512;2026-05-28 14:57:05+00;2026-05-28 15:55:05+00;3480;145;211;19
3513;2026-05-28 14:59:00+00;2026-05-28 15:00:12+00;72;27;218;2
3514;2026-05-28 15:02:46+00;2026-05-28 15:44:46+00;2520;89;211;14
3515;2026-05-28 15:07:27+00;2026-05-28 15:32:27+00;1500;62;221;19
3516;2026-05-28 15:07:45+00;2026-05-28 15:08:51+00;66;27;205;2
3517;2026-05-28 15:13:57+00;2026-05-28 16:11:57+00;3480;123;208;19
3518;2026-05-28 15:23:53+00;2026-05-28 16:35:53+00;4320;71;205;14
3519;2026-05-28 15:25:46+00;2026-05-28 15:27:38+00;112;16;208;2
3520;2026-05-28 15:26:09+00;2026-05-28 16:48:09+00;4920;130;202;13
3521;2026-05-28 15:32:46+00;2026-05-28 15:34:11+00;85;16;211;2
3522;2026-05-28 15:32:59+00;2026-05-28 16:36:59+00;3840;81;200;19
3523;2026-05-28 15:34:33+00;2026-05-28 15:35:23+00;50;24;203;2
3524;2026-05-28 15:51:43+00;2026-05-28 15:53:13+00;90;20;220;2
3525;2026-05-28 15:55:09+00;2026-05-28 15:55:56+00;47;28;219;2
3526;2026-05-28 15:59:14+00;2026-05-28 16:01:07+00;113;22;222;2
3527;2026-05-28 16:05:33+00;2026-05-28 17:29:33+00;5040;97;214;14
3528;2026-05-28 16:11:41+00;2026-05-28 16:13:14+00;93;19;201;2
3529;2026-05-28 16:14:42+00;2026-05-28 17:43:42+00;5340;116;216;13
3530;2026-05-28 16:25:22+00;2026-05-28 17:35:22+00;4200;42;201;13
3531;2026-05-28 16:28:49+00;2026-05-28 16:30:43+00;114;17;214;2
3532;2026-05-28 16:30:17+00;2026-05-28 17:54:17+00;5040;36;212;19
3533;2026-05-28 16:35:48+00;2026-05-28 18:03:48+00;5280;120;218;19
3534;2026-05-28 16:46:25+00;2026-05-28 16:48:12+00;107;12;208;2
3535;2026-05-28 16:47:03+00;2026-05-28 16:48:00+00;57;23;218;2
3536;2026-05-28 16:51:49+00;2026-05-28 18:09:49+00;4680;30;215;19
3537;2026-05-28 17:03:42+00;2026-05-28 17:05:21+00;99;10;200;2
3538;2026-05-28 17:05:20+00;2026-05-28 17:06:22+00;62;21;220;2
3539;2026-05-28 17:05:47+00;2026-05-28 17:41:47+00;2160;93;204;13
3540;2026-05-28 17:13:21+00;2026-05-28 17:14:49+00;88;13;210;2
3541;2026-05-28 17:17:57+00;2026-05-28 17:35:57+00;1080;20;223;19
3542;2026-05-28 17:22:17+00;2026-05-28 17:23:47+00;90;19;214;2
3543;2026-05-28 17:22:53+00;2026-05-28 18:25:53+00;3780;90;204;19
3544;2026-05-28 17:23:19+00;2026-05-28 17:24:32+00;73;25;205;2
3545;2026-05-28 17:23:32+00;2026-05-28 17:24:21+00;49;12;222;2
3546;2026-05-28 17:30:20+00;2026-05-28 17:32:01+00;101;16;222;2
3547;2026-05-28 17:45:10+00;2026-05-28 17:46:16+00;66;30;220;2
3548;2026-05-28 17:59:47+00;2026-05-28 19:02:47+00;3780;23;213;13
3549;2026-05-28 18:02:10+00;2026-05-28 18:39:10+00;2220;57;212;13
3550;2026-05-28 18:02:32+00;2026-05-28 18:03:38+00;66;13;210;2
3551;2026-05-28 18:03:43+00;2026-05-28 18:05:32+00;109;27;223;2
3552;2026-05-28 18:06:38+00;2026-05-28 19:01:38+00;3300;119;210;13
3553;2026-05-28 18:11:12+00;2026-05-28 18:12:30+00;78;22;215;2
3554;2026-05-28 18:11:23+00;2026-05-28 18:41:23+00;1800;134;212;13
3555;2026-05-28 18:16:02+00;2026-05-28 19:04:02+00;2880;111;213;14
3556;2026-05-28 18:16:37+00;2026-05-28 19:36:37+00;4800;62;219;14
3557;2026-05-28 18:16:48+00;2026-05-28 19:02:48+00;2760;105;207;13
3558;2026-05-28 18:19:00+00;2026-05-28 19:35:00+00;4560;131;220;13
3559;2026-05-28 18:22:02+00;2026-05-28 18:23:36+00;94;23;221;2
3560;2026-05-28 18:22:22+00;2026-05-28 18:39:22+00;1020;129;201;13
3561;2026-05-28 18:22:22+00;2026-05-28 18:23:36+00;74;20;205;2
3562;2026-05-28 18:28:07+00;2026-05-28 18:29:16+00;69;15;212;2
3563;2026-05-28 18:33:00+00;2026-05-28 20:01:00+00;5280;84;205;19
3564;2026-05-28 18:35:48+00;2026-05-28 18:37:06+00;78;22;215;2
3565;2026-05-28 18:36:29+00;2026-05-28 19:02:29+00;1560;74;207;19
3566;2026-05-28 18:36:33+00;2026-05-28 18:38:25+00;112;26;204;2
3567;2026-05-28 18:44:51+00;2026-05-28 18:45:54+00;63;12;207;2
3568;2026-05-28 18:47:17+00;2026-05-28 18:49:11+00;114;25;212;2
3569;2026-05-28 18:53:19+00;2026-05-28 18:54:48+00;89;26;217;2
3570;2026-05-28 18:55:49+00;2026-05-28 19:48:49+00;3180;58;216;14
3571;2026-05-28 18:57:06+00;2026-05-28 20:13:06+00;4560;105;203;19
3572;2026-05-28 18:59:01+00;2026-05-28 19:00:50+00;109;24;221;2
3573;2026-05-28 18:59:31+00;2026-05-28 20:12:31+00;4380;65;205;13
3574;2026-05-28 19:00:38+00;2026-05-28 19:01:53+00;75;23;220;2
3575;2026-05-28 19:02:28+00;2026-05-28 19:03:36+00;68;12;214;2
3576;2026-05-28 19:03:26+00;2026-05-28 19:04:15+00;49;13;201;2
3577;2026-05-28 19:06:07+00;2026-05-28 19:06:55+00;48;29;204;2
3578;2026-05-28 19:08:21+00;2026-05-28 20:07:21+00;3540;32;203;14
3579;2026-05-28 19:08:28+00;2026-05-28 19:10:05+00;97;16;205;2
3580;2026-05-28 19:17:16+00;2026-05-28 19:18:20+00;64;25;216;2
3581;2026-05-28 19:18:55+00;2026-05-28 19:20:06+00;71;27;211;2
3582;2026-05-28 19:21:31+00;2026-05-28 19:44:31+00;1380;58;207;13
3583;2026-05-28 19:30:54+00;2026-05-28 20:39:54+00;4140;105;217;19
3584;2026-05-28 19:31:35+00;2026-05-28 19:32:28+00;53;22;210;2
3585;2026-05-28 19:32:49+00;2026-05-28 19:34:47+00;118;25;210;2
3586;2026-05-28 19:34:35+00;2026-05-28 19:35:34+00;59;16;201;2
3587;2026-05-28 19:39:11+00;2026-05-28 19:41:11+00;120;25;209;2
3588;2026-05-28 19:47:18+00;2026-05-28 19:48:27+00;69;10;210;2
3589;2026-05-28 20:00:03+00;2026-05-28 20:01:27+00;84;14;212;2
3590;2026-05-28 20:00:29+00;2026-05-28 20:01:35+00;66;13;211;2
3591;2026-05-28 20:08:57+00;2026-05-28 20:55:57+00;2820;77;216;14
3592;2026-05-28 20:14:04+00;2026-05-28 20:14:48+00;44;22;213;2
3593;2026-05-28 20:21:54+00;2026-05-28 20:22:56+00;62;30;213;2
3594;2026-05-28 20:21:56+00;2026-05-28 20:23:12+00;76;24;216;2
3595;2026-05-28 20:27:04+00;2026-05-28 20:28:49+00;105;25;222;2
3596;2026-05-28 20:40:53+00;2026-05-28 20:42:39+00;106;21;201;2
3597;2026-05-28 20:41:48+00;2026-05-28 21:16:48+00;2100;55;216;19
3598;2026-05-28 20:53:23+00;2026-05-28 20:54:50+00;87;27;202;2
3599;2026-05-28 20:53:40+00;2026-05-28 21:57:40+00;3840;100;200;14
3600;2026-05-28 20:57:14+00;2026-05-28 20:57:54+00;40;12;218;2
3601;2026-05-28 20:58:39+00;2026-05-28 21:00:26+00;107;24;207;2
3602;2026-05-28 21:07:20+00;2026-05-28 21:09:20+00;120;30;213;2
3603;2026-05-28 21:09:25+00;2026-05-28 21:42:25+00;1980;43;204;19
3604;2026-05-28 21:10:41+00;2026-05-28 21:12:14+00;93;27;208;2
3605;2026-05-28 21:16:31+00;2026-05-28 21:17:44+00;73;14;200;2
3606;2026-05-28 21:18:53+00;2026-05-28 22:35:53+00;4620;121;215;13
3607;2026-05-28 21:23:14+00;2026-05-28 22:35:14+00;4320;54;208;13
3608;2026-05-28 21:29:36+00;2026-05-28 21:31:29+00;113;22;219;2
3609;2026-05-28 21:35:29+00;2026-05-28 21:37:15+00;106;18;222;2
3610;2026-05-28 21:39:24+00;2026-05-28 22:23:24+00;2640;82;214;19
3611;2026-05-28 21:48:59+00;2026-05-28 21:50:24+00;85;21;200;2
3612;2026-05-28 21:49:24+00;2026-05-28 22:38:24+00;2940;46;206;14
3613;2026-05-28 21:49:42+00;2026-05-28 22:53:42+00;3840;37;206;13
3614;2026-05-28 21:53:14+00;2026-05-28 21:55:03+00;109;14;202;2
3615;2026-05-28 21:55:30+00;2026-05-28 21:56:30+00;60;27;204;2
3616;2026-05-28 21:58:44+00;2026-05-28 21:59:52+00;68;23;219;2
3617;2026-05-28 21:58:54+00;2026-05-28 23:12:54+00;4440;86;215;19
3618;2026-05-28 22:12:57+00;2026-05-28 22:14:08+00;71;12;204;2
3619;2026-05-28 22:16:24+00;2026-05-28 23:27:24+00;4260;63;203;14
3620;2026-05-28 22:17:09+00;2026-05-28 22:18:24+00;75;16;215;2
3621;2026-05-28 22:17:28+00;2026-05-28 23:37:28+00;4800;114;214;14
3622;2026-05-28 22:24:27+00;2026-05-28 22:25:23+00;56;22;200;2
3623;2026-05-28 22:32:33+00;2026-05-28 22:33:21+00;48;29;216;2
3624;2026-05-28 22:34:48+00;2026-05-28 22:58:48+00;1440;15;207;19
3625;2026-05-28 22:35:56+00;2026-05-28 22:37:22+00;86;16;206;2
3626;2026-05-28 22:37:54+00;2026-05-28 23:38:54+00;3660;115;207;14
3627;2026-05-28 22:52:16+00;2026-05-28 23:08:16+00;960;120;216;14
3628;2026-05-28 22:53:11+00;2026-05-29 00:01:11+00;4080;48;202;14
3629;2026-05-28 22:56:39+00;2026-05-28 22:58:27+00;108;13;203;2
3630;2026-05-28 23:02:04+00;2026-05-28 23:03:16+00;72;18;208;2
3631;2026-05-28 23:05:32+00;2026-05-28 23:07:16+00;104;21;207;2
3632;2026-05-28 23:07:46+00;2026-05-28 23:09:00+00;74;23;208;2
3633;2026-05-28 23:19:00+00;2026-05-29 00:47:00+00;5280;136;223;19
3634;2026-05-28 23:24:49+00;2026-05-28 23:25:44+00;55;16;200;2
3635;2026-05-28 23:29:33+00;2026-05-28 23:30:48+00;75;26;221;2
3636;2026-05-28 23:29:35+00;2026-05-29 00:49:35+00;4800;113;219;14
3637;2026-05-28 23:29:48+00;2026-05-29 00:18:48+00;2940;136;220;19
3638;2026-05-28 23:30:03+00;2026-05-29 00:22:03+00;3120;62;218;13
3639;2026-05-28 23:32:28+00;2026-05-28 23:33:51+00;83;16;209;2
3640;2026-05-28 23:32:55+00;2026-05-28 23:59:55+00;1620;62;210;13
3641;2026-05-28 23:39:44+00;2026-05-29 00:00:44+00;1260;69;218;13
3642;2026-05-28 23:49:31+00;2026-05-29 00:34:31+00;2700;148;201;19
3643;2026-05-29 00:00:51+00;2026-05-29 00:02:39+00;108;12;220;2
3644;2026-05-29 00:01:41+00;2026-05-29 00:02:27+00;46;28;210;2
3645;2026-05-29 00:10:02+00;2026-05-29 00:10:49+00;47;12;214;2
3646;2026-05-29 00:11:03+00;2026-05-29 00:12:26+00;83;20;215;2
3647;2026-05-29 00:17:07+00;2026-05-29 00:18:07+00;60;21;216;2
3648;2026-05-29 00:17:46+00;2026-05-29 00:18:37+00;51;17;203;2
3649;2026-05-29 00:20:07+00;2026-05-29 00:21:11+00;64;11;206;2
3650;2026-05-29 00:24:09+00;2026-05-29 00:25:41+00;92;21;223;2
3651;2026-05-29 00:26:59+00;2026-05-29 00:28:37+00;98;29;202;2
3652;2026-05-29 00:30:55+00;2026-05-29 00:32:25+00;90;27;211;2
3653;2026-05-29 00:39:36+00;2026-05-29 00:40:31+00;55;12;208;2
3654;2026-05-29 06:06:10+00;2026-05-29 06:07:50+00;100;22;220;2
3655;2026-05-29 06:06:31+00;2026-05-29 06:58:31+00;3120;138;219;14
3656;2026-05-29 06:10:01+00;2026-05-29 06:10:50+00;49;18;222;2
3657;2026-05-29 06:15:01+00;2026-05-29 06:16:09+00;68;29;209;2
3658;2026-05-29 06:38:23+00;2026-05-29 06:39:10+00;47;12;208;2
3659;2026-05-29 06:52:14+00;2026-05-29 06:53:24+00;70;17;218;2
3660;2026-05-29 06:52:58+00;2026-05-29 07:29:58+00;2220;144;221;14
3661;2026-05-29 06:55:02+00;2026-05-29 06:55:52+00;50;13;210;2
3662;2026-05-29 06:55:23+00;2026-05-29 07:26:23+00;1860;85;218;13
3663;2026-05-29 06:56:51+00;2026-05-29 06:58:16+00;85;10;209;2
3664;2026-05-29 06:59:06+00;2026-05-29 08:23:06+00;5040;44;216;13
3665;2026-05-29 06:59:27+00;2026-05-29 07:01:05+00;98;27;205;2
3666;2026-05-29 07:00:55+00;2026-05-29 08:01:55+00;3660;90;214;14
3667;2026-05-29 07:03:47+00;2026-05-29 07:05:44+00;117;11;209;2
3668;2026-05-29 07:13:49+00;2026-05-29 08:34:49+00;4860;65;209;14
3669;2026-05-29 07:21:05+00;2026-05-29 07:22:23+00;78;19;211;2
3670;2026-05-29 07:27:49+00;2026-05-29 08:32:49+00;3900;106;205;14
3671;2026-05-29 07:32:34+00;2026-05-29 07:34:03+00;89;15;215;2
3672;2026-05-29 07:40:15+00;2026-05-29 07:41:37+00;82;19;203;2
3673;2026-05-29 07:41:39+00;2026-05-29 07:43:07+00;88;16;207;2
3674;2026-05-29 07:44:20+00;2026-05-29 08:22:20+00;2280;10;211;3
3675;2026-05-29 07:48:56+00;2026-05-29 07:50:47+00;111;30;207;2
3676;2026-05-29 07:49:13+00;2026-05-29 08:22:13+00;1980;5;212;3
3677;2026-05-29 07:55:47+00;2026-05-29 08:20:47+00;1500;50;220;19
3678;2026-05-29 07:56:05+00;2026-05-29 09:04:05+00;4080;43;223;19
3679;2026-05-29 07:58:04+00;2026-05-29 08:18:04+00;1200;7;216;3
3680;2026-05-29 08:01:30+00;2026-05-29 08:02:53+00;83;13;201;2
3681;2026-05-29 08:12:20+00;2026-05-29 08:13:47+00;87;26;201;2
3682;2026-05-29 08:13:59+00;2026-05-29 08:14:41+00;42;12;211;2
3683;2026-05-29 08:17:07+00;2026-05-29 08:47:07+00;1800;142;219;14
3684;2026-05-29 08:17:59+00;2026-05-29 08:19:14+00;75;30;216;2
3685;2026-05-29 08:18:14+00;2026-05-29 08:48:14+00;1800;123;213;13
3686;2026-05-29 08:19:45+00;2026-05-29 08:21:20+00;95;19;219;2
3687;2026-05-29 08:25:56+00;2026-05-29 09:49:56+00;5040;51;223;14
3688;2026-05-29 08:27:16+00;2026-05-29 08:28:52+00;96;22;211;2
3689;2026-05-29 08:29:28+00;2026-05-29 09:43:28+00;4440;18;207;13
3690;2026-05-29 08:33:16+00;2026-05-29 08:34:44+00;88;18;204;2
3691;2026-05-29 08:39:10+00;2026-05-29 09:20:10+00;2460;78;221;19
3692;2026-05-29 08:41:56+00;2026-05-29 08:42:39+00;43;27;200;2
3693;2026-05-29 08:44:26+00;2026-05-29 08:45:38+00;72;10;202;2
3694;2026-05-29 08:53:46+00;2026-05-29 09:51:46+00;3480;100;208;14
3695;2026-05-29 08:57:28+00;2026-05-29 08:58:30+00;62;18;201;2
3696;2026-05-29 08:58:26+00;2026-05-29 09:15:26+00;1020;36;205;19
3697;2026-05-29 09:09:13+00;2026-05-29 10:14:13+00;3900;128;222;13
3698;2026-05-29 09:14:07+00;2026-05-29 09:15:48+00;101;15;216;2
3699;2026-05-29 09:18:44+00;2026-05-29 09:20:05+00;81;22;222;2
3700;2026-05-29 09:23:25+00;2026-05-29 10:44:25+00;4860;150;213;13
3701;2026-05-29 09:29:19+00;2026-05-29 09:56:19+00;1620;50;223;13
3702;2026-05-29 09:30:31+00;2026-05-29 10:05:31+00;2100;8;218;3
3703;2026-05-29 09:34:14+00;2026-05-29 09:35:48+00;94;30;214;2
3704;2026-05-29 09:34:14+00;2026-05-29 10:00:14+00;1560;147;217;14
3705;2026-05-29 09:34:24+00;2026-05-29 10:11:24+00;2220;125;201;13
3706;2026-05-29 09:41:46+00;2026-05-29 09:42:48+00;62;19;215;2
3707;2026-05-29 09:45:31+00;2026-05-29 10:02:31+00;1020;98;220;14
3708;2026-05-29 09:51:43+00;2026-05-29 09:53:16+00;93;28;218;2
3709;2026-05-29 09:54:47+00;2026-05-29 09:56:28+00;101;18;206;2
3710;2026-05-29 09:55:00+00;2026-05-29 09:55:45+00;45;23;216;2
3711;2026-05-29 09:55:39+00;2026-05-29 09:57:31+00;112;18;208;2
3712;2026-05-29 10:00:08+00;2026-05-29 10:01:07+00;59;13;209;2
3713;2026-05-29 10:02:37+00;2026-05-29 10:04:09+00;92;28;203;2
3714;2026-05-29 10:05:49+00;2026-05-29 11:21:49+00;4560;127;211;19
3715;2026-05-29 10:17:10+00;2026-05-29 10:18:49+00;99;18;218;2
3716;2026-05-29 10:18:04+00;2026-05-29 10:19:34+00;90;12;204;2
3717;2026-05-29 10:21:04+00;2026-05-29 11:08:04+00;2820;92;202;13
3718;2026-05-29 10:24:10+00;2026-05-29 10:25:53+00;103;15;221;2
3719;2026-05-29 10:25:41+00;2026-05-29 10:57:41+00;1920;49;204;13
3720;2026-05-29 10:31:07+00;2026-05-29 11:03:07+00;1920;20;218;13
3721;2026-05-29 10:32:24+00;2026-05-29 11:38:24+00;3960;32;221;14
3722;2026-05-29 10:32:47+00;2026-05-29 11:55:47+00;4980;76;222;14
3723;2026-05-29 10:34:15+00;2026-05-29 12:03:15+00;5340;108;222;14
3724;2026-05-29 10:36:10+00;2026-05-29 11:37:10+00;3660;93;206;19
3725;2026-05-29 10:42:54+00;2026-05-29 10:44:43+00;109;26;211;2
3726;2026-05-29 10:43:04+00;2026-05-29 10:43:47+00;43;28;218;2
3727;2026-05-29 10:44:28+00;2026-05-29 10:46:27+00;119;26;205;2
3728;2026-05-29 10:47:53+00;2026-05-29 12:05:53+00;4680;39;210;14
3729;2026-05-29 10:54:27+00;2026-05-29 10:55:45+00;78;23;213;2
3730;2026-05-29 10:56:41+00;2026-05-29 10:57:55+00;74;18;203;2
3731;2026-05-29 11:01:59+00;2026-05-29 11:41:59+00;2400;143;216;14
3732;2026-05-29 11:19:40+00;2026-05-29 11:20:44+00;64;11;222;2
3733;2026-05-29 11:29:07+00;2026-05-29 11:30:41+00;94;25;217;2
3734;2026-05-29 11:32:03+00;2026-05-29 11:33:59+00;116;11;214;2
3735;2026-05-29 11:41:52+00;2026-05-29 12:32:52+00;3060;23;202;19
3736;2026-05-29 11:45:49+00;2026-05-29 11:47:19+00;90;11;205;2
3737;2026-05-29 11:50:02+00;2026-05-29 12:41:02+00;3060;111;209;13
3738;2026-05-29 11:54:20+00;2026-05-29 11:55:11+00;51;28;216;2
3739;2026-05-29 11:54:45+00;2026-05-29 11:56:00+00;75;15;212;2
3740;2026-05-29 12:01:35+00;2026-05-29 13:08:35+00;4020;126;212;14
3741;2026-05-29 12:07:08+00;2026-05-29 12:08:51+00;103;27;208;2
3742;2026-05-29 12:08:26+00;2026-05-29 12:10:25+00;119;25;205;2
3743;2026-05-29 12:13:04+00;2026-05-29 12:14:49+00;105;26;212;2
3744;2026-05-29 12:15:37+00;2026-05-29 12:17:04+00;87;18;217;2
3745;2026-05-29 12:24:05+00;2026-05-29 12:25:16+00;71;19;206;2
3746;2026-05-29 12:24:32+00;2026-05-29 12:25:40+00;68;12;223;2
3747;2026-05-29 12:24:51+00;2026-05-29 13:14:51+00;3000;132;201;13
3748;2026-05-29 12:43:39+00;2026-05-29 12:45:31+00;112;21;217;2
3749;2026-05-29 12:49:25+00;2026-05-29 13:09:25+00;1200;150;219;19
3750;2026-05-29 12:52:31+00;2026-05-29 13:46:31+00;3240;79;221;13
3751;2026-05-29 12:52:46+00;2026-05-29 12:53:36+00;50;28;202;2
3752;2026-05-29 12:53:57+00;2026-05-29 14:13:57+00;4800;108;215;19
3753;2026-05-29 12:55:09+00;2026-05-29 13:36:09+00;2460;37;208;13
3754;2026-05-29 12:55:09+00;2026-05-29 12:55:49+00;40;27;215;2
3755;2026-05-29 12:56:54+00;2026-05-29 12:58:44+00;110;15;206;2
3756;2026-05-29 13:00:57+00;2026-05-29 13:25:57+00;1500;5;210;3
3757;2026-05-29 13:01:53+00;2026-05-29 14:27:53+00;5160;115;217;14
3758;2026-05-29 13:02:24+00;2026-05-29 13:04:05+00;101;26;221;2
3759;2026-05-29 13:07:40+00;2026-05-29 13:09:19+00;99;12;209;2
3760;2026-05-29 13:15:10+00;2026-05-29 13:16:43+00;93;23;219;2
3761;2026-05-29 13:15:17+00;2026-05-29 14:33:17+00;4680;36;213;19
3762;2026-05-29 13:19:00+00;2026-05-29 13:50:00+00;1860;30;211;14
3763;2026-05-29 13:19:38+00;2026-05-29 13:21:05+00;87;16;216;2
3764;2026-05-29 13:31:09+00;2026-05-29 13:32:51+00;102;19;212;2
3765;2026-05-29 13:33:18+00;2026-05-29 13:34:35+00;77;10;214;2
3766;2026-05-29 13:35:23+00;2026-05-29 13:36:25+00;62;20;213;2
3767;2026-05-29 13:39:06+00;2026-05-29 13:40:32+00;86;21;200;2
3768;2026-05-29 13:41:45+00;2026-05-29 14:00:45+00;1140;102;218;13
3769;2026-05-29 13:43:08+00;2026-05-29 13:44:58+00;110;18;200;2
3770;2026-05-29 13:46:42+00;2026-05-29 13:47:55+00;73;28;208;2
3771;2026-05-29 13:55:18+00;2026-05-29 13:57:10+00;112;30;202;2
3772;2026-05-29 13:55:57+00;2026-05-29 15:02:57+00;4020;87;214;13
3773;2026-05-29 13:57:58+00;2026-05-29 15:25:58+00;5280;138;221;13
3774;2026-05-29 13:59:37+00;2026-05-29 14:00:38+00;61;19;204;2
3775;2026-05-29 14:04:26+00;2026-05-29 14:31:26+00;1620;82;220;13
3776;2026-05-29 14:07:05+00;2026-05-29 14:09:04+00;119;23;218;2
3777;2026-05-29 14:10:51+00;2026-05-29 14:11:43+00;52;27;207;2
3778;2026-05-29 14:14:17+00;2026-05-29 14:39:17+00;1500;36;219;19
3779;2026-05-29 14:19:27+00;2026-05-29 15:00:27+00;2460;34;214;14
3780;2026-05-29 14:20:51+00;2026-05-29 14:37:51+00;1020;88;214;14
3781;2026-05-29 14:22:59+00;2026-05-29 14:24:30+00;91;16;219;2
3782;2026-05-29 14:24:29+00;2026-05-29 15:52:29+00;5280;21;222;19
3783;2026-05-29 14:35:20+00;2026-05-29 14:55:20+00;1200;7;221;1
3784;2026-05-29 14:42:55+00;2026-05-29 15:29:55+00;2820;51;213;14
3785;2026-05-29 14:43:18+00;2026-05-29 14:45:07+00;109;18;220;2
3786;2026-05-29 14:44:48+00;2026-05-29 14:46:11+00;83;17;217;2
3787;2026-05-29 14:45:45+00;2026-05-29 15:07:45+00;1320;6;217;3
3788;2026-05-29 14:47:54+00;2026-05-29 15:22:54+00;2100;8;213;3
3789;2026-05-29 14:51:59+00;2026-05-29 14:53:56+00;117;20;218;2
3790;2026-05-29 14:53:31+00;2026-05-29 15:45:31+00;3120;134;205;19
3791;2026-05-29 14:58:01+00;2026-05-29 15:30:01+00;1920;143;203;13
3792;2026-05-29 15:08:42+00;2026-05-29 16:18:42+00;4200;150;211;19
3793;2026-05-29 15:08:44+00;2026-05-29 15:10:20+00;96;25;208;2
3794;2026-05-29 15:16:24+00;2026-05-29 15:17:54+00;90;27;200;2
3795;2026-05-29 15:29:58+00;2026-05-29 16:59:58+00;5400;59;202;13
3796;2026-05-29 15:38:28+00;2026-05-29 15:40:17+00;109;14;200;2
3797;2026-05-29 15:45:17+00;2026-05-29 15:46:06+00;49;17;201;2
3798;2026-05-29 15:55:02+00;2026-05-29 15:56:04+00;62;14;216;2
3799;2026-05-29 15:58:40+00;2026-05-29 16:28:40+00;1800;10;223;3
3800;2026-05-29 16:09:05+00;2026-05-29 16:10:52+00;107;28;219;2
3801;2026-05-29 16:10:29+00;2026-05-29 16:11:13+00;44;30;210;2
3802;2026-05-29 16:12:21+00;2026-05-29 16:13:58+00;97;17;200;2
3803;2026-05-29 16:16:16+00;2026-05-29 17:42:16+00;5160;90;221;13
3804;2026-05-29 16:23:38+00;2026-05-29 17:21:38+00;3480;31;201;19
3805;2026-05-29 16:24:05+00;2026-05-29 16:25:47+00;102;23;204;2
3806;2026-05-29 16:41:04+00;2026-05-29 17:11:04+00;1800;121;200;19
3807;2026-05-29 16:44:04+00;2026-05-29 16:45:22+00;78;22;219;2
3808;2026-05-29 16:49:42+00;2026-05-29 16:51:06+00;84;13;221;2
3809;2026-05-29 16:50:56+00;2026-05-29 16:52:43+00;107;23;210;2
3810;2026-05-29 16:51:15+00;2026-05-29 16:52:34+00;79;29;206;2
3811;2026-05-29 16:58:23+00;2026-05-29 16:59:44+00;81;21;211;2
3812;2026-05-29 16:58:59+00;2026-05-29 17:55:59+00;3420;139;204;19
3813;2026-05-29 17:01:19+00;2026-05-29 17:03:02+00;103;16;201;2
3814;2026-05-29 17:02:27+00;2026-05-29 17:38:27+00;2160;61;220;19
3815;2026-05-29 17:05:20+00;2026-05-29 17:07:16+00;116;25;206;2
3816;2026-05-29 17:06:36+00;2026-05-29 17:08:04+00;88;29;200;2
3817;2026-05-29 17:06:43+00;2026-05-29 17:32:43+00;1560;32;218;19
3818;2026-05-29 17:11:38+00;2026-05-29 18:40:38+00;5340;21;222;14
3819;2026-05-29 17:17:08+00;2026-05-29 17:41:08+00;1440;148;223;14
3820;2026-05-29 17:21:44+00;2026-05-29 17:54:44+00;1980;21;200;14
3821;2026-05-29 17:27:47+00;2026-05-29 18:12:47+00;2700;27;200;13
3822;2026-05-29 17:32:47+00;2026-05-29 17:52:47+00;1200;132;213;14
3823;2026-05-29 17:46:10+00;2026-05-29 18:40:10+00;3240;117;209;19
3824;2026-05-29 17:46:13+00;2026-05-29 19:05:13+00;4740;17;215;19
3825;2026-05-29 17:50:59+00;2026-05-29 19:20:59+00;5400;80;210;19
3826;2026-05-29 17:55:27+00;2026-05-29 18:58:27+00;3780;72;206;19
3827;2026-05-29 17:59:30+00;2026-05-29 18:00:43+00;73;21;202;2
3828;2026-05-29 18:03:08+00;2026-05-29 18:04:15+00;67;26;219;2
3829;2026-05-29 18:07:15+00;2026-05-29 18:09:06+00;111;13;222;2
3830;2026-05-29 18:09:15+00;2026-05-29 18:11:10+00;115;29;213;2
3831;2026-05-29 18:11:56+00;2026-05-29 18:50:56+00;2340;52;212;13
3832;2026-05-29 18:18:27+00;2026-05-29 18:19:23+00;56;26;216;2
3833;2026-05-29 18:23:20+00;2026-05-29 18:24:58+00;98;18;205;2
3834;2026-05-29 18:24:23+00;2026-05-29 18:25:27+00;64;17;218;2
3835;2026-05-29 18:28:22+00;2026-05-29 19:57:22+00;5340;52;204;14
3836;2026-05-29 18:34:29+00;2026-05-29 19:19:29+00;2700;72;222;19
3837;2026-05-29 18:37:42+00;2026-05-29 18:38:56+00;74;27;209;2
3838;2026-05-29 18:49:12+00;2026-05-29 19:29:12+00;2400;121;219;14
3839;2026-05-29 18:52:47+00;2026-05-29 18:54:32+00;105;21;203;2
3840;2026-05-29 18:54:56+00;2026-05-29 18:55:56+00;60;11;217;2
3841;2026-05-29 19:07:31+00;2026-05-29 19:09:03+00;92;17;217;2
3842;2026-05-29 19:10:31+00;2026-05-29 19:51:31+00;2460;131;220;19
3843;2026-05-29 19:15:20+00;2026-05-29 20:10:20+00;3300;70;215;14
3844;2026-05-29 19:16:43+00;2026-05-29 19:31:43+00;900;23;207;13
3845;2026-05-29 19:21:20+00;2026-05-29 19:22:58+00;98;15;207;2
3846;2026-05-29 19:23:45+00;2026-05-29 19:25:24+00;99;16;203;2
3847;2026-05-29 19:36:44+00;2026-05-29 20:48:44+00;4320;125;211;13
3848;2026-05-29 19:39:16+00;2026-05-29 19:41:06+00;110;19;222;2
3849;2026-05-29 19:52:40+00;2026-05-29 19:53:54+00;74;15;204;2
3850;2026-05-29 19:55:38+00;2026-05-29 19:56:19+00;41;24;221;2
3851;2026-05-29 20:02:24+00;2026-05-29 20:03:45+00;81;22;214;2
3852;2026-05-29 20:03:31+00;2026-05-29 21:04:31+00;3660;18;208;19
3853;2026-05-29 20:04:27+00;2026-05-29 21:22:27+00;4680;74;203;19
3854;2026-05-29 20:11:34+00;2026-05-29 20:12:42+00;68;21;215;2
3855;2026-05-29 20:16:07+00;2026-05-29 20:41:07+00;1500;103;215;19
3856;2026-05-29 20:19:03+00;2026-05-29 20:20:54+00;111;25;221;2
3857;2026-05-29 20:25:55+00;2026-05-29 20:27:55+00;120;30;217;2
3858;2026-05-29 20:28:32+00;2026-05-29 21:48:32+00;4800;147;209;13
3859;2026-05-29 20:34:33+00;2026-05-29 20:49:33+00;900;71;202;19
3860;2026-05-29 20:35:53+00;2026-05-29 20:36:41+00;48;16;206;2
3861;2026-05-29 20:36:18+00;2026-05-29 20:37:52+00;94;21;223;2
3862;2026-05-29 20:37:34+00;2026-05-29 21:20:34+00;2580;130;207;19
3863;2026-05-29 20:47:33+00;2026-05-29 20:48:13+00;40;27;218;2
3864;2026-05-29 20:48:26+00;2026-05-29 20:50:24+00;118;26;202;2
3865;2026-05-29 20:53:50+00;2026-05-29 20:55:40+00;110;15;215;2
3866;2026-05-29 20:59:59+00;2026-05-29 21:01:54+00;115;23;215;2
3867;2026-05-29 21:01:18+00;2026-05-29 21:02:26+00;68;17;202;2
3868;2026-05-29 21:07:19+00;2026-05-29 22:15:19+00;4080;143;210;13
3869;2026-05-29 21:08:04+00;2026-05-29 21:08:54+00;50;18;207;2
3870;2026-05-29 21:08:49+00;2026-05-29 22:21:49+00;4380;20;218;19
3871;2026-05-29 21:17:20+00;2026-05-29 22:36:20+00;4740;82;223;19
3872;2026-05-29 21:17:35+00;2026-05-29 21:19:18+00;103;25;205;2
3873;2026-05-29 21:17:36+00;2026-05-29 21:18:49+00;73;18;210;2
3874;2026-05-29 21:26:58+00;2026-05-29 22:38:58+00;4320;16;200;13
3875;2026-05-29 21:33:34+00;2026-05-29 22:20:34+00;2820;36;216;19
3876;2026-05-29 21:38:29+00;2026-05-29 21:39:23+00;54;20;220;2
3877;2026-05-29 21:42:44+00;2026-05-29 22:32:44+00;3000;54;216;19
3878;2026-05-29 21:46:52+00;2026-05-29 21:48:18+00;86;28;212;2
3879;2026-05-29 21:52:56+00;2026-05-29 23:06:56+00;4440;127;219;13
3880;2026-05-29 21:54:57+00;2026-05-29 21:56:45+00;108;26;220;2
3881;2026-05-29 22:06:28+00;2026-05-29 23:27:28+00;4860;70;215;13
3882;2026-05-29 22:09:46+00;2026-05-29 22:11:46+00;120;14;223;2
3883;2026-05-29 22:15:55+00;2026-05-29 23:28:55+00;4380;109;217;19
3884;2026-05-29 22:20:17+00;2026-05-29 23:20:17+00;3600;77;212;13
3885;2026-05-29 22:21:46+00;2026-05-29 22:22:52+00;66;29;208;2
3886;2026-05-29 22:22:14+00;2026-05-29 22:23:03+00;49;24;206;2
3887;2026-05-29 22:24:27+00;2026-05-29 22:25:16+00;49;12;211;2
3888;2026-05-29 22:30:11+00;2026-05-29 22:31:00+00;49;23;214;2
3889;2026-05-29 22:32:35+00;2026-05-29 22:33:31+00;56;13;206;2
3890;2026-05-29 22:34:25+00;2026-05-29 22:35:16+00;51;12;201;2
3891;2026-05-29 22:34:56+00;2026-05-30 00:00:56+00;5160;83;211;19
3892;2026-05-29 22:39:06+00;2026-05-29 23:36:06+00;3420;64;218;14
3893;2026-05-29 22:46:43+00;2026-05-29 22:48:02+00;79;14;223;2
3894;2026-05-29 22:53:56+00;2026-05-29 23:56:56+00;3780;27;201;13
3895;2026-05-29 22:57:33+00;2026-05-29 22:59:31+00;118;21;208;2
3896;2026-05-29 23:00:40+00;2026-05-29 23:02:13+00;93;27;222;2
3897;2026-05-29 23:03:42+00;2026-05-29 23:04:37+00;55;20;213;2
3898;2026-05-29 23:04:47+00;2026-05-29 23:06:30+00;103;27;213;2
3899;2026-05-29 23:04:55+00;2026-05-29 23:59:55+00;3300;53;206;13
3900;2026-05-29 23:09:54+00;2026-05-30 00:00:54+00;3060;53;215;19
3901;2026-05-29 23:11:44+00;2026-05-30 00:39:44+00;5280;96;203;19
3902;2026-05-29 23:16:10+00;2026-05-29 23:17:48+00;98;21;204;2
3903;2026-05-29 23:16:42+00;2026-05-30 00:30:42+00;4440;39;200;14
3904;2026-05-29 23:31:19+00;2026-05-29 23:32:19+00;60;27;219;2
3905;2026-05-29 23:46:58+00;2026-05-29 23:48:26+00;88;14;215;2
3906;2026-05-29 23:49:09+00;2026-05-30 00:35:09+00;2760;87;208;14
3907;2026-05-29 23:49:26+00;2026-05-29 23:51:05+00;99;11;223;2
3908;2026-05-29 23:50:57+00;2026-05-30 00:42:57+00;3120;92;209;13
3909;2026-05-30 00:05:21+00;2026-05-30 00:06:38+00;77;15;214;2
3910;2026-05-30 00:10:48+00;2026-05-30 00:12:48+00;120;17;223;2
3911;2026-05-30 00:12:30+00;2026-05-30 00:13:39+00;69;23;219;2
3912;2026-05-30 00:25:41+00;2026-05-30 00:27:35+00;114;14;210;2
3913;2026-05-30 00:26:34+00;2026-05-30 00:28:33+00;119;25;216;2
3914;2026-05-30 00:27:39+00;2026-05-30 00:28:26+00;47;19;207;2
3915;2026-05-30 00:32:23+00;2026-05-30 00:33:27+00;64;28;201;2
3916;2026-05-30 00:34:44+00;2026-05-30 00:36:03+00;79;28;209;2
3917;2026-05-30 00:35:24+00;2026-05-30 00:37:22+00;118;26;203;2
3918;2026-05-30 00:37:03+00;2026-05-30 00:37:59+00;56;15;221;2
3919;2026-05-30 00:46:29+00;2026-05-30 00:47:16+00;47;15;223;2
3920;2026-05-30 00:55:05+00;2026-05-30 00:55:46+00;41;29;210;2
3921;2026-05-30 00:55:45+00;2026-05-30 00:57:06+00;81;29;201;2
3922;2026-05-30 00:56:36+00;2026-05-30 00:58:10+00;94;25;202;2
3923;2026-05-30 06:07:47+00;2026-05-30 06:09:01+00;74;15;223;2
3924;2026-05-30 06:11:12+00;2026-05-30 06:12:42+00;90;21;221;2
3925;2026-05-30 06:16:13+00;2026-05-30 06:16:58+00;45;22;212;2
3926;2026-05-30 06:16:17+00;2026-05-30 06:18:12+00;115;15;203;2
3927;2026-05-30 06:16:33+00;2026-05-30 07:17:33+00;3660;13;211;19
3928;2026-05-30 06:16:58+00;2026-05-30 06:17:41+00;43;19;209;2
3929;2026-05-30 06:18:44+00;2026-05-30 06:19:57+00;73;19;200;2
3930;2026-05-30 06:26:00+00;2026-05-30 07:18:00+00;3120;111;219;19
3931;2026-05-30 06:32:56+00;2026-05-30 06:57:56+00;1500;125;207;19
3932;2026-05-30 06:33:35+00;2026-05-30 07:10:35+00;2220;137;203;14
3933;2026-05-30 06:38:37+00;2026-05-30 07:00:37+00;1320;64;212;14
3934;2026-05-30 06:38:47+00;2026-05-30 07:51:47+00;4380;68;207;14
3935;2026-05-30 06:58:08+00;2026-05-30 07:28:08+00;1800;12;215;19
3936;2026-05-30 07:03:27+00;2026-05-30 07:25:27+00;1320;15;208;14
3937;2026-05-30 07:03:51+00;2026-05-30 07:27:51+00;1440;139;207;19
3938;2026-05-30 07:05:55+00;2026-05-30 07:07:24+00;89;18;201;2
3939;2026-05-30 07:15:08+00;2026-05-30 08:28:08+00;4380;119;206;19
3940;2026-05-30 07:19:05+00;2026-05-30 07:53:05+00;2040;110;206;13
3941;2026-05-30 07:21:03+00;2026-05-30 08:33:03+00;4320;94;223;19
3942;2026-05-30 07:21:41+00;2026-05-30 07:22:49+00;68;16;203;2
3943;2026-05-30 07:22:40+00;2026-05-30 08:06:40+00;2640;110;200;13
3944;2026-05-30 07:25:07+00;2026-05-30 08:26:07+00;3660;129;205;19
3945;2026-05-30 07:27:48+00;2026-05-30 08:18:48+00;3060;53;210;13
3946;2026-05-30 07:28:50+00;2026-05-30 07:48:50+00;1200;47;213;14
3947;2026-05-30 07:29:10+00;2026-05-30 07:44:10+00;900;34;218;14
3948;2026-05-30 07:29:27+00;2026-05-30 08:15:27+00;2760;121;212;19
3949;2026-05-30 07:36:29+00;2026-05-30 08:08:29+00;1920;10;221;3
3950;2026-05-30 07:37:29+00;2026-05-30 08:51:29+00;4440;22;220;19
3951;2026-05-30 07:41:16+00;2026-05-30 07:42:11+00;55;10;206;2
3952;2026-05-30 07:46:22+00;2026-05-30 07:47:36+00;74;12;218;2
3953;2026-05-30 07:52:08+00;2026-05-30 08:15:08+00;1380;7;219;3
3954;2026-05-30 07:52:48+00;2026-05-30 09:08:48+00;4560;42;205;14
3955;2026-05-30 07:55:46+00;2026-05-30 07:57:36+00;110;29;216;2
3956;2026-05-30 07:59:03+00;2026-05-30 09:19:03+00;4800;116;203;13
3957;2026-05-30 08:14:08+00;2026-05-30 08:14:53+00;45;20;214;2
3958;2026-05-30 08:17:46+00;2026-05-30 08:19:14+00;88;27;219;2
3959;2026-05-30 08:25:04+00;2026-05-30 08:58:04+00;1980;145;213;14
3960;2026-05-30 08:25:28+00;2026-05-30 08:48:28+00;1380;121;219;19
3961;2026-05-30 08:34:47+00;2026-05-30 09:04:47+00;1800;24;217;19
3962;2026-05-30 08:56:00+00;2026-05-30 08:57:54+00;114;30;208;2
3963;2026-05-30 09:01:39+00;2026-05-30 09:03:32+00;113;16;210;2
3964;2026-05-30 09:03:07+00;2026-05-30 09:05:02+00;115;23;201;2
3965;2026-05-30 09:03:58+00;2026-05-30 09:45:58+00;2520;17;200;13
3966;2026-05-30 09:07:25+00;2026-05-30 09:08:24+00;59;14;206;2
3967;2026-05-30 09:12:11+00;2026-05-30 09:13:34+00;83;16;215;2
3968;2026-05-30 09:15:23+00;2026-05-30 09:16:39+00;76;28;206;2
3969;2026-05-30 09:16:39+00;2026-05-30 09:17:37+00;58;18;210;2
3970;2026-05-30 09:24:37+00;2026-05-30 09:26:21+00;104;22;218;2
3971;2026-05-30 09:25:54+00;2026-05-30 10:16:54+00;3060;128;222;14
3972;2026-05-30 09:28:35+00;2026-05-30 09:29:22+00;47;23;211;2
3973;2026-05-30 09:43:59+00;2026-05-30 09:45:25+00;86;20;216;2
3974;2026-05-30 09:45:10+00;2026-05-30 09:46:12+00;62;25;223;2
3975;2026-05-30 09:49:51+00;2026-05-30 10:07:51+00;1080;35;220;14
3976;2026-05-30 09:54:34+00;2026-05-30 10:41:34+00;2820;129;209;13
3977;2026-05-30 09:54:57+00;2026-05-30 10:19:57+00;1500;6;218;3
3978;2026-05-30 09:56:31+00;2026-05-30 09:57:31+00;60;29;202;2
3979;2026-05-30 09:57:14+00;2026-05-30 10:45:14+00;2880;126;215;19
3980;2026-05-30 10:02:31+00;2026-05-30 11:10:31+00;4080;140;218;19
3981;2026-05-30 10:08:53+00;2026-05-30 10:10:45+00;112;21;204;2
3982;2026-05-30 10:15:00+00;2026-05-30 10:38:00+00;1380;148;203;13
3983;2026-05-30 10:18:07+00;2026-05-30 10:19:16+00;69;22;201;2
3984;2026-05-30 10:18:52+00;2026-05-30 10:57:52+00;2340;10;215;3
3985;2026-05-30 10:20:26+00;2026-05-30 10:47:26+00;1620;92;213;13
3986;2026-05-30 10:25:44+00;2026-05-30 10:27:23+00;99;27;212;2
3987;2026-05-30 10:27:40+00;2026-05-30 10:28:22+00;42;26;210;2
3988;2026-05-30 10:37:02+00;2026-05-30 10:37:58+00;56;27;223;2
3989;2026-05-30 10:37:21+00;2026-05-30 10:39:03+00;102;28;203;2
3990;2026-05-30 10:38:22+00;2026-05-30 11:02:22+00;1440;7;202;3
3991;2026-05-30 10:39:17+00;2026-05-30 10:40:19+00;62;24;218;2
3992;2026-05-30 10:40:06+00;2026-05-30 10:40:50+00;44;21;213;2
3993;2026-05-30 10:41:55+00;2026-05-30 10:43:48+00;113;24;205;2
3994;2026-05-30 10:54:31+00;2026-05-30 10:56:08+00;97;22;221;2
3995;2026-05-30 10:57:31+00;2026-05-30 12:05:31+00;4080;37;202;19
3996;2026-05-30 11:02:01+00;2026-05-30 11:02:42+00;41;21;211;2
3997;2026-05-30 11:03:15+00;2026-05-30 12:23:15+00;4800;54;214;13
3998;2026-05-30 11:03:46+00;2026-05-30 11:04:59+00;73;18;212;2
3999;2026-05-30 11:10:22+00;2026-05-30 11:11:09+00;47;11;209;2
4000;2026-05-30 11:13:03+00;2026-05-30 11:43:03+00;1800;97;206;14
4001;2026-05-30 11:13:10+00;2026-05-30 12:36:10+00;4980;107;213;13
4002;2026-05-30 11:15:50+00;2026-05-30 12:36:50+00;4860;146;200;13
4003;2026-05-30 11:21:56+00;2026-05-30 11:23:35+00;99;12;217;2
4004;2026-05-30 11:39:15+00;2026-05-30 12:44:15+00;3900;69;201;13
4005;2026-05-30 11:42:45+00;2026-05-30 12:51:45+00;4140;80;213;14
4006;2026-05-30 11:46:51+00;2026-05-30 12:50:51+00;3840;61;206;14
4007;2026-05-30 12:03:04+00;2026-05-30 13:18:04+00;4500;74;214;19
4008;2026-05-30 12:03:38+00;2026-05-30 12:04:46+00;68;28;220;2
4009;2026-05-30 12:09:06+00;2026-05-30 12:09:52+00;46;11;200;2
4010;2026-05-30 12:09:32+00;2026-05-30 13:10:32+00;3660;74;202;13
4011;2026-05-30 12:15:26+00;2026-05-30 12:48:26+00;1980;7;213;3
4012;2026-05-30 12:15:30+00;2026-05-30 12:54:30+00;2340;13;201;13
4013;2026-05-30 12:15:58+00;2026-05-30 12:17:24+00;86;16;206;2
4014;2026-05-30 12:22:25+00;2026-05-30 12:24:04+00;99;10;200;2
4015;2026-05-30 12:26:31+00;2026-05-30 12:27:22+00;51;17;222;2
4016;2026-05-30 12:27:01+00;2026-05-30 13:12:01+00;2700;46;206;19
4017;2026-05-30 12:27:35+00;2026-05-30 12:28:46+00;71;30;220;2
4018;2026-05-30 12:30:05+00;2026-05-30 12:31:52+00;107;10;206;2
4019;2026-05-30 12:31:39+00;2026-05-30 12:32:28+00;49;21;214;2
4020;2026-05-30 12:32:57+00;2026-05-30 13:00:57+00;1680;131;202;14
4021;2026-05-30 12:33:09+00;2026-05-30 12:51:09+00;1080;5;208;1
4022;2026-05-30 12:41:00+00;2026-05-30 12:42:46+00;106;18;209;2
4023;2026-05-30 12:41:10+00;2026-05-30 13:56:10+00;4500;64;211;13
4024;2026-05-30 12:48:16+00;2026-05-30 14:18:16+00;5400;134;222;13
4025;2026-05-30 12:52:14+00;2026-05-30 12:53:01+00;47;22;209;2
4026;2026-05-30 12:57:47+00;2026-05-30 12:58:27+00;40;19;211;2
4027;2026-05-30 13:05:36+00;2026-05-30 13:28:36+00;1380;9;212;3
4028;2026-05-30 13:09:08+00;2026-05-30 13:10:28+00;80;21;202;2
4029;2026-05-30 13:09:33+00;2026-05-30 13:10:48+00;75;12;208;2
4030;2026-05-30 13:12:18+00;2026-05-30 13:31:18+00;1140;35;212;13
4031;2026-05-30 13:18:27+00;2026-05-30 13:19:55+00;88;17;205;2
4032;2026-05-30 13:23:42+00;2026-05-30 13:25:27+00;105;28;211;2
4033;2026-05-30 13:26:09+00;2026-05-30 14:22:09+00;3360;88;201;14
4034;2026-05-30 13:30:37+00;2026-05-30 14:00:37+00;1800;107;209;13
4035;2026-05-30 13:30:46+00;2026-05-30 13:32:15+00;89;13;217;2
4036;2026-05-30 13:32:22+00;2026-05-30 13:34:14+00;112;11;223;2
4037;2026-05-30 13:34:46+00;2026-05-30 14:33:46+00;3540;47;218;13
4038;2026-05-30 13:36:29+00;2026-05-30 13:38:06+00;97;22;211;2
4039;2026-05-30 13:36:37+00;2026-05-30 15:06:37+00;5400;50;209;13
4040;2026-05-30 13:38:20+00;2026-05-30 13:40:06+00;106;22;208;2
4041;2026-05-30 13:40:59+00;2026-05-30 13:42:59+00;120;30;200;2
4042;2026-05-30 13:42:55+00;2026-05-30 13:44:40+00;105;19;201;2
4043;2026-05-30 13:46:39+00;2026-05-30 13:48:25+00;106;24;217;2
4044;2026-05-30 13:48:30+00;2026-05-30 13:49:35+00;65;11;214;2
4045;2026-05-30 13:56:32+00;2026-05-30 15:19:32+00;4980;21;208;14
4046;2026-05-30 14:02:06+00;2026-05-30 14:03:32+00;86;21;212;2
4047;2026-05-30 14:03:56+00;2026-05-30 14:05:50+00;114;23;208;2
4048;2026-05-30 14:04:38+00;2026-05-30 14:06:27+00;109;20;217;2
4049;2026-05-30 14:06:14+00;2026-05-30 14:39:14+00;1980;6;204;3
4050;2026-05-30 14:14:21+00;2026-05-30 14:15:53+00;92;26;214;2
4051;2026-05-30 14:17:04+00;2026-05-30 14:18:56+00;112;22;210;2
4052;2026-05-30 14:19:33+00;2026-05-30 15:42:33+00;4980;11;216;14
4053;2026-05-30 14:19:36+00;2026-05-30 14:20:45+00;69;25;209;2
4054;2026-05-30 14:19:37+00;2026-05-30 15:05:37+00;2760;118;214;13
4055;2026-05-30 14:19:48+00;2026-05-30 15:49:48+00;5400;46;210;19
4056;2026-05-30 14:24:17+00;2026-05-30 15:28:17+00;3840;123;218;19
4057;2026-05-30 14:27:58+00;2026-05-30 14:29:20+00;82;26;216;2
4058;2026-05-30 14:28:25+00;2026-05-30 15:16:25+00;2880;72;219;13
4059;2026-05-30 14:29:00+00;2026-05-30 14:30:21+00;81;29;215;2
4060;2026-05-30 14:33:16+00;2026-05-30 14:35:13+00;117;29;202;2
4061;2026-05-30 14:36:54+00;2026-05-30 14:38:52+00;118;16;212;2
4062;2026-05-30 14:41:14+00;2026-05-30 15:56:14+00;4500;150;209;14
4063;2026-05-30 14:48:31+00;2026-05-30 15:12:31+00;1440;19;213;19
4064;2026-05-30 14:50:18+00;2026-05-30 15:23:18+00;1980;48;204;14
4065;2026-05-30 14:50:19+00;2026-05-30 14:51:51+00;92;18;223;2
4066;2026-05-30 14:53:12+00;2026-05-30 15:29:12+00;2160;54;219;13
4067;2026-05-30 14:54:05+00;2026-05-30 14:55:02+00;57;26;212;2
4068;2026-05-30 15:07:58+00;2026-05-30 15:09:41+00;103;12;201;2
4069;2026-05-30 15:09:21+00;2026-05-30 16:19:21+00;4200;32;202;19
4070;2026-05-30 15:14:28+00;2026-05-30 16:15:28+00;3660;80;208;19
4071;2026-05-30 15:27:35+00;2026-05-30 16:56:35+00;5340;72;211;14
4072;2026-05-30 15:34:24+00;2026-05-30 16:11:24+00;2220;97;204;19
4073;2026-05-30 15:36:37+00;2026-05-30 16:02:37+00;1560;54;203;13
4074;2026-05-30 15:44:36+00;2026-05-30 15:46:07+00;91;28;216;2
4075;2026-05-30 15:50:28+00;2026-05-30 15:51:39+00;71;21;218;2
4076;2026-05-30 15:53:56+00;2026-05-30 16:13:56+00;1200;81;220;19
4077;2026-05-30 15:53:56+00;2026-05-30 15:54:40+00;44;18;222;2
4078;2026-05-30 15:56:16+00;2026-05-30 15:56:58+00;42;24;203;2
4079;2026-05-30 15:58:44+00;2026-05-30 16:00:24+00;100;27;213;2
4080;2026-05-30 16:05:32+00;2026-05-30 16:07:19+00;107;15;209;2
4081;2026-05-30 16:07:25+00;2026-05-30 16:09:11+00;106;29;212;2
4082;2026-05-30 16:22:03+00;2026-05-30 16:23:43+00;100;15;203;2
4083;2026-05-30 16:27:53+00;2026-05-30 16:29:35+00;102;25;223;2
4084;2026-05-30 16:42:19+00;2026-05-30 16:43:22+00;63;10;219;2
4085;2026-05-30 16:48:34+00;2026-05-30 17:29:34+00;2460;132;212;13
4086;2026-05-30 16:50:12+00;2026-05-30 16:50:56+00;44;10;208;2
4087;2026-05-30 16:59:42+00;2026-05-30 18:19:42+00;4800;65;222;13
4088;2026-05-30 17:04:10+00;2026-05-30 17:24:10+00;1200;130;223;14
4089;2026-05-30 17:14:18+00;2026-05-30 17:55:18+00;2460;65;211;13
4090;2026-05-30 17:20:16+00;2026-05-30 17:21:19+00;63;25;206;2
4091;2026-05-30 17:23:24+00;2026-05-30 18:36:24+00;4380;149;211;19
4092;2026-05-30 17:24:36+00;2026-05-30 17:26:16+00;100;29;203;2
4093;2026-05-30 17:28:45+00;2026-05-30 17:29:51+00;66;27;218;2
4094;2026-05-30 17:30:38+00;2026-05-30 18:12:38+00;2520;69;201;14
4095;2026-05-30 17:31:44+00;2026-05-30 18:29:44+00;3480;16;200;13
4096;2026-05-30 17:31:54+00;2026-05-30 18:00:54+00;1740;14;221;19
4097;2026-05-30 17:48:16+00;2026-05-30 17:49:20+00;64;22;215;2
4098;2026-05-30 17:53:39+00;2026-05-30 18:38:39+00;2700;28;205;14
4099;2026-05-30 18:13:00+00;2026-05-30 19:18:00+00;3900;85;219;14
4100;2026-05-30 18:13:36+00;2026-05-30 19:11:36+00;3480;101;222;13
4101;2026-05-30 18:17:14+00;2026-05-30 18:44:14+00;1620;110;218;14
4102;2026-05-30 18:18:08+00;2026-05-30 18:19:23+00;75;28;213;2
4103;2026-05-30 18:18:59+00;2026-05-30 18:19:39+00;40;21;201;2
4104;2026-05-30 18:19:20+00;2026-05-30 18:20:28+00;68;11;210;2
4105;2026-05-30 18:37:19+00;2026-05-30 18:38:54+00;95;20;221;2
4106;2026-05-30 18:42:08+00;2026-05-30 19:20:08+00;2280;14;223;13
4107;2026-05-30 18:43:20+00;2026-05-30 18:44:20+00;60;30;205;2
4108;2026-05-30 18:53:28+00;2026-05-30 18:54:41+00;73;17;205;2
4109;2026-05-30 18:54:27+00;2026-05-30 18:55:07+00;40;24;205;2
4110;2026-05-30 18:54:43+00;2026-05-30 18:56:06+00;83;19;204;2
4111;2026-05-30 18:57:24+00;2026-05-30 20:04:24+00;4020;125;205;19
4112;2026-05-30 18:59:27+00;2026-05-30 19:00:22+00;55;10;219;2
4113;2026-05-30 19:03:59+00;2026-05-30 19:22:59+00;1140;22;215;13
4114;2026-05-30 19:06:29+00;2026-05-30 20:15:29+00;4140;46;218;14
4115;2026-05-30 19:06:36+00;2026-05-30 19:08:13+00;97;20;206;2
4116;2026-05-30 19:06:59+00;2026-05-30 19:07:43+00;44;18;213;2
4117;2026-05-30 19:09:39+00;2026-05-30 20:12:39+00;3780;73;201;14
4118;2026-05-30 19:15:02+00;2026-05-30 19:16:21+00;79;12;221;2
4119;2026-05-30 19:16:54+00;2026-05-30 19:17:57+00;63;23;214;2
4120;2026-05-30 19:18:42+00;2026-05-30 19:52:42+00;2040;32;210;13
4121;2026-05-30 19:19:13+00;2026-05-30 19:21:00+00;107;21;205;2
4122;2026-05-30 19:20:24+00;2026-05-30 19:22:19+00;115;16;208;2
4123;2026-05-30 19:21:11+00;2026-05-30 19:52:11+00;1860;10;223;14
4124;2026-05-30 19:27:50+00;2026-05-30 19:29:15+00;85;21;207;2
4125;2026-05-30 19:29:03+00;2026-05-30 20:50:03+00;4860;83;206;19
4126;2026-05-30 19:31:20+00;2026-05-30 20:02:20+00;1860;61;200;19
4127;2026-05-30 19:32:58+00;2026-05-30 19:34:55+00;117;18;205;2
4128;2026-05-30 19:35:31+00;2026-05-30 19:37:26+00;115;28;203;2
4129;2026-05-30 19:42:00+00;2026-05-30 20:48:00+00;3960;141;209;14
4130;2026-05-30 19:46:04+00;2026-05-30 19:47:41+00;97;22;202;2
4131;2026-05-30 19:51:28+00;2026-05-30 21:18:28+00;5220;56;222;19
4132;2026-05-30 19:52:04+00;2026-05-30 19:53:00+00;56;11;222;2
4133;2026-05-30 19:52:59+00;2026-05-30 19:54:53+00;114;20;207;2
4134;2026-05-30 19:58:29+00;2026-05-30 21:13:29+00;4500;130;210;19
4135;2026-05-30 20:01:31+00;2026-05-30 20:51:31+00;3000;76;217;19
4136;2026-05-30 20:03:26+00;2026-05-30 20:05:19+00;113;15;220;2
4137;2026-05-30 20:22:50+00;2026-05-30 20:23:52+00;62;16;202;2
4138;2026-05-30 20:24:11+00;2026-05-30 20:25:24+00;73;26;207;2
4139;2026-05-30 20:31:17+00;2026-05-30 20:33:08+00;111;11;207;2
4140;2026-05-30 20:35:48+00;2026-05-30 20:37:17+00;89;24;207;2
4141;2026-05-30 20:58:36+00;2026-05-30 21:29:36+00;1860;112;207;19
4142;2026-05-30 20:59:44+00;2026-05-30 21:37:44+00;2280;132;216;13
4143;2026-05-30 21:02:44+00;2026-05-30 21:04:02+00;78;13;220;2
4144;2026-05-30 21:08:00+00;2026-05-30 21:08:44+00;44;20;220;2
4145;2026-05-30 21:12:26+00;2026-05-30 21:13:18+00;52;19;210;2
4146;2026-05-30 21:15:07+00;2026-05-30 21:17:02+00;115;11;220;2
4147;2026-05-30 21:18:05+00;2026-05-30 22:43:05+00;5100;118;217;14
4148;2026-05-30 21:20:27+00;2026-05-30 21:36:27+00;960;134;203;19
4149;2026-05-30 21:23:23+00;2026-05-30 21:25:05+00;102;13;213;2
4150;2026-05-30 21:26:44+00;2026-05-30 21:28:16+00;92;18;201;2
4151;2026-05-30 21:29:22+00;2026-05-30 21:30:46+00;84;15;209;2
4152;2026-05-30 21:29:42+00;2026-05-30 21:31:38+00;116;23;203;2
4153;2026-05-30 21:32:22+00;2026-05-30 22:33:22+00;3660;29;205;19
4154;2026-05-30 21:34:17+00;2026-05-30 21:49:17+00;900;78;214;19
4155;2026-05-30 21:36:47+00;2026-05-30 22:23:47+00;2820;121;221;19
4156;2026-05-30 21:46:57+00;2026-05-30 21:47:55+00;58;26;204;2
4157;2026-05-30 21:50:39+00;2026-05-30 21:52:28+00;109;16;202;2
4158;2026-05-30 21:50:58+00;2026-05-30 21:51:39+00;41;11;215;2
4159;2026-05-30 21:57:38+00;2026-05-30 21:58:32+00;54;24;221;2
4160;2026-05-30 22:03:51+00;2026-05-30 22:05:21+00;90;30;210;2
4161;2026-05-30 22:09:18+00;2026-05-30 22:10:15+00;57;11;214;2
4162;2026-05-30 22:09:57+00;2026-05-30 22:55:57+00;2760;71;209;13
4163;2026-05-30 22:11:10+00;2026-05-30 22:52:10+00;2460;125;216;13
4164;2026-05-30 22:11:56+00;2026-05-30 22:13:43+00;107;13;207;2
4165;2026-05-30 22:24:35+00;2026-05-30 23:18:35+00;3240;45;219;19
4166;2026-05-30 22:27:59+00;2026-05-30 22:29:59+00;120;12;201;2
4167;2026-05-30 22:48:14+00;2026-05-30 22:50:01+00;107;20;211;2
4168;2026-05-30 22:48:27+00;2026-05-30 22:49:27+00;60;17;207;2
4169;2026-05-30 22:53:54+00;2026-05-31 00:16:54+00;4980;22;223;19
4170;2026-05-30 22:56:20+00;2026-05-31 00:01:20+00;3900;125;207;19
4171;2026-05-30 22:58:38+00;2026-05-30 23:47:38+00;2940;133;221;13
4172;2026-05-30 23:05:32+00;2026-05-30 23:06:20+00;48;16;214;2
4173;2026-05-30 23:07:22+00;2026-05-30 23:48:22+00;2460;115;211;19
4174;2026-05-30 23:09:32+00;2026-05-30 23:10:39+00;67;10;222;2
4175;2026-05-30 23:11:04+00;2026-05-30 23:12:35+00;91;13;208;2
4176;2026-05-30 23:25:27+00;2026-05-30 23:26:35+00;68;10;215;2
4177;2026-05-30 23:29:04+00;2026-05-30 23:30:09+00;65;22;210;2
4178;2026-05-30 23:29:29+00;2026-05-31 00:05:29+00;2160;10;208;19
4179;2026-05-30 23:30:12+00;2026-05-31 00:49:12+00;4740;133;204;19
4180;2026-05-30 23:44:09+00;2026-05-30 23:45:31+00;82;25;202;2
4181;2026-05-30 23:45:03+00;2026-05-30 23:47:01+00;118;15;219;2
4182;2026-05-30 23:50:22+00;2026-05-30 23:52:15+00;113;14;211;2
4183;2026-05-30 23:56:59+00;2026-05-30 23:58:43+00;104;12;206;2
4184;2026-05-31 00:06:16+00;2026-05-31 00:07:21+00;65;11;204;2
4185;2026-05-31 00:13:38+00;2026-05-31 00:14:36+00;58;26;209;2
4186;2026-05-31 00:23:56+00;2026-05-31 00:25:15+00;79;24;218;2
4187;2026-05-31 00:29:37+00;2026-05-31 00:31:18+00;101;25;216;2
4188;2026-05-31 00:39:33+00;2026-05-31 00:41:00+00;87;16;205;2
4189;2026-05-31 00:53:08+00;2026-05-31 00:53:55+00;47;28;212;2
4190;2026-05-31 00:57:13+00;2026-05-31 00:58:01+00;48;21;215;2
4191;2026-05-31 06:02:27+00;2026-05-31 06:03:39+00;72;10;207;2
4192;2026-05-31 06:03:21+00;2026-05-31 07:08:21+00;3900;56;206;13
4193;2026-05-31 06:09:03+00;2026-05-31 06:10:53+00;110;13;204;2
4194;2026-05-31 06:12:46+00;2026-05-31 07:36:46+00;5040;61;209;13
4195;2026-05-31 06:20:38+00;2026-05-31 07:32:38+00;4320;59;201;14
4196;2026-05-31 06:22:05+00;2026-05-31 06:23:35+00;90;11;213;2
4197;2026-05-31 06:24:03+00;2026-05-31 07:13:03+00;2940;22;202;19
4198;2026-05-31 06:30:44+00;2026-05-31 06:32:33+00;109;30;209;2
4199;2026-05-31 06:44:49+00;2026-05-31 06:45:44+00;55;24;200;2
4200;2026-05-31 06:45:40+00;2026-05-31 07:54:40+00;4140;68;203;13
4201;2026-05-31 06:47:36+00;2026-05-31 06:48:23+00;47;10;207;2
4202;2026-05-31 06:48:06+00;2026-05-31 06:49:27+00;81;18;201;2
4203;2026-05-31 06:52:16+00;2026-05-31 08:03:16+00;4260;77;217;14
4204;2026-05-31 06:58:49+00;2026-05-31 07:00:47+00;118;21;217;2
4205;2026-05-31 07:06:03+00;2026-05-31 07:07:37+00;94;12;208;2
4206;2026-05-31 07:08:29+00;2026-05-31 07:10:23+00;114;10;205;2
4207;2026-05-31 07:18:45+00;2026-05-31 07:19:33+00;48;24;200;2
4208;2026-05-31 07:19:49+00;2026-05-31 07:21:39+00;110;14;222;2
4209;2026-05-31 07:20:32+00;2026-05-31 07:21:56+00;84;19;219;2
4210;2026-05-31 07:24:01+00;2026-05-31 07:24:49+00;48;10;201;2
4211;2026-05-31 07:26:10+00;2026-05-31 07:27:44+00;94;23;210;2
4212;2026-05-31 07:29:31+00;2026-05-31 07:59:31+00;1800;75;208;14
4213;2026-05-31 07:31:40+00;2026-05-31 07:33:20+00;100;12;205;2
4214;2026-05-31 07:31:51+00;2026-05-31 07:46:51+00;900;61;223;14
4215;2026-05-31 07:43:10+00;2026-05-31 07:45:07+00;117;17;200;2
4216;2026-05-31 07:43:58+00;2026-05-31 07:44:55+00;57;22;223;2
4217;2026-05-31 07:47:25+00;2026-05-31 07:48:06+00;41;18;217;2
4218;2026-05-31 07:48:26+00;2026-05-31 08:19:26+00;1860;124;220;13
4219;2026-05-31 07:49:09+00;2026-05-31 08:12:09+00;1380;7;210;3
4220;2026-05-31 07:50:46+00;2026-05-31 07:51:48+00;62;15;215;2
4221;2026-05-31 07:51:34+00;2026-05-31 07:53:00+00;86;22;210;2
4222;2026-05-31 07:52:12+00;2026-05-31 08:46:12+00;3240;53;223;13
4223;2026-05-31 07:55:17+00;2026-05-31 09:01:17+00;3960;45;212;19
4224;2026-05-31 08:05:03+00;2026-05-31 08:27:03+00;1320;95;215;14
4225;2026-05-31 08:05:25+00;2026-05-31 08:25:25+00;1200;8;202;1
4226;2026-05-31 08:14:19+00;2026-05-31 09:37:19+00;4980;53;221;19
4227;2026-05-31 08:18:34+00;2026-05-31 08:20:29+00;115;21;204;2
4228;2026-05-31 08:25:42+00;2026-05-31 08:26:27+00;45;29;205;2
4229;2026-05-31 08:27:12+00;2026-05-31 08:29:05+00;113;24;214;2
4230;2026-05-31 08:27:40+00;2026-05-31 09:23:40+00;3360;146;213;14
4231;2026-05-31 08:30:00+00;2026-05-31 09:00:00+00;1800;116;210;19
4232;2026-05-31 08:30:36+00;2026-05-31 09:15:36+00;2700;92;207;19
4233;2026-05-31 08:30:44+00;2026-05-31 09:38:44+00;4080;42;206;19
4234;2026-05-31 08:34:49+00;2026-05-31 08:36:18+00;89;21;221;2
4235;2026-05-31 08:39:56+00;2026-05-31 09:05:56+00;1560;96;222;14
4236;2026-05-31 08:45:56+00;2026-05-31 09:38:56+00;3180;24;214;19
4237;2026-05-31 08:52:14+00;2026-05-31 09:10:14+00;1080;53;221;19
4238;2026-05-31 08:54:11+00;2026-05-31 08:56:08+00;117;26;206;2
4239;2026-05-31 08:55:30+00;2026-05-31 09:29:30+00;2040;6;213;3
4240;2026-05-31 08:57:35+00;2026-05-31 08:58:38+00;63;22;200;2
4241;2026-05-31 08:58:49+00;2026-05-31 09:00:09+00;80;30;200;2
4242;2026-05-31 09:05:28+00;2026-05-31 09:39:28+00;2040;7;212;3
4243;2026-05-31 09:06:18+00;2026-05-31 09:40:18+00;2040;9;221;3
4244;2026-05-31 09:07:26+00;2026-05-31 09:08:32+00;66;24;220;2
4245;2026-05-31 09:14:32+00;2026-05-31 09:43:32+00;1740;115;203;14
4246;2026-05-31 09:14:46+00;2026-05-31 09:37:46+00;1380;15;213;14
4247;2026-05-31 09:17:21+00;2026-05-31 09:18:21+00;60;23;217;2
4248;2026-05-31 09:17:49+00;2026-05-31 09:18:36+00;47;19;209;2
4249;2026-05-31 09:21:39+00;2026-05-31 09:42:39+00;1260;51;211;13
4250;2026-05-31 09:28:54+00;2026-05-31 10:05:54+00;2220;21;211;13
4251;2026-05-31 09:30:22+00;2026-05-31 10:16:22+00;2760;127;215;14
4252;2026-05-31 09:37:55+00;2026-05-31 10:08:55+00;1860;142;215;19
4253;2026-05-31 09:43:43+00;2026-05-31 09:44:36+00;53;19;203;2
4254;2026-05-31 09:44:58+00;2026-05-31 09:46:27+00;89;29;208;2
4255;2026-05-31 09:45:13+00;2026-05-31 11:12:13+00;5220;115;210;14
4256;2026-05-31 09:51:09+00;2026-05-31 10:56:09+00;3900;144;219;14
4257;2026-05-31 09:51:21+00;2026-05-31 09:52:19+00;58;12;207;2
4258;2026-05-31 10:15:39+00;2026-05-31 10:17:09+00;90;16;219;2
4259;2026-05-31 10:16:28+00;2026-05-31 10:17:38+00;70;15;213;2
4260;2026-05-31 10:17:27+00;2026-05-31 11:08:27+00;3060;26;210;13
4261;2026-05-31 10:18:06+00;2026-05-31 11:18:06+00;3600;45;210;13
4262;2026-05-31 10:22:08+00;2026-05-31 10:24:06+00;118;16;210;2
4263;2026-05-31 10:22:48+00;2026-05-31 10:59:48+00;2220;116;219;14
4264;2026-05-31 10:28:14+00;2026-05-31 11:22:14+00;3240;139;204;19
4265;2026-05-31 10:33:38+00;2026-05-31 11:35:38+00;3720;64;216;13
4266;2026-05-31 10:39:37+00;2026-05-31 10:40:47+00;70;10;219;2
4267;2026-05-31 10:39:52+00;2026-05-31 12:05:52+00;5160;22;222;14
4268;2026-05-31 10:43:20+00;2026-05-31 11:17:20+00;2040;9;215;3
4269;2026-05-31 10:46:32+00;2026-05-31 12:00:32+00;4440;59;202;13
4270;2026-05-31 10:50:35+00;2026-05-31 10:52:35+00;120;11;202;2
4271;2026-05-31 10:51:57+00;2026-05-31 10:52:37+00;40;15;211;2
4272;2026-05-31 10:53:15+00;2026-05-31 11:49:15+00;3360;124;205;19
4273;2026-05-31 10:53:59+00;2026-05-31 10:55:17+00;78;23;223;2
4274;2026-05-31 11:00:44+00;2026-05-31 11:02:19+00;95;20;201;2
4275;2026-05-31 11:03:01+00;2026-05-31 11:04:05+00;64;18;204;2
4276;2026-05-31 11:10:35+00;2026-05-31 11:11:26+00;51;17;202;2
4277;2026-05-31 11:12:25+00;2026-05-31 11:13:26+00;61;19;217;2
4278;2026-05-31 11:14:10+00;2026-05-31 11:48:10+00;2040;38;200;14
4279;2026-05-31 11:17:20+00;2026-05-31 11:19:19+00;119;12;220;2
4280;2026-05-31 11:23:14+00;2026-05-31 11:23:58+00;44;16;212;2
4281;2026-05-31 11:23:33+00;2026-05-31 11:24:21+00;48;15;208;2
4282;2026-05-31 11:24:56+00;2026-05-31 11:57:56+00;1980;128;216;14
4283;2026-05-31 11:37:03+00;2026-05-31 11:52:03+00;900;80;200;13
4284;2026-05-31 11:40:04+00;2026-05-31 13:04:04+00;5040;14;213;14
4285;2026-05-31 11:44:30+00;2026-05-31 11:46:25+00;115;11;216;2
4286;2026-05-31 11:57:09+00;2026-05-31 11:58:22+00;73;23;214;2
4287;2026-05-31 11:57:29+00;2026-05-31 12:25:29+00;1680;80;211;19
4288;2026-05-31 11:58:36+00;2026-05-31 11:59:33+00;57;14;213;2
4289;2026-05-31 12:01:00+00;2026-05-31 12:02:08+00;68;29;220;2
4290;2026-05-31 12:06:14+00;2026-05-31 13:34:14+00;5280;81;217;14
4291;2026-05-31 12:06:58+00;2026-05-31 12:08:33+00;95;28;211;2
4292;2026-05-31 12:07:07+00;2026-05-31 12:08:00+00;53;19;218;2
4293;2026-05-31 12:17:46+00;2026-05-31 12:19:31+00;105;30;216;2
4294;2026-05-31 12:21:12+00;2026-05-31 13:13:12+00;3120;133;205;14
4295;2026-05-31 12:24:34+00;2026-05-31 12:25:44+00;70;19;209;2
4296;2026-05-31 12:27:22+00;2026-05-31 12:28:58+00;96;26;217;2
4297;2026-05-31 12:27:56+00;2026-05-31 12:28:58+00;62;26;209;2
4298;2026-05-31 12:31:03+00;2026-05-31 13:07:03+00;2160;106;219;14
4299;2026-05-31 12:31:08+00;2026-05-31 12:32:41+00;93;12;206;2
4300;2026-05-31 12:37:40+00;2026-05-31 13:13:40+00;2160;6;219;3
4301;2026-05-31 12:39:19+00;2026-05-31 12:40:20+00;61;28;223;2
4302;2026-05-31 12:42:58+00;2026-05-31 12:44:04+00;66;13;207;2
4303;2026-05-31 12:45:24+00;2026-05-31 13:59:24+00;4440;12;216;13
4304;2026-05-31 12:51:40+00;2026-05-31 12:52:27+00;47;18;223;2
4305;2026-05-31 12:56:57+00;2026-05-31 13:37:57+00;2460;26;220;13
4306;2026-05-31 12:58:41+00;2026-05-31 12:59:56+00;75;16;215;2
4307;2026-05-31 13:01:31+00;2026-05-31 13:02:42+00;71;26;203;2
4308;2026-05-31 13:05:44+00;2026-05-31 13:26:44+00;1260;6;203;3
4309;2026-05-31 13:05:44+00;2026-05-31 13:06:36+00;52;12;207;2
4310;2026-05-31 13:05:50+00;2026-05-31 13:06:56+00;66;18;214;2
4311;2026-05-31 13:07:46+00;2026-05-31 13:09:46+00;120;11;223;2
4312;2026-05-31 13:11:22+00;2026-05-31 13:12:39+00;77;29;212;2
4313;2026-05-31 13:13:03+00;2026-05-31 13:14:31+00;88;15;201;2
4314;2026-05-31 13:16:54+00;2026-05-31 14:44:54+00;5280;140;208;19
4315;2026-05-31 13:19:29+00;2026-05-31 14:00:29+00;2460;78;220;19
4316;2026-05-31 13:20:01+00;2026-05-31 14:46:01+00;5160;36;221;19
4317;2026-05-31 13:36:06+00;2026-05-31 13:38:03+00;117;28;215;2
4318;2026-05-31 13:36:07+00;2026-05-31 13:37:31+00;84;25;223;2
4319;2026-05-31 13:48:23+00;2026-05-31 15:00:23+00;4320;21;213;14
4320;2026-05-31 13:49:01+00;2026-05-31 13:50:40+00;99;10;211;2
4321;2026-05-31 13:49:16+00;2026-05-31 14:11:16+00;1320;64;201;14
4322;2026-05-31 13:49:49+00;2026-05-31 13:51:26+00;97;11;208;2
4323;2026-05-31 14:06:47+00;2026-05-31 14:46:47+00;2400;61;202;14
4324;2026-05-31 14:11:43+00;2026-05-31 15:32:43+00;4860;62;208;13
4325;2026-05-31 14:13:13+00;2026-05-31 14:40:13+00;1620;41;207;19
4326;2026-05-31 14:17:52+00;2026-05-31 15:24:52+00;4020;37;207;13
4327;2026-05-31 14:18:22+00;2026-05-31 14:35:22+00;1020;6;223;1
4328;2026-05-31 14:19:09+00;2026-05-31 14:20:41+00;92;23;215;2
4329;2026-05-31 14:25:55+00;2026-05-31 15:49:55+00;5040;106;216;14
4330;2026-05-31 14:29:05+00;2026-05-31 14:30:48+00;103;21;220;2
4331;2026-05-31 14:32:52+00;2026-05-31 14:34:31+00;99;24;222;2
4332;2026-05-31 14:34:54+00;2026-05-31 14:36:26+00;92;10;208;2
4333;2026-05-31 14:38:12+00;2026-05-31 14:39:47+00;95;25;218;2
4334;2026-05-31 14:48:13+00;2026-05-31 15:50:13+00;3720;89;214;19
4335;2026-05-31 14:50:50+00;2026-05-31 15:59:50+00;4140;38;201;14
4336;2026-05-31 14:54:15+00;2026-05-31 14:55:39+00;84;20;214;2
4337;2026-05-31 14:54:49+00;2026-05-31 14:55:37+00;48;24;218;2
4338;2026-05-31 14:57:54+00;2026-05-31 14:59:18+00;84;17;222;2
4339;2026-05-31 15:05:36+00;2026-05-31 15:06:36+00;60;29;217;2
4340;2026-05-31 15:06:15+00;2026-05-31 15:45:15+00;2340;5;211;3
4341;2026-05-31 15:08:09+00;2026-05-31 15:08:52+00;43;11;217;2
4342;2026-05-31 15:11:44+00;2026-05-31 15:13:00+00;76;23;203;2
4343;2026-05-31 15:13:33+00;2026-05-31 16:23:33+00;4200;58;214;13
4344;2026-05-31 15:14:32+00;2026-05-31 16:19:32+00;3900;117;222;19
4345;2026-05-31 15:15:30+00;2026-05-31 16:17:30+00;3720;78;206;13
4346;2026-05-31 15:25:19+00;2026-05-31 16:44:19+00;4740;149;206;13
4347;2026-05-31 15:27:19+00;2026-05-31 15:28:51+00;92;14;218;2
4348;2026-05-31 15:41:41+00;2026-05-31 15:43:20+00;99;25;216;2
4349;2026-05-31 15:42:30+00;2026-05-31 16:20:30+00;2280;112;208;19
4350;2026-05-31 15:47:51+00;2026-05-31 16:08:51+00;1260;10;205;3
4351;2026-05-31 15:52:05+00;2026-05-31 16:31:05+00;2340;7;217;3
4352;2026-05-31 15:54:06+00;2026-05-31 17:01:06+00;4020;94;207;19
4353;2026-05-31 15:54:34+00;2026-05-31 15:56:29+00;115;22;221;2
4354;2026-05-31 16:02:10+00;2026-05-31 16:48:10+00;2760;77;200;13
4355;2026-05-31 16:27:40+00;2026-05-31 17:44:40+00;4620;126;205;19
4356;2026-05-31 16:43:14+00;2026-05-31 16:44:16+00;62;29;221;2
4357;2026-05-31 16:53:46+00;2026-05-31 16:55:11+00;85;27;203;2
4358;2026-05-31 16:53:49+00;2026-05-31 16:54:45+00;56;16;222;2
4359;2026-05-31 16:59:39+00;2026-05-31 18:25:39+00;5160;114;211;13
4360;2026-05-31 16:59:47+00;2026-05-31 18:12:47+00;4380;134;221;19
4361;2026-05-31 17:14:38+00;2026-05-31 18:33:38+00;4740;36;218;13
4362;2026-05-31 17:18:44+00;2026-05-31 17:19:54+00;70;26;207;2
4363;2026-05-31 17:21:12+00;2026-05-31 17:23:11+00;119;12;202;2
4364;2026-05-31 17:23:13+00;2026-05-31 18:50:13+00;5220;13;200;13
4365;2026-05-31 17:25:31+00;2026-05-31 18:03:31+00;2280;147;209;14
4366;2026-05-31 17:36:53+00;2026-05-31 18:30:53+00;3240;109;221;13
4367;2026-05-31 17:41:54+00;2026-05-31 17:42:44+00;50;30;211;2
4368;2026-05-31 17:46:22+00;2026-05-31 17:48:16+00;114;21;210;2
4369;2026-05-31 17:47:50+00;2026-05-31 18:04:50+00;1020;66;222;19
4370;2026-05-31 17:52:08+00;2026-05-31 17:53:54+00;106;19;215;2
4371;2026-05-31 17:53:48+00;2026-05-31 19:01:48+00;4080;106;218;14
4372;2026-05-31 17:57:57+00;2026-05-31 18:54:57+00;3420;130;214;19
4373;2026-05-31 18:04:08+00;2026-05-31 18:05:36+00;88;20;213;2
4374;2026-05-31 18:06:05+00;2026-05-31 19:21:05+00;4500;142;209;14
4375;2026-05-31 18:07:59+00;2026-05-31 18:09:46+00;107;30;218;2
4376;2026-05-31 18:16:38+00;2026-05-31 18:17:41+00;63;15;206;2
4377;2026-05-31 18:19:46+00;2026-05-31 19:19:46+00;3600;16;202;13
4378;2026-05-31 18:24:11+00;2026-05-31 19:08:11+00;2640;53;223;14
4379;2026-05-31 18:27:42+00;2026-05-31 18:29:15+00;93;11;223;2
4380;2026-05-31 18:27:52+00;2026-05-31 18:29:22+00;90;25;204;2
4381;2026-05-31 18:28:05+00;2026-05-31 18:29:38+00;93;10;212;2
4382;2026-05-31 18:37:44+00;2026-05-31 18:38:35+00;51;17;202;2
4383;2026-05-31 18:44:28+00;2026-05-31 18:45:28+00;60;10;216;2
4384;2026-05-31 18:47:29+00;2026-05-31 19:12:29+00;1500;33;204;14
4385;2026-05-31 18:47:50+00;2026-05-31 18:48:35+00;45;17;217;2
4386;2026-05-31 18:47:58+00;2026-05-31 18:49:17+00;79;17;218;2
4387;2026-05-31 18:49:56+00;2026-05-31 20:00:56+00;4260;18;209;13
4388;2026-05-31 18:53:24+00;2026-05-31 18:54:09+00;45;13;208;2
4389;2026-05-31 19:08:26+00;2026-05-31 19:40:26+00;1920;83;210;19
4390;2026-05-31 19:11:05+00;2026-05-31 19:13:04+00;119;25;201;2
4391;2026-05-31 19:19:17+00;2026-05-31 19:48:17+00;1740;99;203;13
4392;2026-05-31 19:21:54+00;2026-05-31 19:23:34+00;100;28;219;2
4393;2026-05-31 19:26:03+00;2026-05-31 20:56:03+00;5400;10;219;14
4394;2026-05-31 19:33:26+00;2026-05-31 19:34:55+00;89;11;213;2
4395;2026-05-31 19:35:37+00;2026-05-31 19:37:26+00;109;22;205;2
4396;2026-05-31 19:42:15+00;2026-05-31 20:17:15+00;2100;47;211;19
4397;2026-05-31 19:43:32+00;2026-05-31 19:44:27+00;55;24;201;2
4398;2026-05-31 19:57:14+00;2026-05-31 19:58:55+00;101;25;214;2
4399;2026-05-31 20:00:43+00;2026-05-31 21:14:43+00;4440;22;212;14
4400;2026-05-31 20:03:07+00;2026-05-31 20:48:07+00;2700;136;217;19
4401;2026-05-31 20:06:11+00;2026-05-31 21:24:11+00;4680;145;214;19
4402;2026-05-31 20:15:06+00;2026-05-31 20:15:52+00;46;18;213;2
4403;2026-05-31 20:18:36+00;2026-05-31 20:46:36+00;1680;144;212;19
4404;2026-05-31 20:24:29+00;2026-05-31 20:25:21+00;52;14;221;2
4405;2026-05-31 20:30:08+00;2026-05-31 20:57:08+00;1620;33;203;13
4406;2026-05-31 20:31:25+00;2026-05-31 20:50:25+00;1140;53;222;13
4407;2026-05-31 20:36:44+00;2026-05-31 20:37:37+00;53;20;205;2
4408;2026-05-31 20:37:16+00;2026-05-31 20:56:16+00;1140;133;215;19
4409;2026-05-31 20:42:08+00;2026-05-31 20:43:00+00;52;13;200;2
4410;2026-05-31 20:43:08+00;2026-05-31 20:44:54+00;106;30;208;2
4411;2026-05-31 20:44:23+00;2026-05-31 20:45:28+00;65;12;207;2
4412;2026-05-31 21:00:55+00;2026-05-31 21:02:45+00;110;16;203;2
4413;2026-05-31 21:02:24+00;2026-05-31 21:04:19+00;115;22;215;2
4414;2026-05-31 21:03:27+00;2026-05-31 22:18:27+00;4500;52;203;13
4415;2026-05-31 21:04:08+00;2026-05-31 22:00:08+00;3360;125;200;13
4416;2026-05-31 21:04:42+00;2026-05-31 21:53:42+00;2940;14;202;13
4417;2026-05-31 21:10:05+00;2026-05-31 21:11:54+00;109;19;216;2
4418;2026-05-31 21:16:21+00;2026-05-31 22:24:21+00;4080;54;220;13
4419;2026-05-31 21:16:48+00;2026-05-31 21:17:43+00;55;28;203;2
4420;2026-05-31 21:16:53+00;2026-05-31 21:17:44+00;51;15;214;2
4421;2026-05-31 21:28:19+00;2026-05-31 22:08:19+00;2400;141;207;13
4422;2026-05-31 21:35:30+00;2026-05-31 22:12:30+00;2220;60;209;14
4423;2026-05-31 21:35:46+00;2026-05-31 21:36:33+00;47;29;215;2
4424;2026-05-31 21:37:37+00;2026-05-31 21:55:37+00;1080;48;213;19
4425;2026-05-31 21:37:58+00;2026-05-31 22:06:58+00;1740;138;210;13
4426;2026-05-31 21:38:42+00;2026-05-31 21:59:42+00;1260;54;213;14
4427;2026-05-31 21:39:37+00;2026-05-31 21:41:23+00;106;23;219;2
4428;2026-05-31 21:47:05+00;2026-05-31 23:16:05+00;5340;28;222;13
4429;2026-05-31 22:06:26+00;2026-05-31 23:35:26+00;5340;137;206;19
4430;2026-05-31 22:13:33+00;2026-05-31 22:14:50+00;77;23;206;2
4431;2026-05-31 22:16:27+00;2026-05-31 23:09:27+00;3180;22;204;14
4432;2026-05-31 22:17:52+00;2026-05-31 23:29:52+00;4320;20;218;13
4433;2026-05-31 22:26:39+00;2026-05-31 22:27:48+00;69;21;222;2
4434;2026-05-31 22:35:08+00;2026-05-31 23:59:08+00;5040;137;207;13
4435;2026-05-31 22:35:42+00;2026-05-31 22:37:36+00;114;11;216;2
4436;2026-05-31 23:04:57+00;2026-05-31 23:48:57+00;2640;135;220;19
4437;2026-05-31 23:07:01+00;2026-05-31 23:08:21+00;80;20;212;2
4438;2026-05-31 23:23:51+00;2026-06-01 00:27:51+00;3840;25;208;14
4439;2026-05-31 23:26:54+00;2026-06-01 00:43:54+00;4620;16;211;19
4440;2026-05-31 23:36:24+00;2026-06-01 00:16:24+00;2400;106;204;13
4441;2026-05-31 23:40:16+00;2026-06-01 00:28:16+00;2880;66;205;19
4442;2026-05-31 23:49:22+00;2026-05-31 23:50:19+00;57;15;203;2
4443;2026-05-31 23:52:02+00;2026-05-31 23:53:51+00;109;30;213;2
4444;2026-05-31 23:52:06+00;2026-05-31 23:53:24+00;78;30;203;2
4445;2026-05-31 23:56:30+00;2026-06-01 01:17:30+00;4860;132;215;19
4446;2026-05-31 23:57:28+00;2026-06-01 01:02:28+00;3900;52;209;13
4447;2026-06-01 00:02:59+00;2026-06-01 00:04:07+00;68;18;220;2
4448;2026-06-01 00:21:53+00;2026-06-01 00:23:03+00;70;18;202;2
4449;2026-06-01 00:31:28+00;2026-06-01 00:33:25+00;117;23;212;2
4450;2026-06-01 00:48:40+00;2026-06-01 00:50:34+00;114;17;211;2
4451;2026-06-01 06:01:13+00;2026-06-01 06:16:13+00;900;70;219;13
4452;2026-06-01 06:03:59+00;2026-06-01 06:21:59+00;1080;36;208;13
4453;2026-06-01 06:22:37+00;2026-06-01 06:23:35+00;58;18;213;2
4454;2026-06-01 06:22:39+00;2026-06-01 06:45:39+00;1380;16;221;13
4455;2026-06-01 06:25:27+00;2026-06-01 06:46:27+00;1260;86;205;19
4456;2026-06-01 06:26:17+00;2026-06-01 06:27:24+00;67;18;202;2
4457;2026-06-01 06:30:09+00;2026-06-01 06:31:19+00;70;29;206;2
4458;2026-06-01 06:38:22+00;2026-06-01 06:39:43+00;81;20;213;2
4459;2026-06-01 06:44:27+00;2026-06-01 07:28:27+00;2640;62;217;14
4460;2026-06-01 06:49:37+00;2026-06-01 06:51:01+00;84;30;208;2
4461;2026-06-01 06:50:19+00;2026-06-01 06:51:35+00;76;26;212;2
4462;2026-06-01 06:54:31+00;2026-06-01 07:37:31+00;2580;14;210;13
4463;2026-06-01 06:55:58+00;2026-06-01 06:57:14+00;76;14;211;2
4464;2026-06-01 06:59:53+00;2026-06-01 07:00:33+00;40;28;210;2
4465;2026-06-01 07:00:18+00;2026-06-01 07:01:19+00;61;27;221;2
4466;2026-06-01 07:07:13+00;2026-06-01 07:07:57+00;44;27;204;2
4467;2026-06-01 07:10:08+00;2026-06-01 08:14:08+00;3840;124;213;14
4468;2026-06-01 07:10:11+00;2026-06-01 08:08:11+00;3480;32;223;19
4469;2026-06-01 07:20:21+00;2026-06-01 08:13:21+00;3180;113;205;13
4470;2026-06-01 07:21:11+00;2026-06-01 08:40:11+00;4740;114;220;14
4471;2026-06-01 07:35:28+00;2026-06-01 07:36:38+00;70;19;220;2
4472;2026-06-01 07:36:44+00;2026-06-01 07:38:24+00;100;15;218;2
4473;2026-06-01 07:46:55+00;2026-06-01 07:47:38+00;43;15;214;2
4474;2026-06-01 07:48:08+00;2026-06-01 08:46:08+00;3480;111;202;14
4475;2026-06-01 07:48:14+00;2026-06-01 08:20:14+00;1920;131;217;13
4476;2026-06-01 07:48:16+00;2026-06-01 08:11:16+00;1380;5;222;3
4477;2026-06-01 07:48:45+00;2026-06-01 07:50:37+00;112;29;208;2
4478;2026-06-01 07:48:51+00;2026-06-01 09:04:51+00;4560;96;204;19
4479;2026-06-01 07:52:25+00;2026-06-01 07:53:55+00;90;21;202;2
4480;2026-06-01 07:55:23+00;2026-06-01 08:58:23+00;3780;138;214;14
4481;2026-06-01 07:58:39+00;2026-06-01 08:45:39+00;2820;66;206;13
4482;2026-06-01 07:58:53+00;2026-06-01 08:00:53+00;120;17;221;2
4483;2026-06-01 08:07:02+00;2026-06-01 08:40:02+00;1980;8;215;3
4484;2026-06-01 08:07:50+00;2026-06-01 08:08:30+00;40;28;223;2
4485;2026-06-01 08:16:46+00;2026-06-01 08:18:35+00;109;13;223;2
4486;2026-06-01 08:18:13+00;2026-06-01 08:19:38+00;85;13;220;2
4487;2026-06-01 08:24:09+00;2026-06-01 08:39:09+00;900;136;216;19
4488;2026-06-01 08:26:07+00;2026-06-01 08:27:05+00;58;19;217;2
4489;2026-06-01 08:26:51+00;2026-06-01 08:27:35+00;44;17;214;2
4490;2026-06-01 08:28:49+00;2026-06-01 09:43:49+00;4500;102;219;14
4491;2026-06-01 08:35:43+00;2026-06-01 08:36:54+00;71;27;217;2
4492;2026-06-01 08:37:08+00;2026-06-01 09:47:08+00;4200;38;223;13
4493;2026-06-01 08:38:14+00;2026-06-01 08:39:57+00;103;25;207;2
4494;2026-06-01 08:40:29+00;2026-06-01 08:41:53+00;84;23;200;2
4495;2026-06-01 08:42:16+00;2026-06-01 09:03:16+00;1260;57;211;14
4496;2026-06-01 08:42:45+00;2026-06-01 08:43:33+00;48;14;223;2
4497;2026-06-01 08:42:52+00;2026-06-01 09:20:52+00;2280;134;207;19
4498;2026-06-01 08:47:17+00;2026-06-01 09:36:17+00;2940;137;214;13
4499;2026-06-01 08:48:34+00;2026-06-01 09:23:34+00;2100;9;203;3
4500;2026-06-01 08:59:33+00;2026-06-01 09:00:16+00;43;23;219;2
4501;2026-06-01 09:02:38+00;2026-06-01 09:03:24+00;46;24;214;2
4502;2026-06-01 09:04:46+00;2026-06-01 09:06:23+00;97;29;212;2
4503;2026-06-01 09:06:08+00;2026-06-01 10:07:08+00;3660;11;223;14
4504;2026-06-01 09:11:31+00;2026-06-01 09:13:29+00;118;18;200;2
4505;2026-06-01 09:13:01+00;2026-06-01 09:38:01+00;1500;99;206;19
4506;2026-06-01 09:16:18+00;2026-06-01 09:17:13+00;55;28;220;2
4507;2026-06-01 09:17:27+00;2026-06-01 10:43:27+00;5160;26;214;13
4508;2026-06-01 09:17:39+00;2026-06-01 09:18:35+00;56;24;201;2
4509;2026-06-01 09:20:52+00;2026-06-01 09:22:33+00;101;22;216;2
4510;2026-06-01 09:28:56+00;2026-06-01 09:59:56+00;1860;44;208;19
4511;2026-06-01 09:29:53+00;2026-06-01 10:50:53+00;4860;64;217;19
4512;2026-06-01 09:38:34+00;2026-06-01 09:39:15+00;41;25;211;2
4513;2026-06-01 09:51:32+00;2026-06-01 10:27:32+00;2160;138;213;13
4514;2026-06-01 09:55:11+00;2026-06-01 09:56:19+00;68;11;200;2
4515;2026-06-01 10:05:59+00;2026-06-01 10:06:47+00;48;18;205;2
4516;2026-06-01 10:08:42+00;2026-06-01 10:50:42+00;2520;83;218;13
4517;2026-06-01 10:09:49+00;2026-06-01 10:10:31+00;42;22;206;2
4518;2026-06-01 10:10:41+00;2026-06-01 10:11:51+00;70;19;206;2
4519;2026-06-01 10:12:07+00;2026-06-01 10:13:25+00;78;21;203;2
4520;2026-06-01 10:14:24+00;2026-06-01 10:59:24+00;2700;20;222;13
4521;2026-06-01 10:17:56+00;2026-06-01 11:25:56+00;4080;92;210;13
4522;2026-06-01 10:18:33+00;2026-06-01 11:08:33+00;3000;91;219;14
4523;2026-06-01 10:26:06+00;2026-06-01 11:48:06+00;4920;115;206;13
4524;2026-06-01 10:30:28+00;2026-06-01 10:31:26+00;58;11;204;2
4525;2026-06-01 10:36:54+00;2026-06-01 10:38:37+00;103;26;209;2
4526;2026-06-01 10:44:11+00;2026-06-01 11:45:11+00;3660;122;211;14
4527;2026-06-01 10:56:15+00;2026-06-01 11:46:15+00;3000;34;212;14
4528;2026-06-01 10:57:12+00;2026-06-01 10:58:53+00;101;14;216;2
4529;2026-06-01 11:02:17+00;2026-06-01 11:31:17+00;1740;146;215;19
4530;2026-06-01 11:07:43+00;2026-06-01 11:50:43+00;2580;43;216;13
4531;2026-06-01 11:08:48+00;2026-06-01 12:31:48+00;4980;123;203;19
4532;2026-06-01 11:14:54+00;2026-06-01 11:16:51+00;117;28;223;2
4533;2026-06-01 11:16:23+00;2026-06-01 11:40:23+00;1440;109;210;19
4534;2026-06-01 11:18:33+00;2026-06-01 11:19:33+00;60;27;202;2
4535;2026-06-01 11:20:37+00;2026-06-01 12:38:37+00;4680;142;203;13
4536;2026-06-01 11:21:05+00;2026-06-01 11:22:40+00;95;30;203;2
4537;2026-06-01 11:25:28+00;2026-06-01 11:26:23+00;55;28;221;2
4538;2026-06-01 11:30:04+00;2026-06-01 11:56:04+00;1560;74;216;13
4539;2026-06-01 11:30:22+00;2026-06-01 11:31:10+00;48;24;203;2
4540;2026-06-01 11:30:56+00;2026-06-01 12:56:56+00;5160;22;209;14
4541;2026-06-01 11:31:05+00;2026-06-01 11:32:39+00;94;15;223;2
4542;2026-06-01 11:35:23+00;2026-06-01 11:37:17+00;114;21;205;2
4543;2026-06-01 11:36:23+00;2026-06-01 11:37:13+00;50;19;223;2
4544;2026-06-01 11:39:56+00;2026-06-01 12:01:56+00;1320;9;219;3
4545;2026-06-01 11:40:09+00;2026-06-01 11:42:08+00;119;18;206;2
4546;2026-06-01 11:58:02+00;2026-06-01 12:30:02+00;1920;146;216;13
4547;2026-06-01 11:59:14+00;2026-06-01 12:44:14+00;2700;76;220;13
4548;2026-06-01 12:17:59+00;2026-06-01 12:19:21+00;82;26;204;2
4549;2026-06-01 12:22:52+00;2026-06-01 13:46:52+00;5040;130;218;14
4550;2026-06-01 12:24:58+00;2026-06-01 12:26:04+00;66;22;222;2
4551;2026-06-01 12:32:45+00;2026-06-01 14:01:45+00;5340;34;219;14
4552;2026-06-01 12:36:50+00;2026-06-01 12:38:44+00;114;14;205;2
4553;2026-06-01 12:37:54+00;2026-06-01 12:38:52+00;58;24;206;2
4554;2026-06-01 12:38:38+00;2026-06-01 13:25:38+00;2820;103;206;14
4555;2026-06-01 12:40:02+00;2026-06-01 13:09:02+00;1740;6;216;3
4556;2026-06-01 12:58:08+00;2026-06-01 12:59:28+00;80;27;219;2
4557;2026-06-01 13:00:24+00;2026-06-01 13:28:24+00;1680;5;201;3
4558;2026-06-01 13:14:49+00;2026-06-01 14:20:49+00;3960;148;209;19
4559;2026-06-01 13:20:42+00;2026-06-01 14:26:42+00;3960;15;221;13
4560;2026-06-01 13:22:35+00;2026-06-01 13:24:02+00;87;22;217;2
4561;2026-06-01 13:23:05+00;2026-06-01 14:22:05+00;3540;150;204;13
4562;2026-06-01 13:24:06+00;2026-06-01 13:51:06+00;1620;5;223;3
4563;2026-06-01 13:47:28+00;2026-06-01 14:52:28+00;3900;94;205;13
4564;2026-06-01 13:53:56+00;2026-06-01 13:55:19+00;83;22;210;2
4565;2026-06-01 13:59:08+00;2026-06-01 15:03:08+00;3840;76;221;14
4566;2026-06-01 14:05:31+00;2026-06-01 14:41:31+00;2160;114;206;14
4567;2026-06-01 14:09:51+00;2026-06-01 14:10:57+00;66;12;214;2
4568;2026-06-01 14:09:53+00;2026-06-01 14:11:16+00;83;29;212;2
4569;2026-06-01 14:10:16+00;2026-06-01 14:11:36+00;80;20;205;2
4570;2026-06-01 14:14:53+00;2026-06-01 14:15:46+00;53;30;217;2
4571;2026-06-01 14:25:25+00;2026-06-01 14:42:25+00;1020;126;207;14
4572;2026-06-01 14:35:19+00;2026-06-01 15:37:19+00;3720;99;209;13
4573;2026-06-01 14:42:40+00;2026-06-01 14:44:18+00;98;13;201;2
4574;2026-06-01 14:44:44+00;2026-06-01 14:45:33+00;49;24;209;2
4575;2026-06-01 14:57:59+00;2026-06-01 15:23:59+00;1560;9;206;3
4576;2026-06-01 15:00:33+00;2026-06-01 15:58:33+00;3480;137;212;13
4577;2026-06-01 15:09:24+00;2026-06-01 15:11:10+00;106;19;214;2
4578;2026-06-01 15:10:42+00;2026-06-01 15:11:38+00;56;26;219;2
4579;2026-06-01 15:22:36+00;2026-06-01 15:24:18+00;102;18;215;2
4580;2026-06-01 15:22:51+00;2026-06-01 16:48:51+00;5160;78;208;14
4581;2026-06-01 15:24:57+00;2026-06-01 16:43:57+00;4740;122;219;14
4582;2026-06-01 15:28:58+00;2026-06-01 16:00:58+00;1920;7;209;3
4583;2026-06-01 15:31:23+00;2026-06-01 15:33:13+00;110;26;201;2
4584;2026-06-01 15:34:21+00;2026-06-01 16:41:21+00;4020;16;201;13
4585;2026-06-01 15:34:59+00;2026-06-01 15:36:49+00;110;24;200;2
4586;2026-06-01 15:34:59+00;2026-06-01 16:42:59+00;4080;76;222;19
4587;2026-06-01 15:41:30+00;2026-06-01 16:05:30+00;1440;150;211;13
4588;2026-06-01 15:50:53+00;2026-06-01 17:01:53+00;4260;33;209;14
4589;2026-06-01 15:56:19+00;2026-06-01 16:25:19+00;1740;120;218;13
4590;2026-06-01 15:59:03+00;2026-06-01 16:00:33+00;90;11;217;2
4591;2026-06-01 16:05:16+00;2026-06-01 16:06:18+00;62;30;207;2
4592;2026-06-01 16:08:49+00;2026-06-01 17:31:49+00;4980;63;221;13
4593;2026-06-01 16:10:33+00;2026-06-01 16:11:38+00;65;26;212;2
4594;2026-06-01 16:11:12+00;2026-06-01 17:05:12+00;3240;112;220;14
4595;2026-06-01 16:27:01+00;2026-06-01 16:28:08+00;67;18;212;2
4596;2026-06-01 16:30:33+00;2026-06-01 17:20:33+00;3000;150;212;19
4597;2026-06-01 16:42:01+00;2026-06-01 16:43:44+00;103;25;222;2
4598;2026-06-01 16:50:51+00;2026-06-01 18:16:51+00;5160;34;204;13
4599;2026-06-01 17:06:35+00;2026-06-01 17:08:05+00;90;30;209;2
4600;2026-06-01 17:12:44+00;2026-06-01 17:27:44+00;900;46;200;14
4601;2026-06-01 17:18:56+00;2026-06-01 17:20:48+00;112;29;222;2
4602;2026-06-01 17:21:19+00;2026-06-01 17:22:29+00;70;13;206;2
4603;2026-06-01 17:23:27+00;2026-06-01 18:40:27+00;4620;33;200;13
4604;2026-06-01 17:37:56+00;2026-06-01 18:38:56+00;3660;128;223;13
4605;2026-06-01 17:43:13+00;2026-06-01 18:57:13+00;4440;119;203;19
4606;2026-06-01 17:44:08+00;2026-06-01 18:20:08+00;2160;67;201;19
4607;2026-06-01 17:53:11+00;2026-06-01 18:31:11+00;2280;64;202;19
4608;2026-06-01 17:55:48+00;2026-06-01 18:48:48+00;3180;48;214;14
4609;2026-06-01 17:57:39+00;2026-06-01 18:15:39+00;1080;72;214;19
4610;2026-06-01 17:58:03+00;2026-06-01 17:59:03+00;60;28;217;2
4611;2026-06-01 18:06:06+00;2026-06-01 18:56:06+00;3000;16;211;14
4612;2026-06-01 18:18:30+00;2026-06-01 18:19:18+00;48;13;211;2
4613;2026-06-01 18:18:54+00;2026-06-01 18:20:25+00;91;10;215;2
4614;2026-06-01 18:21:23+00;2026-06-01 18:23:00+00;97;10;208;2
4615;2026-06-01 18:22:35+00;2026-06-01 18:23:15+00;40;11;207;2
4616;2026-06-01 18:25:53+00;2026-06-01 18:46:53+00;1260;11;206;14
4617;2026-06-01 18:29:22+00;2026-06-01 18:30:35+00;73;25;212;2
4618;2026-06-01 18:45:47+00;2026-06-01 20:02:47+00;4620;67;221;13
4619;2026-06-01 18:55:38+00;2026-06-01 18:56:25+00;47;28;201;2
4620;2026-06-01 19:04:51+00;2026-06-01 19:06:10+00;79;13;210;2
4621;2026-06-01 19:05:13+00;2026-06-01 20:14:13+00;4140;34;222;19
4622;2026-06-01 19:05:33+00;2026-06-01 19:06:34+00;61;18;203;2
4623;2026-06-01 19:10:51+00;2026-06-01 19:12:00+00;69;30;201;2
4624;2026-06-01 19:12:40+00;2026-06-01 19:14:18+00;98;10;208;2
4625;2026-06-01 19:16:35+00;2026-06-01 19:18:19+00;104;30;202;2
4626;2026-06-01 19:18:02+00;2026-06-01 19:18:51+00;49;20;216;2
4627;2026-06-01 19:21:45+00;2026-06-01 19:42:45+00;1260;93;220;14
4628;2026-06-01 19:21:48+00;2026-06-01 20:43:48+00;4920;60;217;14
4629;2026-06-01 19:25:39+00;2026-06-01 19:26:19+00;40;17;215;2
4630;2026-06-01 19:29:27+00;2026-06-01 20:23:27+00;3240;37;218;13
4631;2026-06-01 19:33:58+00;2026-06-01 19:35:56+00;118;29;204;2
4632;2026-06-01 19:36:20+00;2026-06-01 20:46:20+00;4200;56;215;19
4633;2026-06-01 19:44:25+00;2026-06-01 20:24:25+00;2400;40;213;13
4634;2026-06-01 19:45:19+00;2026-06-01 20:16:19+00;1860;86;200;14
4635;2026-06-01 19:51:16+00;2026-06-01 20:50:16+00;3540;50;210;13
4636;2026-06-01 19:52:07+00;2026-06-01 19:53:54+00;107;15;202;2
4637;2026-06-01 19:52:38+00;2026-06-01 21:02:38+00;4200;130;201;19
4638;2026-06-01 20:01:12+00;2026-06-01 20:47:12+00;2760;123;208;14
4639;2026-06-01 20:01:47+00;2026-06-01 20:47:47+00;2760;126;214;19
4640;2026-06-01 20:04:12+00;2026-06-01 21:22:12+00;4680;146;209;13
4641;2026-06-01 20:05:57+00;2026-06-01 21:06:57+00;3660;148;215;19
4642;2026-06-01 20:19:07+00;2026-06-01 20:21:02+00;115;18;208;2
4643;2026-06-01 20:25:54+00;2026-06-01 20:27:04+00;70;28;210;2
4644;2026-06-01 20:27:41+00;2026-06-01 20:29:07+00;86;30;222;2
4645;2026-06-01 20:28:04+00;2026-06-01 20:29:59+00;115;19;208;2
4646;2026-06-01 20:33:16+00;2026-06-01 20:48:16+00;900;106;200;14
4647;2026-06-01 20:34:40+00;2026-06-01 20:35:24+00;44;26;208;2
4648;2026-06-01 20:36:59+00;2026-06-01 21:05:59+00;1740;147;223;13
4649;2026-06-01 20:39:09+00;2026-06-01 20:39:54+00;45;26;219;2
4650;2026-06-01 20:46:28+00;2026-06-01 20:48:09+00;101;17;218;2
4651;2026-06-01 20:51:45+00;2026-06-01 20:53:03+00;78;19;210;2
4652;2026-06-01 20:57:58+00;2026-06-01 22:27:58+00;5400;45;211;14
4653;2026-06-01 20:58:01+00;2026-06-01 21:35:01+00;2220;132;204;14
4654;2026-06-01 20:59:03+00;2026-06-01 21:16:03+00;1020;85;207;19
4655;2026-06-01 20:59:55+00;2026-06-01 21:00:38+00;43;23;202;2
4656;2026-06-01 21:03:49+00;2026-06-01 21:04:33+00;44;26;213;2
4657;2026-06-01 21:11:59+00;2026-06-01 21:13:04+00;65;18;220;2
4658;2026-06-01 21:12:06+00;2026-06-01 21:13:32+00;86;16;213;2
4659;2026-06-01 21:15:57+00;2026-06-01 21:55:57+00;2400;97;222;14
4660;2026-06-01 21:29:10+00;2026-06-01 21:30:02+00;52;12;201;2
4661;2026-06-01 21:42:04+00;2026-06-01 22:20:04+00;2280;89;223;19
4662;2026-06-01 21:42:35+00;2026-06-01 22:45:35+00;3780;41;209;13
4663;2026-06-01 21:43:30+00;2026-06-01 21:44:16+00;46;10;207;2
4664;2026-06-01 22:07:25+00;2026-06-01 22:08:07+00;42;14;222;2
4665;2026-06-01 22:10:32+00;2026-06-01 22:11:15+00;43;28;216;2
4666;2026-06-01 22:16:54+00;2026-06-01 22:17:39+00;45;29;208;2
4667;2026-06-01 22:25:33+00;2026-06-01 22:26:51+00;78;15;213;2
4668;2026-06-01 22:30:42+00;2026-06-01 23:48:42+00;4680;128;218;14
4669;2026-06-01 22:42:56+00;2026-06-01 22:44:13+00;77;19;212;2
4670;2026-06-01 22:58:32+00;2026-06-01 22:59:55+00;83;22;205;2
4671;2026-06-01 23:01:42+00;2026-06-01 23:03:03+00;81;17;212;2
4672;2026-06-01 23:05:21+00;2026-06-01 23:31:21+00;1560;54;219;14
4673;2026-06-01 23:08:32+00;2026-06-01 23:09:23+00;51;12;213;2
4674;2026-06-01 23:21:34+00;2026-06-01 23:23:10+00;96;15;217;2
4675;2026-06-01 23:21:46+00;2026-06-02 00:12:46+00;3060;33;204;13
4676;2026-06-01 23:23:49+00;2026-06-01 23:24:58+00;69;27;200;2
4677;2026-06-01 23:26:17+00;2026-06-01 23:26:59+00;42;16;205;2
4678;2026-06-01 23:27:39+00;2026-06-01 23:29:04+00;85;17;218;2
4679;2026-06-01 23:30:26+00;2026-06-01 23:55:26+00;1500;16;203;19
4680;2026-06-01 23:33:43+00;2026-06-01 23:35:31+00;108;29;218;2
4681;2026-06-01 23:36:51+00;2026-06-01 23:38:19+00;88;26;205;2
4682;2026-06-01 23:39:06+00;2026-06-01 23:55:06+00;960;139;202;19
4683;2026-06-01 23:39:27+00;2026-06-02 00:16:27+00;2220;12;205;14
4684;2026-06-01 23:39:50+00;2026-06-01 23:41:45+00;115;19;221;2
4685;2026-06-01 23:39:55+00;2026-06-01 23:40:50+00;55;16;206;2
4686;2026-06-01 23:40:00+00;2026-06-01 23:41:08+00;68;20;211;2
4687;2026-06-01 23:40:25+00;2026-06-01 23:41:30+00;65;15;222;2
4688;2026-06-01 23:42:05+00;2026-06-02 01:09:05+00;5220;82;216;19
4689;2026-06-01 23:42:07+00;2026-06-01 23:43:41+00;94;12;215;2
4690;2026-06-01 23:43:04+00;2026-06-02 00:18:04+00;2100;136;202;14
4691;2026-06-01 23:45:54+00;2026-06-01 23:46:47+00;53;25;222;2
4692;2026-06-01 23:48:11+00;2026-06-02 00:48:11+00;3600;22;202;14
4693;2026-06-01 23:52:05+00;2026-06-02 00:19:05+00;1620;31;222;13
4694;2026-06-01 23:56:40+00;2026-06-01 23:58:12+00;92;16;216;2
4695;2026-06-02 00:00:28+00;2026-06-02 00:01:16+00;48;29;205;2
4696;2026-06-02 00:11:26+00;2026-06-02 00:12:44+00;78;20;211;2
4697;2026-06-02 00:11:37+00;2026-06-02 00:12:19+00;42;15;204;2
4698;2026-06-02 00:13:04+00;2026-06-02 00:14:51+00;107;24;218;2
4699;2026-06-02 00:18:03+00;2026-06-02 00:19:50+00;107;11;214;2
4700;2026-06-02 00:47:03+00;2026-06-02 00:48:23+00;80;25;209;2
4701;2026-06-02 00:50:25+00;2026-06-02 00:52:13+00;108;15;211;2
4702;2026-06-02 06:00:49+00;2026-06-02 07:14:49+00;4440;50;211;13
4703;2026-06-02 06:16:00+00;2026-06-02 06:17:33+00;93;29;209;2
4704;2026-06-02 06:18:36+00;2026-06-02 06:19:27+00;51;18;207;2
4705;2026-06-02 06:29:14+00;2026-06-02 07:35:14+00;3960;67;216;19
4706;2026-06-02 06:34:34+00;2026-06-02 07:09:34+00;2100;138;213;19
4707;2026-06-02 06:35:22+00;2026-06-02 06:36:16+00;54;28;221;2
4708;2026-06-02 06:38:19+00;2026-06-02 07:53:19+00;4500;129;206;19
4709;2026-06-02 06:51:52+00;2026-06-02 06:53:52+00;120;16;209;2
4710;2026-06-02 07:06:13+00;2026-06-02 07:08:08+00;115;22;219;2
4711;2026-06-02 07:11:03+00;2026-06-02 07:55:03+00;2640;128;210;19
4712;2026-06-02 07:13:08+00;2026-06-02 08:42:08+00;5340;92;201;14
4713;2026-06-02 07:19:47+00;2026-06-02 07:20:55+00;68;13;203;2
4714;2026-06-02 07:24:56+00;2026-06-02 08:15:56+00;3060;144;206;19
4715;2026-06-02 07:27:54+00;2026-06-02 07:29:46+00;112;12;215;2
4716;2026-06-02 07:33:01+00;2026-06-02 07:57:01+00;1440;7;214;3
4717;2026-06-02 07:50:28+00;2026-06-02 09:17:28+00;5220;106;220;19
4718;2026-06-02 07:52:33+00;2026-06-02 07:54:01+00;88;14;210;2
4719;2026-06-02 08:04:36+00;2026-06-02 08:06:00+00;84;30;207;2
4720;2026-06-02 08:10:57+00;2026-06-02 08:11:55+00;58;27;220;2
4721;2026-06-02 08:10:59+00;2026-06-02 08:12:55+00;116;27;216;2
4722;2026-06-02 08:11:02+00;2026-06-02 08:35:02+00;1440;39;206;14
4723;2026-06-02 08:16:21+00;2026-06-02 08:17:35+00;74;26;205;2
4724;2026-06-02 08:19:01+00;2026-06-02 08:20:00+00;59;27;204;2
4725;2026-06-02 08:21:37+00;2026-06-02 08:22:31+00;54;29;221;2
4726;2026-06-02 08:22:11+00;2026-06-02 08:23:58+00;107;28;214;2
4727;2026-06-02 08:30:43+00;2026-06-02 09:24:43+00;3240;17;202;14
4728;2026-06-02 08:31:17+00;2026-06-02 09:06:17+00;2100;145;216;19
4729;2026-06-02 08:32:23+00;2026-06-02 08:33:49+00;86;15;206;2
4730;2026-06-02 08:34:26+00;2026-06-02 08:36:04+00;98;10;204;2
4731;2026-06-02 08:35:09+00;2026-06-02 09:02:09+00;1620;38;204;19
4732;2026-06-02 08:39:46+00;2026-06-02 08:41:04+00;78;14;213;2
4733;2026-06-02 08:40:38+00;2026-06-02 08:41:26+00;48;19;206;2
4734;2026-06-02 08:54:30+00;2026-06-02 08:55:22+00;52;17;204;2
4735;2026-06-02 08:59:21+00;2026-06-02 09:29:21+00;1800;145;223;19
4736;2026-06-02 09:00:29+00;2026-06-02 09:01:30+00;61;18;212;2
4737;2026-06-02 09:02:35+00;2026-06-02 09:03:31+00;56;20;222;2
4738;2026-06-02 09:02:37+00;2026-06-02 09:03:36+00;59;18;203;2
4739;2026-06-02 09:04:33+00;2026-06-02 09:32:33+00;1680;121;223;14
4740;2026-06-02 09:09:12+00;2026-06-02 10:29:12+00;4800;23;212;19
4741;2026-06-02 09:12:39+00;2026-06-02 09:13:47+00;68;20;202;2
4742;2026-06-02 09:13:24+00;2026-06-02 09:14:19+00;55;15;207;2
4743;2026-06-02 09:14:20+00;2026-06-02 09:50:20+00;2160;97;218;14
4744;2026-06-02 09:22:11+00;2026-06-02 10:19:11+00;3420;107;210;14
4745;2026-06-02 09:23:37+00;2026-06-02 09:24:37+00;60;20;208;2
4746;2026-06-02 09:24:57+00;2026-06-02 09:25:55+00;58;30;211;2
4747;2026-06-02 09:27:14+00;2026-06-02 09:28:53+00;99;29;205;2
4748;2026-06-02 09:29:15+00;2026-06-02 09:30:00+00;45;13;221;2
4749;2026-06-02 09:38:08+00;2026-06-02 09:39:30+00;82;30;204;2
4750;2026-06-02 09:39:18+00;2026-06-02 09:40:50+00;92;22;206;2
4751;2026-06-02 09:40:58+00;2026-06-02 11:01:58+00;4860;46;220;19
4752;2026-06-02 09:43:55+00;2026-06-02 09:45:07+00;72;26;223;2
4753;2026-06-02 09:57:57+00;2026-06-02 10:16:57+00;1140;148;204;19
4754;2026-06-02 09:59:33+00;2026-06-02 10:24:33+00;1500;6;210;3
4755;2026-06-02 10:00:59+00;2026-06-02 10:46:59+00;2760;127;206;19
4756;2026-06-02 10:04:54+00;2026-06-02 10:06:25+00;91;26;217;2
4757;2026-06-02 10:09:30+00;2026-06-02 10:11:12+00;102;15;212;2
4758;2026-06-02 10:11:51+00;2026-06-02 10:12:43+00;52;26;207;2
4759;2026-06-02 10:16:41+00;2026-06-02 10:17:50+00;69;26;203;2
4760;2026-06-02 10:26:52+00;2026-06-02 10:27:47+00;55;12;200;2
4761;2026-06-02 10:29:46+00;2026-06-02 11:59:46+00;5400;42;208;13
4762;2026-06-02 10:32:59+00;2026-06-02 11:42:59+00;4200;20;211;13
4763;2026-06-02 10:33:38+00;2026-06-02 11:01:38+00;1680;10;217;3
4764;2026-06-02 10:34:38+00;2026-06-02 10:35:38+00;60;24;209;2
4765;2026-06-02 10:35:55+00;2026-06-02 11:15:55+00;2400;9;215;3
4766;2026-06-02 10:40:06+00;2026-06-02 10:41:07+00;61;11;207;2
4767;2026-06-02 10:41:54+00;2026-06-02 11:02:54+00;1260;8;208;3
4768;2026-06-02 10:44:34+00;2026-06-02 11:14:34+00;1800;99;203;19
4769;2026-06-02 10:45:58+00;2026-06-02 10:47:38+00;100;20;213;2
4770;2026-06-02 10:52:05+00;2026-06-02 11:36:05+00;2640;126;207;13
4771;2026-06-02 10:57:49+00;2026-06-02 10:59:22+00;93;30;217;2
4772;2026-06-02 11:00:49+00;2026-06-02 11:02:06+00;77;19;217;2
4773;2026-06-02 11:01:41+00;2026-06-02 11:02:23+00;42;19;202;2
4774;2026-06-02 11:07:27+00;2026-06-02 11:09:02+00;95;25;204;2
4775;2026-06-02 11:07:33+00;2026-06-02 11:08:33+00;60;13;205;2
4776;2026-06-02 11:07:46+00;2026-06-02 11:08:52+00;66;23;208;2
4777;2026-06-02 11:09:11+00;2026-06-02 11:10:14+00;63;28;204;2
4778;2026-06-02 11:15:38+00;2026-06-02 11:16:19+00;41;18;216;2
4779;2026-06-02 11:28:14+00;2026-06-02 11:29:27+00;73;11;220;2
4780;2026-06-02 11:29:56+00;2026-06-02 11:31:53+00;117;27;220;2
4781;2026-06-02 11:36:06+00;2026-06-02 12:25:06+00;2940;59;207;14
4782;2026-06-02 11:37:15+00;2026-06-02 13:01:15+00;5040;106;210;19
4783;2026-06-02 11:39:33+00;2026-06-02 12:41:33+00;3720;143;220;19
4784;2026-06-02 11:50:36+00;2026-06-02 13:07:36+00;4620;145;214;19
4785;2026-06-02 11:51:03+00;2026-06-02 12:55:03+00;3840;42;222;14
4786;2026-06-02 12:01:45+00;2026-06-02 12:02:35+00;50;10;205;2
4787;2026-06-02 12:05:54+00;2026-06-02 12:07:42+00;108;17;215;2
4788;2026-06-02 12:15:51+00;2026-06-02 12:17:39+00;108;14;213;2
4789;2026-06-02 12:23:26+00;2026-06-02 12:24:06+00;40;21;209;2
4790;2026-06-02 12:26:27+00;2026-06-02 12:28:25+00;118;30;220;2
4791;2026-06-02 12:26:39+00;2026-06-02 12:27:58+00;79;16;208;2
4792;2026-06-02 12:33:47+00;2026-06-02 12:35:41+00;114;22;208;2
4793;2026-06-02 12:37:19+00;2026-06-02 12:57:19+00;1200;102;222;13
4794;2026-06-02 12:39:43+00;2026-06-02 12:41:27+00;104;27;212;2
4795;2026-06-02 12:43:54+00;2026-06-02 13:19:54+00;2160;10;213;3
4796;2026-06-02 12:47:02+00;2026-06-02 13:28:02+00;2460;137;217;13
4797;2026-06-02 12:48:32+00;2026-06-02 12:49:26+00;54;26;211;2
4798;2026-06-02 12:55:08+00;2026-06-02 13:50:08+00;3300;62;223;19
4799;2026-06-02 12:56:02+00;2026-06-02 12:57:35+00;93;15;223;2
4800;2026-06-02 12:59:23+00;2026-06-02 14:02:23+00;3780;25;204;14
4801;2026-06-02 13:02:57+00;2026-06-02 13:04:22+00;85;24;218;2
4802;2026-06-02 13:07:32+00;2026-06-02 13:08:30+00;58;18;221;2
4803;2026-06-02 13:08:01+00;2026-06-02 14:32:01+00;5040;47;201;13
4804;2026-06-02 13:12:40+00;2026-06-02 13:14:15+00;95;12;210;2
4805;2026-06-02 13:20:43+00;2026-06-02 14:49:43+00;5340;132;209;13
4806;2026-06-02 13:23:35+00;2026-06-02 13:24:22+00;47;29;223;2
4807;2026-06-02 13:29:08+00;2026-06-02 13:30:46+00;98;21;202;2
4808;2026-06-02 13:30:59+00;2026-06-02 13:55:59+00;1500;7;220;3
4809;2026-06-02 13:35:05+00;2026-06-02 14:07:05+00;1920;10;207;3
4810;2026-06-02 13:35:40+00;2026-06-02 13:36:34+00;54;19;204;2
4811;2026-06-02 13:42:19+00;2026-06-02 13:43:13+00;54;12;211;2
4812;2026-06-02 13:44:31+00;2026-06-02 13:46:19+00;108;30;222;2
4813;2026-06-02 13:47:33+00;2026-06-02 15:14:33+00;5220;121;216;13
4814;2026-06-02 14:06:52+00;2026-06-02 14:08:00+00;68;20;203;2
4815;2026-06-02 14:06:52+00;2026-06-02 15:21:52+00;4500;16;208;13
4816;2026-06-02 14:19:23+00;2026-06-02 14:20:43+00;80;21;212;2
4817;2026-06-02 14:21:55+00;2026-06-02 15:33:55+00;4320;88;215;14
4818;2026-06-02 14:22:19+00;2026-06-02 14:23:35+00;76;19;213;2
4819;2026-06-02 14:23:04+00;2026-06-02 14:24:01+00;57;11;223;2
4820;2026-06-02 14:32:00+00;2026-06-02 14:33:25+00;85;26;212;2
4821;2026-06-02 14:34:03+00;2026-06-02 14:57:03+00;1380;61;222;14
4822;2026-06-02 14:37:12+00;2026-06-02 14:37:57+00;45;24;208;2
4823;2026-06-02 14:46:09+00;2026-06-02 14:47:47+00;98;18;206;2
4824;2026-06-02 14:52:47+00;2026-06-02 15:38:47+00;2760;143;215;13
4825;2026-06-02 14:54:18+00;2026-06-02 14:54:58+00;40;13;222;2
4826;2026-06-02 15:01:37+00;2026-06-02 15:02:37+00;60;12;211;2
4827;2026-06-02 15:05:33+00;2026-06-02 15:52:33+00;2820;134;219;13
4828;2026-06-02 15:07:37+00;2026-06-02 15:08:29+00;52;29;208;2
4829;2026-06-02 15:14:45+00;2026-06-02 16:24:45+00;4200;142;205;14
4830;2026-06-02 15:15:50+00;2026-06-02 15:17:40+00;110;19;219;2
4831;2026-06-02 15:19:15+00;2026-06-02 16:18:15+00;3540;141;201;14
4832;2026-06-02 15:21:34+00;2026-06-02 15:22:44+00;70;29;208;2
4833;2026-06-02 15:22:03+00;2026-06-02 16:19:03+00;3420;72;223;19
4834;2026-06-02 15:22:14+00;2026-06-02 16:12:14+00;3000;31;210;19
4835;2026-06-02 15:22:17+00;2026-06-02 15:23:17+00;60;25;223;2
4836;2026-06-02 15:26:55+00;2026-06-02 16:44:55+00;4680;93;220;13
4837;2026-06-02 15:28:06+00;2026-06-02 16:19:06+00;3060;97;223;13
4838;2026-06-02 15:34:12+00;2026-06-02 15:35:34+00;82;23;200;2
4839;2026-06-02 15:37:58+00;2026-06-02 15:39:07+00;69;24;215;2
4840;2026-06-02 15:38:45+00;2026-06-02 16:18:45+00;2400;8;200;3
4841;2026-06-02 15:41:10+00;2026-06-02 15:42:44+00;94;21;211;2
4842;2026-06-02 15:44:57+00;2026-06-02 15:46:00+00;63;25;201;2
4843;2026-06-02 15:46:27+00;2026-06-02 15:47:42+00;75;26;200;2
4844;2026-06-02 15:49:01+00;2026-06-02 15:49:52+00;51;21;219;2
4845;2026-06-02 15:52:00+00;2026-06-02 15:53:19+00;79;18;205;2
4846;2026-06-02 15:53:43+00;2026-06-02 16:16:43+00;1380;91;202;14
4847;2026-06-02 15:56:43+00;2026-06-02 17:00:43+00;3840;41;203;13
4848;2026-06-02 16:02:13+00;2026-06-02 16:27:13+00;1500;19;206;19
4849;2026-06-02 16:15:52+00;2026-06-02 16:49:52+00;2040;35;223;14
4850;2026-06-02 16:18:09+00;2026-06-02 16:19:35+00;86;21;214;2
4851;2026-06-02 16:19:08+00;2026-06-02 17:48:08+00;5340;125;200;13
4852;2026-06-02 16:21:15+00;2026-06-02 17:12:15+00;3060;35;204;19
4853;2026-06-02 16:26:24+00;2026-06-02 16:58:24+00;1920;84;202;14
4854;2026-06-02 16:30:22+00;2026-06-02 17:47:22+00;4620;37;212;13
4855;2026-06-02 16:41:17+00;2026-06-02 18:05:17+00;5040;21;220;13
4856;2026-06-02 16:47:49+00;2026-06-02 17:27:49+00;2400;91;206;19
4857;2026-06-02 16:50:07+00;2026-06-02 16:50:58+00;51;11;202;2
4858;2026-06-02 16:57:07+00;2026-06-02 18:14:07+00;4620;70;202;14
4859;2026-06-02 17:03:27+00;2026-06-02 17:53:27+00;3000;85;222;19
4860;2026-06-02 17:04:13+00;2026-06-02 17:05:07+00;54;29;214;2
4861;2026-06-02 17:06:09+00;2026-06-02 17:07:33+00;84;29;203;2
4862;2026-06-02 17:22:57+00;2026-06-02 17:40:57+00;1080;91;212;14
4863;2026-06-02 17:23:39+00;2026-06-02 17:25:37+00;118;22;219;2
4864;2026-06-02 17:25:09+00;2026-06-02 17:26:32+00;83;10;222;2
4865;2026-06-02 17:25:58+00;2026-06-02 17:27:42+00;104;12;201;2
4866;2026-06-02 17:28:54+00;2026-06-02 18:42:54+00;4440;75;221;14
4867;2026-06-02 17:30:02+00;2026-06-02 17:30:51+00;49;10;206;2
4868;2026-06-02 17:50:55+00;2026-06-02 17:52:40+00;105;30;200;2
4869;2026-06-02 17:51:01+00;2026-06-02 17:52:40+00;99;20;207;2
4870;2026-06-02 17:51:43+00;2026-06-02 17:53:41+00;118;25;218;2
4871;2026-06-02 18:00:36+00;2026-06-02 18:47:36+00;2820;150;221;13
4872;2026-06-02 18:00:57+00;2026-06-02 18:40:57+00;2400;81;203;13
4873;2026-06-02 18:08:45+00;2026-06-02 18:09:26+00;41;25;215;2
4874;2026-06-02 18:22:55+00;2026-06-02 19:16:55+00;3240;94;200;13
4875;2026-06-02 18:26:30+00;2026-06-02 19:52:30+00;5160;148;203;19
4876;2026-06-02 18:30:14+00;2026-06-02 18:54:14+00;1440;63;205;19
4877;2026-06-02 18:34:20+00;2026-06-02 18:35:19+00;59;20;209;2
4878;2026-06-02 18:34:22+00;2026-06-02 18:36:13+00;111;22;219;2
4879;2026-06-02 18:37:39+00;2026-06-02 19:38:39+00;3660;42;216;14
4880;2026-06-02 18:55:28+00;2026-06-02 19:22:28+00;1620;51;221;13
4881;2026-06-02 18:56:57+00;2026-06-02 19:13:57+00;1020;142;203;19
4882;2026-06-02 18:59:34+00;2026-06-02 19:21:34+00;1320;81;202;19
4883;2026-06-02 19:01:54+00;2026-06-02 19:19:54+00;1080;76;222;13
4884;2026-06-02 19:02:04+00;2026-06-02 19:34:04+00;1920;61;202;13
4885;2026-06-02 19:03:48+00;2026-06-02 19:18:48+00;900;146;218;13
4886;2026-06-02 19:10:07+00;2026-06-02 20:36:07+00;5160;108;219;13
4887;2026-06-02 19:10:31+00;2026-06-02 19:11:48+00;77;20;201;2
4888;2026-06-02 19:11:08+00;2026-06-02 19:11:57+00;49;17;201;2
4889;2026-06-02 19:19:47+00;2026-06-02 20:22:47+00;3780;109;218;13
4890;2026-06-02 19:23:21+00;2026-06-02 20:20:21+00;3420;102;209;13
4891;2026-06-02 19:30:18+00;2026-06-02 19:32:16+00;118;13;204;2
4892;2026-06-02 19:32:18+00;2026-06-02 20:35:18+00;3780;143;213;14
4893;2026-06-02 19:36:19+00;2026-06-02 20:34:19+00;3480;31;213;14
4894;2026-06-02 19:38:48+00;2026-06-02 20:30:48+00;3120;132;211;13
4895;2026-06-02 19:43:20+00;2026-06-02 20:28:20+00;2700;107;200;19
4896;2026-06-02 19:55:12+00;2026-06-02 19:56:35+00;83;11;214;2
4897;2026-06-02 20:05:40+00;2026-06-02 20:29:40+00;1440;66;201;13
4898;2026-06-02 20:13:01+00;2026-06-02 20:14:19+00;78;25;205;2
4899;2026-06-02 20:16:10+00;2026-06-02 21:40:10+00;5040;58;209;13
4900;2026-06-02 20:22:39+00;2026-06-02 20:23:51+00;72;30;218;2
4901;2026-06-02 20:27:43+00;2026-06-02 20:28:46+00;63;15;209;2
4902;2026-06-02 20:31:14+00;2026-06-02 21:29:14+00;3480;30;220;19
4903;2026-06-02 20:40:31+00;2026-06-02 20:42:02+00;91;17;208;2
4904;2026-06-02 20:42:13+00;2026-06-02 20:43:36+00;83;11;217;2
4905;2026-06-02 20:44:23+00;2026-06-02 21:53:23+00;4140;75;214;13
4906;2026-06-02 20:44:39+00;2026-06-02 20:45:53+00;74;19;216;2
4907;2026-06-02 20:48:08+00;2026-06-02 20:49:15+00;67;11;201;2
4908;2026-06-02 20:55:11+00;2026-06-02 21:40:11+00;2700;146;207;14
4909;2026-06-02 20:57:59+00;2026-06-02 20:59:42+00;103;10;215;2
4910;2026-06-02 21:00:46+00;2026-06-02 22:24:46+00;5040;110;212;14
4911;2026-06-02 21:01:06+00;2026-06-02 21:02:09+00;63;13;219;2
4912;2026-06-02 21:09:13+00;2026-06-02 21:33:13+00;1440;73;217;19
4913;2026-06-02 21:26:15+00;2026-06-02 21:47:15+00;1260;130;217;13
4914;2026-06-02 21:32:20+00;2026-06-02 21:33:04+00;44;18;218;2
4915;2026-06-02 21:39:50+00;2026-06-02 21:40:55+00;65;29;211;2
4916;2026-06-02 21:40:11+00;2026-06-02 22:05:11+00;1500;88;216;19
4917;2026-06-02 21:48:56+00;2026-06-02 22:38:56+00;3000;147;208;14
4918;2026-06-02 21:57:59+00;2026-06-02 22:14:59+00;1020;22;205;14
4919;2026-06-02 21:59:30+00;2026-06-02 22:00:19+00;49;13;214;2
4920;2026-06-02 22:01:27+00;2026-06-02 22:48:27+00;2820;87;211;13
4921;2026-06-02 22:04:49+00;2026-06-02 22:06:20+00;91;26;217;2
4922;2026-06-02 22:07:43+00;2026-06-02 22:08:39+00;56;13;210;2
4923;2026-06-02 22:11:15+00;2026-06-02 22:13:00+00;105;16;223;2
4924;2026-06-02 22:12:44+00;2026-06-02 23:03:44+00;3060;97;219;19
4925;2026-06-02 22:13:51+00;2026-06-02 22:56:51+00;2580;34;204;14
4926;2026-06-02 22:22:38+00;2026-06-02 23:06:38+00;2640;137;215;13
4927;2026-06-02 22:34:55+00;2026-06-02 23:20:55+00;2760;110;219;14
4928;2026-06-02 22:49:25+00;2026-06-02 23:11:25+00;1320;126;212;13
4929;2026-06-02 22:50:43+00;2026-06-02 23:51:43+00;3660;72;203;19
4930;2026-06-02 22:59:09+00;2026-06-03 00:27:09+00;5280;120;214;13
4931;2026-06-02 23:18:35+00;2026-06-03 00:37:35+00;4740;43;207;14
4932;2026-06-02 23:19:53+00;2026-06-02 23:21:28+00;95;10;223;2
4933;2026-06-02 23:23:18+00;2026-06-02 23:24:12+00;54;30;216;2
4934;2026-06-02 23:35:35+00;2026-06-02 23:36:39+00;64;13;217;2
4935;2026-06-02 23:45:12+00;2026-06-02 23:47:01+00;109;12;212;2
4936;2026-06-02 23:51:45+00;2026-06-02 23:52:38+00;53;22;207;2
4937;2026-06-03 00:04:35+00;2026-06-03 00:06:29+00;114;30;215;2
4938;2026-06-03 00:05:13+00;2026-06-03 00:07:10+00;117;29;206;2
4939;2026-06-03 00:05:59+00;2026-06-03 00:07:35+00;96;23;214;2
4940;2026-06-03 00:11:16+00;2026-06-03 00:12:08+00;52;25;200;2
4941;2026-06-03 00:11:32+00;2026-06-03 00:12:14+00;42;29;213;2
4942;2026-06-03 00:15:27+00;2026-06-03 00:16:59+00;92;11;217;2
4943;2026-06-03 00:18:47+00;2026-06-03 00:20:46+00;119;29;212;2
4944;2026-06-03 00:21:12+00;2026-06-03 00:22:08+00;56;27;223;2
4945;2026-06-03 00:24:50+00;2026-06-03 00:26:02+00;72;11;221;2
4946;2026-06-03 00:28:46+00;2026-06-03 00:29:41+00;55;21;205;2
4947;2026-06-03 00:33:18+00;2026-06-03 00:34:03+00;45;23;209;2
4948;2026-06-03 00:49:54+00;2026-06-03 00:50:38+00;44;16;210;2
4949;2026-06-03 00:53:43+00;2026-06-03 00:54:47+00;64;28;213;2
4950;2026-06-03 06:00:55+00;2026-06-03 06:37:55+00;2220;77;201;13
4951;2026-06-03 06:01:27+00;2026-06-03 07:12:27+00;4260;136;206;19
4952;2026-06-03 06:05:09+00;2026-06-03 06:42:09+00;2220;88;210;13
4953;2026-06-03 06:10:49+00;2026-06-03 06:46:49+00;2160;80;203;13
4954;2026-06-03 06:20:45+00;2026-06-03 06:56:45+00;2160;43;219;19
4955;2026-06-03 06:24:52+00;2026-06-03 06:26:23+00;91;26;215;2
4956;2026-06-03 06:28:17+00;2026-06-03 06:29:36+00;79;24;212;2
4957;2026-06-03 06:29:25+00;2026-06-03 06:30:38+00;73;29;209;2
4958;2026-06-03 06:34:55+00;2026-06-03 08:03:55+00;5340;100;207;14
4959;2026-06-03 06:36:36+00;2026-06-03 06:37:56+00;80;23;210;2
4960;2026-06-03 06:37:39+00;2026-06-03 06:38:23+00;44;16;208;2
4961;2026-06-03 06:42:23+00;2026-06-03 07:22:23+00;2400;126;211;19
4962;2026-06-03 06:43:24+00;2026-06-03 06:44:24+00;60;30;216;2
4963;2026-06-03 06:47:58+00;2026-06-03 06:49:47+00;109;12;219;2
4964;2026-06-03 06:52:40+00;2026-06-03 08:21:40+00;5340;33;216;13
4965;2026-06-03 06:54:40+00;2026-06-03 06:55:23+00;43;19;211;2
4966;2026-06-03 06:58:37+00;2026-06-03 07:53:37+00;3300;52;207;13
4967;2026-06-03 07:09:23+00;2026-06-03 07:10:47+00;84;30;212;2
4968;2026-06-03 07:10:51+00;2026-06-03 07:11:42+00;51;10;202;2
4969;2026-06-03 07:18:33+00;2026-06-03 07:53:33+00;2100;93;201;13
4970;2026-06-03 07:21:10+00;2026-06-03 07:23:06+00;116;17;212;2
4971;2026-06-03 07:27:18+00;2026-06-03 07:59:18+00;1920;69;223;13
4972;2026-06-03 07:37:04+00;2026-06-03 07:38:21+00;77;21;215;2
4973;2026-06-03 07:45:04+00;2026-06-03 07:46:02+00;58;21;213;2
4974;2026-06-03 07:59:33+00;2026-06-03 08:56:33+00;3420;75;205;14
4975;2026-06-03 08:00:25+00;2026-06-03 08:01:53+00;88;16;200;2
4976;2026-06-03 08:08:29+00;2026-06-03 08:45:29+00;2220;10;200;3
4977;2026-06-03 08:11:20+00;2026-06-03 08:12:07+00;47;24;207;2
4978;2026-06-03 08:12:33+00;2026-06-03 09:06:33+00;3240;26;206;19
4979;2026-06-03 08:14:23+00;2026-06-03 09:14:23+00;3600;26;213;13
4980;2026-06-03 08:17:57+00;2026-06-03 09:31:57+00;4440;28;222;19
4981;2026-06-03 08:21:32+00;2026-06-03 08:45:32+00;1440;7;210;3
4982;2026-06-03 08:26:17+00;2026-06-03 08:27:01+00;44;11;219;2
4983;2026-06-03 08:27:40+00;2026-06-03 09:28:40+00;3660;131;219;14
4984;2026-06-03 08:28:45+00;2026-06-03 08:30:12+00;87;28;222;2
4985;2026-06-03 08:31:57+00;2026-06-03 08:33:44+00;107;14;212;2
4986;2026-06-03 08:33:06+00;2026-06-03 09:10:06+00;2220;38;205;19
4987;2026-06-03 08:33:27+00;2026-06-03 08:34:49+00;82;13;222;2
4988;2026-06-03 08:50:08+00;2026-06-03 08:52:02+00;114;10;203;2
4989;2026-06-03 08:51:58+00;2026-06-03 08:53:38+00;100;23;220;2
4990;2026-06-03 09:04:31+00;2026-06-03 09:06:25+00;114;26;218;2
4991;2026-06-03 09:07:54+00;2026-06-03 09:08:48+00;54;16;220;2
4992;2026-06-03 09:07:57+00;2026-06-03 09:08:55+00;58;13;221;2
4993;2026-06-03 09:12:56+00;2026-06-03 09:27:56+00;900;82;212;13
4994;2026-06-03 09:17:50+00;2026-06-03 09:19:02+00;72;13;200;2
4995;2026-06-03 09:22:32+00;2026-06-03 09:23:25+00;53;20;216;2
4996;2026-06-03 09:24:14+00;2026-06-03 09:25:04+00;50;12;204;2
4997;2026-06-03 09:24:38+00;2026-06-03 09:49:38+00;1500;16;216;19
4998;2026-06-03 09:38:58+00;2026-06-03 10:37:58+00;3540;100;213;19
4999;2026-06-03 09:44:10+00;2026-06-03 10:06:10+00;1320;16;202;14
5000;2026-06-03 09:44:22+00;2026-06-03 10:40:22+00;3360;82;215;14
5001;2026-06-03 09:51:40+00;2026-06-03 09:53:11+00;91;19;201;2
5002;2026-06-03 09:55:06+00;2026-06-03 11:13:06+00;4680;23;218;14
5003;2026-06-03 09:58:05+00;2026-06-03 09:59:48+00;103;15;216;2
5004;2026-06-03 10:02:06+00;2026-06-03 10:04:05+00;119;16;221;2
5005;2026-06-03 10:03:11+00;2026-06-03 10:04:18+00;67;28;202;2
5006;2026-06-03 10:09:10+00;2026-06-03 10:10:21+00;71;16;205;2
5007;2026-06-03 10:12:34+00;2026-06-03 10:13:20+00;46;27;216;2
5008;2026-06-03 10:20:44+00;2026-06-03 10:22:02+00;78;13;217;2
5009;2026-06-03 10:27:48+00;2026-06-03 11:44:48+00;4620;116;209;14
5010;2026-06-03 10:31:48+00;2026-06-03 10:49:48+00;1080;148;200;14
5011;2026-06-03 10:54:09+00;2026-06-03 10:55:12+00;63;12;205;2
5012;2026-06-03 10:58:06+00;2026-06-03 10:59:34+00;88;11;200;2
5013;2026-06-03 11:01:17+00;2026-06-03 11:02:44+00;87;28;219;2
5014;2026-06-03 11:03:51+00;2026-06-03 11:43:51+00;2400;7;201;3
5015;2026-06-03 11:05:52+00;2026-06-03 12:14:52+00;4140;33;215;14
5016;2026-06-03 11:07:00+00;2026-06-03 11:08:24+00;84;28;209;2
5017;2026-06-03 11:08:38+00;2026-06-03 11:10:14+00;96;28;204;2
5018;2026-06-03 11:15:17+00;2026-06-03 11:16:09+00;52;17;200;2
5019;2026-06-03 11:20:26+00;2026-06-03 12:22:26+00;3720;150;222;19
5020;2026-06-03 11:22:08+00;2026-06-03 12:45:08+00;4980;108;216;19
5021;2026-06-03 11:34:26+00;2026-06-03 11:36:14+00;108;18;207;2
5022;2026-06-03 11:38:36+00;2026-06-03 11:39:46+00;70;22;222;2
5023;2026-06-03 11:39:25+00;2026-06-03 12:39:25+00;3600;118;220;14
5024;2026-06-03 11:41:42+00;2026-06-03 11:43:25+00;103;29;221;2
5025;2026-06-03 11:43:03+00;2026-06-03 12:27:03+00;2640;82;206;14
5026;2026-06-03 11:50:19+00;2026-06-03 11:51:29+00;70;14;207;2
5027;2026-06-03 11:50:57+00;2026-06-03 12:13:57+00;1380;8;222;3
5028;2026-06-03 11:52:33+00;2026-06-03 13:09:33+00;4620;67;212;19
5029;2026-06-03 11:53:30+00;2026-06-03 12:48:30+00;3300;86;219;19
5030;2026-06-03 11:59:51+00;2026-06-03 13:14:51+00;4500;127;223;19
5031;2026-06-03 12:05:25+00;2026-06-03 12:42:25+00;2220;5;212;3
5032;2026-06-03 12:05:37+00;2026-06-03 12:06:51+00;74;24;204;2
5033;2026-06-03 12:06:52+00;2026-06-03 13:36:52+00;5400;16;216;14
5034;2026-06-03 12:08:34+00;2026-06-03 12:49:34+00;2460;43;215;14
5035;2026-06-03 12:15:12+00;2026-06-03 12:16:29+00;77;10;217;2
5036;2026-06-03 12:16:09+00;2026-06-03 13:23:09+00;4020;115;200;14
5037;2026-06-03 12:26:17+00;2026-06-03 12:28:17+00;120;16;201;2
5038;2026-06-03 12:28:20+00;2026-06-03 12:55:20+00;1620;50;208;13
5039;2026-06-03 12:31:04+00;2026-06-03 12:31:46+00;42;17;206;2
5040;2026-06-03 12:33:10+00;2026-06-03 12:48:10+00;900;5;204;1
5041;2026-06-03 12:42:52+00;2026-06-03 12:44:48+00;116;18;201;2
5042;2026-06-03 12:45:43+00;2026-06-03 14:11:43+00;5160;70;206;14
5043;2026-06-03 12:46:28+00;2026-06-03 13:15:28+00;1740;5;203;3
5044;2026-06-03 12:49:04+00;2026-06-03 13:18:04+00;1740;10;209;3
5045;2026-06-03 12:51:00+00;2026-06-03 12:51:42+00;42;27;223;2
5046;2026-06-03 12:51:34+00;2026-06-03 12:53:19+00;105;15;216;2
5047;2026-06-03 13:01:45+00;2026-06-03 13:38:45+00;2220;25;223;13
5048;2026-06-03 13:10:08+00;2026-06-03 13:47:08+00;2220;108;218;14
5049;2026-06-03 13:19:52+00;2026-06-03 13:20:35+00;43;27;223;2
5050;2026-06-03 13:20:30+00;2026-06-03 13:21:15+00;45;14;210;2
5051;2026-06-03 13:21:43+00;2026-06-03 13:23:18+00;95;19;214;2
5052;2026-06-03 13:22:54+00;2026-06-03 13:24:17+00;83;23;205;2
5053;2026-06-03 13:29:07+00;2026-06-03 13:30:23+00;76;19;206;2
5054;2026-06-03 13:34:11+00;2026-06-03 13:35:59+00;108;18;211;2
5055;2026-06-03 13:36:07+00;2026-06-03 14:35:07+00;3540;133;202;19
5056;2026-06-03 13:44:14+00;2026-06-03 14:49:14+00;3900;96;200;13
5057;2026-06-03 13:45:06+00;2026-06-03 13:45:58+00;52;26;203;2
5058;2026-06-03 13:57:54+00;2026-06-03 13:59:44+00;110;22;216;2
5059;2026-06-03 14:02:20+00;2026-06-03 14:03:38+00;78;14;211;2
5060;2026-06-03 14:03:34+00;2026-06-03 15:05:34+00;3720;30;214;14
5061;2026-06-03 14:05:55+00;2026-06-03 14:07:19+00;84;23;217;2
5062;2026-06-03 14:10:50+00;2026-06-03 14:11:56+00;66;22;210;2
5063;2026-06-03 14:11:03+00;2026-06-03 14:42:03+00;1860;99;221;14
5064;2026-06-03 14:12:05+00;2026-06-03 14:13:51+00;106;28;221;2
5065;2026-06-03 14:14:22+00;2026-06-03 15:30:22+00;4560;91;200;13
5066;2026-06-03 14:17:57+00;2026-06-03 14:44:57+00;1620;102;206;13
5067;2026-06-03 14:18:25+00;2026-06-03 14:40:25+00;1320;134;218;13
5068;2026-06-03 14:22:42+00;2026-06-03 15:24:42+00;3720;96;223;19
5069;2026-06-03 14:24:36+00;2026-06-03 14:25:40+00;64;15;201;2
5070;2026-06-03 14:30:08+00;2026-06-03 15:21:08+00;3060;33;208;13
5071;2026-06-03 14:30:42+00;2026-06-03 15:27:42+00;3420;11;212;19
5072;2026-06-03 14:31:29+00;2026-06-03 14:33:27+00;118;19;220;2
5073;2026-06-03 14:33:51+00;2026-06-03 16:01:51+00;5280;23;205;19
5074;2026-06-03 14:37:43+00;2026-06-03 15:50:43+00;4380;15;209;14
5075;2026-06-03 14:40:00+00;2026-06-03 14:41:27+00;87;13;207;2
5076;2026-06-03 14:48:29+00;2026-06-03 14:49:19+00;50;15;220;2
5077;2026-06-03 14:49:01+00;2026-06-03 15:57:01+00;4080;50;222;13
5078;2026-06-03 14:51:23+00;2026-06-03 14:52:30+00;67;23;223;2
5079;2026-06-03 14:51:34+00;2026-06-03 14:52:26+00;52;29;200;2
5080;2026-06-03 14:52:59+00;2026-06-03 14:53:49+00;50;30;214;2
5081;2026-06-03 14:57:18+00;2026-06-03 15:39:18+00;2520;124;223;13
5082;2026-06-03 15:00:55+00;2026-06-03 15:36:55+00;2160;66;223;13
5083;2026-06-03 15:03:06+00;2026-06-03 15:04:32+00;86;13;210;2
5084;2026-06-03 15:10:26+00;2026-06-03 15:12:10+00;104;21;214;2
5085;2026-06-03 15:12:27+00;2026-06-03 15:47:27+00;2100;6;207;3
5086;2026-06-03 15:12:58+00;2026-06-03 15:55:58+00;2580;50;220;19
5087;2026-06-03 15:13:58+00;2026-06-03 15:48:58+00;2100;8;218;3
5088;2026-06-03 15:14:29+00;2026-06-03 15:15:44+00;75;26;201;2
5089;2026-06-03 15:19:49+00;2026-06-03 15:56:49+00;2220;28;203;13
5090;2026-06-03 15:20:21+00;2026-06-03 16:48:21+00;5280;119;209;14
5091;2026-06-03 15:25:43+00;2026-06-03 15:27:00+00;77;27;210;2
5092;2026-06-03 15:28:26+00;2026-06-03 15:30:12+00;106;19;203;2
5093;2026-06-03 15:36:36+00;2026-06-03 15:37:30+00;54;27;221;2
5094;2026-06-03 15:37:31+00;2026-06-03 15:54:31+00;1020;57;213;19
5095;2026-06-03 15:38:58+00;2026-06-03 16:30:58+00;3120;117;221;14
5096;2026-06-03 15:40:25+00;2026-06-03 16:35:25+00;3300;137;217;13
5097;2026-06-03 15:40:54+00;2026-06-03 15:41:42+00;48;15;203;2
5098;2026-06-03 15:43:01+00;2026-06-03 16:44:01+00;3660;68;205;13
5099;2026-06-03 15:44:34+00;2026-06-03 15:46:22+00;108;26;223;2
5100;2026-06-03 15:55:51+00;2026-06-03 15:57:32+00;101;22;216;2
5101;2026-06-03 15:58:12+00;2026-06-03 15:58:59+00;47;30;214;2
5102;2026-06-03 15:59:47+00;2026-06-03 16:01:38+00;111;17;202;2
5103;2026-06-03 15:59:57+00;2026-06-03 17:20:57+00;4860;148;210;19
5104;2026-06-03 16:00:02+00;2026-06-03 16:41:02+00;2460;16;212;14
5105;2026-06-03 16:02:13+00;2026-06-03 16:32:13+00;1800;26;207;19
5106;2026-06-03 16:04:35+00;2026-06-03 16:05:20+00;45;18;204;2
5107;2026-06-03 16:14:57+00;2026-06-03 16:15:40+00;43;29;220;2
5108;2026-06-03 16:20:08+00;2026-06-03 16:21:22+00;74;12;222;2
5109;2026-06-03 16:20:31+00;2026-06-03 16:58:31+00;2280;85;209;14
5110;2026-06-03 16:20:36+00;2026-06-03 17:34:36+00;4440;31;200;13
5111;2026-06-03 16:27:30+00;2026-06-03 16:29:19+00;109;17;222;2
5112;2026-06-03 16:28:23+00;2026-06-03 17:08:23+00;2400;79;217;13
5113;2026-06-03 16:33:00+00;2026-06-03 16:33:46+00;46;14;204;2
5114;2026-06-03 16:36:40+00;2026-06-03 16:38:00+00;80;14;222;2
5115;2026-06-03 16:38:38+00;2026-06-03 18:00:38+00;4920;14;201;13
5116;2026-06-03 16:43:52+00;2026-06-03 17:19:52+00;2160;118;211;13
5117;2026-06-03 17:00:14+00;2026-06-03 17:00:55+00;41;17;207;2
5118;2026-06-03 17:03:58+00;2026-06-03 17:05:54+00;116;14;202;2
5119;2026-06-03 17:05:10+00;2026-06-03 17:06:54+00;104;20;222;2
5120;2026-06-03 17:09:43+00;2026-06-03 17:11:36+00;113;25;204;2
5121;2026-06-03 17:09:54+00;2026-06-03 17:10:37+00;43;14;222;2
5122;2026-06-03 17:13:29+00;2026-06-03 17:14:14+00;45;22;206;2
5123;2026-06-03 17:13:52+00;2026-06-03 17:42:52+00;1740;23;218;19
5124;2026-06-03 17:16:26+00;2026-06-03 17:17:12+00;46;14;217;2
5125;2026-06-03 17:23:59+00;2026-06-03 17:24:56+00;57;13;217;2
5126;2026-06-03 17:32:52+00;2026-06-03 18:21:52+00;2940;52;221;13
5127;2026-06-03 17:45:43+00;2026-06-03 17:47:35+00;112;30;208;2
5128;2026-06-03 17:47:21+00;2026-06-03 19:09:21+00;4920;70;219;19
5129;2026-06-03 17:48:55+00;2026-06-03 18:53:55+00;3900;76;205;19
5130;2026-06-03 17:52:42+00;2026-06-03 18:26:42+00;2040;133;214;14
5131;2026-06-03 17:54:26+00;2026-06-03 19:00:26+00;3960;145;213;19
5132;2026-06-03 18:15:21+00;2026-06-03 18:16:33+00;72;25;207;2
5133;2026-06-03 18:17:02+00;2026-06-03 18:18:01+00;59;27;219;2
5134;2026-06-03 18:22:43+00;2026-06-03 18:24:31+00;108;18;206;2
5135;2026-06-03 18:27:01+00;2026-06-03 18:28:50+00;109;17;220;2
5136;2026-06-03 18:27:09+00;2026-06-03 18:27:53+00;44;26;215;2
5137;2026-06-03 18:30:35+00;2026-06-03 19:04:35+00;2040;43;214;13
5138;2026-06-03 18:44:01+00;2026-06-03 18:45:14+00;73;16;201;2
5139;2026-06-03 18:54:56+00;2026-06-03 18:56:27+00;91;28;218;2
5140;2026-06-03 18:58:52+00;2026-06-03 20:22:52+00;5040;16;208;19
5141;2026-06-03 19:01:28+00;2026-06-03 20:16:28+00;4500;148;208;13
5142;2026-06-03 19:02:13+00;2026-06-03 19:03:19+00;66;10;210;2
5143;2026-06-03 19:29:01+00;2026-06-03 19:30:43+00;102;10;220;2
5144;2026-06-03 19:32:34+00;2026-06-03 19:33:55+00;81;14;200;2
5145;2026-06-03 19:34:47+00;2026-06-03 19:36:21+00;94;13;210;2
5146;2026-06-03 19:36:15+00;2026-06-03 20:57:15+00;4860;41;220;14
5147;2026-06-03 19:39:07+00;2026-06-03 19:39:59+00;52;27;208;2
5148;2026-06-03 19:39:45+00;2026-06-03 19:40:27+00;42;10;213;2
5149;2026-06-03 19:48:23+00;2026-06-03 20:58:23+00;4200;98;220;13
5150;2026-06-03 19:50:08+00;2026-06-03 19:51:33+00;85;14;223;2
5151;2026-06-03 19:52:29+00;2026-06-03 19:53:30+00;61;16;211;2
5152;2026-06-03 19:59:12+00;2026-06-03 20:00:52+00;100;11;221;2
5153;2026-06-03 20:00:41+00;2026-06-03 20:01:21+00;40;17;215;2
5154;2026-06-03 20:06:07+00;2026-06-03 20:42:07+00;2160;48;208;19
5155;2026-06-03 20:08:06+00;2026-06-03 20:36:06+00;1680;124;220;19
5156;2026-06-03 20:09:29+00;2026-06-03 20:47:29+00;2280;129;204;19
5157;2026-06-03 20:11:56+00;2026-06-03 20:40:56+00;1740;27;210;19
5158;2026-06-03 20:14:30+00;2026-06-03 20:16:04+00;94;12;206;2
5159;2026-06-03 20:31:20+00;2026-06-03 20:32:10+00;50;10;215;2
5160;2026-06-03 20:33:09+00;2026-06-03 20:34:51+00;102;17;208;2
5161;2026-06-03 20:33:48+00;2026-06-03 20:49:48+00;960;42;222;19
5162;2026-06-03 20:37:28+00;2026-06-03 21:55:28+00;4680;113;211;19
5163;2026-06-03 20:38:17+00;2026-06-03 21:43:17+00;3900;38;212;19
5164;2026-06-03 20:43:30+00;2026-06-03 20:45:07+00;97;27;200;2
5165;2026-06-03 20:51:00+00;2026-06-03 22:19:00+00;5280;35;221;14
5166;2026-06-03 20:51:53+00;2026-06-03 20:53:30+00;97;26;209;2
5167;2026-06-03 20:52:25+00;2026-06-03 22:10:25+00;4680;132;204;19
5168;2026-06-03 20:55:54+00;2026-06-03 21:54:54+00;3540;109;209;13
5169;2026-06-03 20:56:31+00;2026-06-03 21:16:31+00;1200;115;217;14
5170;2026-06-03 20:59:07+00;2026-06-03 21:00:31+00;84;11;215;2
5171;2026-06-03 21:00:06+00;2026-06-03 21:01:42+00;96;16;203;2
5172;2026-06-03 21:00:35+00;2026-06-03 21:57:35+00;3420;94;216;19
5173;2026-06-03 21:01:36+00;2026-06-03 21:16:36+00;900;96;201;14
5174;2026-06-03 21:04:16+00;2026-06-03 21:33:16+00;1740;73;208;14
5175;2026-06-03 21:22:57+00;2026-06-03 21:23:37+00;40;15;209;2
5176;2026-06-03 21:31:41+00;2026-06-03 21:59:41+00;1680;118;213;14
5177;2026-06-03 21:31:57+00;2026-06-03 21:58:57+00;1620;20;204;13
5178;2026-06-03 21:47:27+00;2026-06-03 21:49:23+00;116;15;213;2
5179;2026-06-03 21:51:03+00;2026-06-03 21:52:58+00;115;11;201;2
5180;2026-06-03 21:51:34+00;2026-06-03 21:53:21+00;107;29;217;2
5181;2026-06-03 21:52:15+00;2026-06-03 21:53:37+00;82;20;218;2
5182;2026-06-03 21:52:31+00;2026-06-03 22:12:31+00;1200;38;201;13
5183;2026-06-03 21:54:55+00;2026-06-03 22:49:55+00;3300;102;202;13
5184;2026-06-03 21:54:59+00;2026-06-03 21:55:55+00;56;12;217;2
5185;2026-06-03 22:10:06+00;2026-06-03 22:11:11+00;65;19;207;2
5186;2026-06-03 22:13:45+00;2026-06-03 22:15:28+00;103;17;204;2
5187;2026-06-03 22:21:36+00;2026-06-03 22:55:36+00;2040;29;200;14
5188;2026-06-03 22:21:55+00;2026-06-03 22:23:05+00;70;12;208;2
5189;2026-06-03 22:33:08+00;2026-06-03 23:38:08+00;3900;150;211;13
5190;2026-06-03 22:37:50+00;2026-06-03 22:39:01+00;71;15;204;2
5191;2026-06-03 22:38:04+00;2026-06-03 22:38:46+00;42;24;218;2
5192;2026-06-03 22:38:46+00;2026-06-03 23:10:46+00;1920;129;202;13
5193;2026-06-03 22:40:20+00;2026-06-03 23:19:20+00;2340;18;222;13
5194;2026-06-03 22:44:57+00;2026-06-03 22:46:21+00;84;20;212;2
5195;2026-06-03 22:46:29+00;2026-06-03 22:48:08+00;99;27;210;2
5196;2026-06-03 22:47:23+00;2026-06-03 22:48:58+00;95;16;209;2
5197;2026-06-03 22:48:19+00;2026-06-03 23:53:19+00;3900;134;215;13
5198;2026-06-03 23:00:07+00;2026-06-03 23:00:59+00;52;12;213;2
5199;2026-06-03 23:00:25+00;2026-06-03 23:01:51+00;86;25;223;2
5200;2026-06-03 23:01:05+00;2026-06-03 23:50:05+00;2940;42;217;13
5201;2026-06-03 23:01:50+00;2026-06-04 00:31:50+00;5400;104;203;19
5202;2026-06-03 23:04:43+00;2026-06-04 00:29:43+00;5100;44;220;19
5203;2026-06-03 23:05:12+00;2026-06-03 23:06:14+00;62;29;214;2
5204;2026-06-03 23:13:29+00;2026-06-03 23:14:25+00;56;26;207;2
5205;2026-06-03 23:13:43+00;2026-06-03 23:56:43+00;2580;20;213;13
5206;2026-06-03 23:20:01+00;2026-06-04 00:21:01+00;3660;150;214;13
5207;2026-06-03 23:31:57+00;2026-06-04 00:55:57+00;5040;14;219;13
5208;2026-06-03 23:48:29+00;2026-06-04 01:15:29+00;5220;90;209;13
5209;2026-06-04 00:03:44+00;2026-06-04 00:04:48+00;64;27;213;2
5210;2026-06-04 00:15:36+00;2026-06-04 00:16:35+00;59;13;209;2
5211;2026-06-04 00:24:16+00;2026-06-04 00:26:16+00;120;11;205;2
5212;2026-06-04 00:26:34+00;2026-06-04 00:27:28+00;54;26;212;2
5213;2026-06-04 00:29:40+00;2026-06-04 00:30:34+00;54;18;220;2
5214;2026-06-04 00:34:50+00;2026-06-04 00:36:29+00;99;13;212;2
5215;2026-06-04 00:40:02+00;2026-06-04 00:41:00+00;58;23;209;2
5216;2026-06-04 00:52:31+00;2026-06-04 00:53:53+00;82;17;217;2
5217;2026-06-04 06:00:29+00;2026-06-04 06:02:26+00;117;11;214;2
5218;2026-06-04 06:10:04+00;2026-06-04 07:19:04+00;4140;123;219;14
5219;2026-06-04 06:14:44+00;2026-06-04 06:52:44+00;2280;16;221;14
5220;2026-06-04 06:36:06+00;2026-06-04 07:21:06+00;2700;10;207;13
5221;2026-06-04 06:38:30+00;2026-06-04 06:40:08+00;98;19;216;2
5222;2026-06-04 06:38:43+00;2026-06-04 07:51:43+00;4380;23;221;14
5223;2026-06-04 06:39:46+00;2026-06-04 07:34:46+00;3300;131;222;13
5224;2026-06-04 06:56:18+00;2026-06-04 08:02:18+00;3960;46;219;19
5225;2026-06-04 07:14:02+00;2026-06-04 07:14:53+00;51;25;215;2
5226;2026-06-04 07:15:32+00;2026-06-04 07:16:35+00;63;23;213;2
5227;2026-06-04 07:15:58+00;2026-06-04 07:17:03+00;65;10;214;2
5228;2026-06-04 07:26:12+00;2026-06-04 07:28:11+00;119;20;221;2
5229;2026-06-04 07:28:35+00;2026-06-04 07:29:38+00;63;30;203;2
5230;2026-06-04 07:33:49+00;2026-06-04 08:53:49+00;4800;121;212;19
5231;2026-06-04 07:36:15+00;2026-06-04 07:37:35+00;80;25;208;2
5232;2026-06-04 07:37:18+00;2026-06-04 08:32:18+00;3300;57;210;14
5233;2026-06-04 07:38:56+00;2026-06-04 07:40:47+00;111;22;200;2
5234;2026-06-04 07:39:49+00;2026-06-04 07:40:59+00;70;13;200;2
5235;2026-06-04 07:41:55+00;2026-06-04 09:04:55+00;4980;51;214;13
5236;2026-06-04 07:43:10+00;2026-06-04 07:44:35+00;85;29;219;2
5237;2026-06-04 07:45:26+00;2026-06-04 07:47:04+00;98;26;200;2
5238;2026-06-04 07:49:58+00;2026-06-04 07:51:06+00;68;25;207;2
5239;2026-06-04 08:02:11+00;2026-06-04 09:19:11+00;4620;69;203;13
5240;2026-06-04 08:05:23+00;2026-06-04 09:18:23+00;4380;102;218;14
5241;2026-06-04 08:09:28+00;2026-06-04 09:31:28+00;4920;129;222;19
5242;2026-06-04 08:11:56+00;2026-06-04 09:32:56+00;4860;78;211;14
5243;2026-06-04 08:12:54+00;2026-06-04 08:14:52+00;118;20;204;2
5244;2026-06-04 08:13:44+00;2026-06-04 09:30:44+00;4620;39;207;13
5245;2026-06-04 08:14:06+00;2026-06-04 08:14:53+00;47;22;209;2
5246;2026-06-04 08:15:12+00;2026-06-04 08:37:12+00;1320;12;221;19
5247;2026-06-04 08:25:02+00;2026-06-04 09:25:02+00;3600;101;212;19
5248;2026-06-04 08:25:53+00;2026-06-04 09:01:53+00;2160;6;201;3
5249;2026-06-04 08:30:59+00;2026-06-04 09:21:59+00;3060;20;223;14
5250;2026-06-04 08:32:29+00;2026-06-04 08:33:13+00;44;13;202;2
5251;2026-06-04 08:34:02+00;2026-06-04 08:35:18+00;76;17;203;2
5252;2026-06-04 08:35:11+00;2026-06-04 09:18:11+00;2580;46;205;13
5253;2026-06-04 08:35:18+00;2026-06-04 08:37:17+00;119;24;217;2
5254;2026-06-04 08:39:32+00;2026-06-04 09:08:32+00;1740;124;213;19
5255;2026-06-04 08:46:30+00;2026-06-04 08:47:40+00;70;24;214;2
5256;2026-06-04 08:47:06+00;2026-06-04 08:48:30+00;84;25;212;2
5257;2026-06-04 08:51:56+00;2026-06-04 08:53:06+00;70;13;204;2
5258;2026-06-04 08:54:18+00;2026-06-04 08:55:43+00;85;22;206;2
5259;2026-06-04 08:55:55+00;2026-06-04 08:56:58+00;63;24;218;2
5260;2026-06-04 08:58:00+00;2026-06-04 08:59:08+00;68;25;217;2
5261;2026-06-04 08:59:17+00;2026-06-04 10:21:17+00;4920;97;220;19
5262;2026-06-04 09:02:27+00;2026-06-04 09:03:42+00;75;24;206;2
5263;2026-06-04 09:03:22+00;2026-06-04 10:25:22+00;4920;104;211;19
5264;2026-06-04 09:05:22+00;2026-06-04 09:07:10+00;108;19;214;2
5265;2026-06-04 09:06:08+00;2026-06-04 09:07:40+00;92;10;206;2
5266;2026-06-04 09:06:29+00;2026-06-04 09:07:35+00;66;22;201;2
5267;2026-06-04 09:16:03+00;2026-06-04 09:35:03+00;1140;133;218;13
5268;2026-06-04 09:19:55+00;2026-06-04 09:36:55+00;1020;49;211;13
5269;2026-06-04 09:27:14+00;2026-06-04 09:28:33+00;79;26;203;2
5270;2026-06-04 09:30:25+00;2026-06-04 09:31:09+00;44;22;222;2
5271;2026-06-04 09:32:44+00;2026-06-04 10:57:44+00;5100;131;210;19
5272;2026-06-04 09:40:24+00;2026-06-04 11:05:24+00;5100;112;201;13
5273;2026-06-04 09:44:51+00;2026-06-04 09:45:45+00;54;18;209;2
5274;2026-06-04 09:45:33+00;2026-06-04 09:46:57+00;84;14;223;2
5275;2026-06-04 09:47:20+00;2026-06-04 10:43:20+00;3360;13;208;14
5276;2026-06-04 09:51:41+00;2026-06-04 09:53:40+00;119;23;205;2
5277;2026-06-04 09:56:51+00;2026-06-04 09:57:45+00;54;15;220;2
5278;2026-06-04 10:04:57+00;2026-06-04 10:05:48+00;51;30;200;2
5279;2026-06-04 10:06:08+00;2026-06-04 11:32:08+00;5160;147;215;19
5280;2026-06-04 10:06:31+00;2026-06-04 10:43:31+00;2220;5;213;3
5281;2026-06-04 10:21:06+00;2026-06-04 10:22:04+00;58;30;211;2
5282;2026-06-04 10:21:22+00;2026-06-04 10:23:07+00;105;22;208;2
5283;2026-06-04 10:22:29+00;2026-06-04 10:24:03+00;94;16;207;2
5284;2026-06-04 10:28:22+00;2026-06-04 10:29:10+00;48;28;217;2
5285;2026-06-04 10:28:49+00;2026-06-04 11:05:49+00;2220;8;217;3
5286;2026-06-04 10:30:24+00;2026-06-04 11:04:24+00;2040;9;207;3
5287;2026-06-04 10:33:14+00;2026-06-04 10:34:52+00;98;15;208;2
5288;2026-06-04 10:34:28+00;2026-06-04 11:46:28+00;4320;101;206;14
5289;2026-06-04 10:37:36+00;2026-06-04 11:07:36+00;1800;6;201;1
5290;2026-06-04 10:37:38+00;2026-06-04 11:32:38+00;3300;127;223;13
5291;2026-06-04 10:38:57+00;2026-06-04 10:40:56+00;119;28;215;2
5292;2026-06-04 10:45:32+00;2026-06-04 11:46:32+00;3660;121;202;13
5293;2026-06-04 10:48:12+00;2026-06-04 10:48:59+00;47;17;218;2
5294;2026-06-04 10:51:18+00;2026-06-04 10:52:17+00;59;27;202;2
5295;2026-06-04 11:08:11+00;2026-06-04 11:09:01+00;50;28;222;2
5296;2026-06-04 11:09:45+00;2026-06-04 11:47:45+00;2280;106;202;19
5297;2026-06-04 11:09:54+00;2026-06-04 12:29:54+00;4800;70;220;19
5298;2026-06-04 11:10:49+00;2026-06-04 11:11:50+00;61;17;214;2
5299;2026-06-04 11:12:21+00;2026-06-04 11:44:21+00;1920;8;204;3
5300;2026-06-04 11:25:08+00;2026-06-04 11:52:08+00;1620;8;219;3
5301;2026-06-04 11:25:42+00;2026-06-04 11:46:42+00;1260;123;214;13
5302;2026-06-04 11:25:48+00;2026-06-04 11:58:48+00;1980;28;205;13
5303;2026-06-04 11:30:46+00;2026-06-04 11:31:35+00;49;29;207;2
5304;2026-06-04 11:31:33+00;2026-06-04 11:57:33+00;1560;69;210;13
5305;2026-06-04 11:35:54+00;2026-06-04 11:58:54+00;1380;136;212;19
5306;2026-06-04 11:38:05+00;2026-06-04 11:39:11+00;66;21;219;2
5307;2026-06-04 11:38:53+00;2026-06-04 11:40:45+00;112;26;222;2
5308;2026-06-04 11:41:03+00;2026-06-04 12:57:03+00;4560;61;221;13
5309;2026-06-04 11:45:32+00;2026-06-04 11:46:22+00;50;10;210;2
5310;2026-06-04 11:47:46+00;2026-06-04 12:54:46+00;4020;91;206;13
5311;2026-06-04 11:48:14+00;2026-06-04 11:50:02+00;108;30;223;2
5312;2026-06-04 11:48:42+00;2026-06-04 11:50:02+00;80;22;215;2
5313;2026-06-04 11:50:22+00;2026-06-04 11:51:14+00;52;28;213;2
5314;2026-06-04 11:59:19+00;2026-06-04 12:00:45+00;86;12;208;2
5315;2026-06-04 12:01:12+00;2026-06-04 13:19:12+00;4680;55;208;14
5316;2026-06-04 12:05:17+00;2026-06-04 12:48:17+00;2580;70;201;13
5317;2026-06-04 12:08:30+00;2026-06-04 12:09:44+00;74;26;214;2
5318;2026-06-04 12:08:44+00;2026-06-04 12:09:49+00;65;25;213;2
5319;2026-06-04 12:11:47+00;2026-06-04 12:13:44+00;117;27;213;2
5320;2026-06-04 12:12:41+00;2026-06-04 13:34:41+00;4920;87;219;19
5321;2026-06-04 12:14:11+00;2026-06-04 12:50:11+00;2160;93;216;14
5322;2026-06-04 12:16:06+00;2026-06-04 13:25:06+00;4140;61;201;19
5323;2026-06-04 12:19:51+00;2026-06-04 12:47:51+00;1680;103;205;19
5324;2026-06-04 12:23:22+00;2026-06-04 12:25:05+00;103;16;216;2
5325;2026-06-04 12:45:50+00;2026-06-04 12:47:24+00;94;29;200;2
5326;2026-06-04 12:51:02+00;2026-06-04 13:30:02+00;2340;61;216;19
5327;2026-06-04 12:54:55+00;2026-06-04 14:08:55+00;4440;32;207;13
5328;2026-06-04 13:02:28+00;2026-06-04 13:03:57+00;89;14;221;2
5329;2026-06-04 13:05:02+00;2026-06-04 13:28:02+00;1380;9;210;3
5330;2026-06-04 13:05:05+00;2026-06-04 14:06:05+00;3660;50;208;19
5331;2026-06-04 13:13:54+00;2026-06-04 13:53:54+00;2400;5;205;3
5332;2026-06-04 13:19:05+00;2026-06-04 13:19:47+00;42;16;211;2
5333;2026-06-04 13:27:23+00;2026-06-04 13:28:50+00;87;13;221;2
5334;2026-06-04 13:27:34+00;2026-06-04 13:29:18+00;104;17;223;2
5335;2026-06-04 13:28:53+00;2026-06-04 13:30:20+00;87;10;201;2
5336;2026-06-04 13:45:19+00;2026-06-04 14:56:19+00;4260;122;218;19
5337;2026-06-04 13:45:29+00;2026-06-04 13:47:27+00;118;26;209;2
5338;2026-06-04 13:53:10+00;2026-06-04 14:57:10+00;3840;146;216;13
5339;2026-06-04 13:56:02+00;2026-06-04 13:57:51+00;109;11;218;2
5340;2026-06-04 14:00:47+00;2026-06-04 15:12:47+00;4320;29;201;19
5341;2026-06-04 14:05:01+00;2026-06-04 14:05:47+00;46;23;216;2
5342;2026-06-04 14:06:55+00;2026-06-04 14:47:55+00;2460;19;203;19
5343;2026-06-04 14:09:24+00;2026-06-04 14:30:24+00;1260;34;206;14
5344;2026-06-04 14:17:19+00;2026-06-04 14:18:38+00;79;23;208;2
5345;2026-06-04 14:20:27+00;2026-06-04 14:21:08+00;41;10;204;2
5346;2026-06-04 14:28:04+00;2026-06-04 15:22:04+00;3240;26;210;19
5347;2026-06-04 14:38:03+00;2026-06-04 14:39:28+00;85;21;208;2
5348;2026-06-04 14:38:59+00;2026-06-04 16:05:59+00;5220;45;204;14
5349;2026-06-04 14:39:54+00;2026-06-04 15:44:54+00;3900;145;223;19
5350;2026-06-04 14:40:48+00;2026-06-04 15:50:48+00;4200;115;216;19
5351;2026-06-04 14:52:17+00;2026-06-04 14:53:20+00;63;17;207;2
5352;2026-06-04 14:55:33+00;2026-06-04 14:56:51+00;78;19;208;2
5353;2026-06-04 14:58:46+00;2026-06-04 15:27:46+00;1740;24;212;13
5354;2026-06-04 15:00:49+00;2026-06-04 16:23:49+00;4980;108;223;19
5355;2026-06-04 15:04:31+00;2026-06-04 15:48:31+00;2640;149;200;19
5356;2026-06-04 15:21:07+00;2026-06-04 15:45:07+00;1440;36;212;19
5357;2026-06-04 15:27:15+00;2026-06-04 15:28:04+00;49;16;217;2
5358;2026-06-04 15:30:34+00;2026-06-04 15:31:31+00;57;11;200;2
5359;2026-06-04 15:34:20+00;2026-06-04 16:08:20+00;2040;5;214;3
5360;2026-06-04 15:37:23+00;2026-06-04 15:39:01+00;98;16;212;2
5361;2026-06-04 15:39:05+00;2026-06-04 16:27:05+00;2880;124;217;13
5362;2026-06-04 15:44:00+00;2026-06-04 16:27:00+00;2580;140;217;14
5363;2026-06-04 15:51:47+00;2026-06-04 15:52:52+00;65;29;214;2
5364;2026-06-04 15:52:03+00;2026-06-04 17:21:03+00;5340;20;213;14
5365;2026-06-04 15:57:24+00;2026-06-04 15:58:27+00;63;14;212;2
5366;2026-06-04 16:00:56+00;2026-06-04 16:02:52+00;116;26;223;2
5367;2026-06-04 16:02:45+00;2026-06-04 16:49:45+00;2820;129;219;13
5368;2026-06-04 16:08:42+00;2026-06-04 17:00:42+00;3120;132;219;14
5369;2026-06-04 16:24:47+00;2026-06-04 16:26:32+00;105;10;211;2
5370;2026-06-04 16:25:21+00;2026-06-04 16:27:15+00;114;27;219;2
5371;2026-06-04 16:26:07+00;2026-06-04 16:26:51+00;44;21;211;2
5372;2026-06-04 16:27:30+00;2026-06-04 16:28:49+00;79;21;222;2
5373;2026-06-04 16:37:21+00;2026-06-04 17:44:21+00;4020;107;214;13
5374;2026-06-04 16:40:04+00;2026-06-04 16:40:45+00;41;15;215;2
5375;2026-06-04 16:42:41+00;2026-06-04 16:44:22+00;101;23;202;2
5376;2026-06-04 16:48:00+00;2026-06-04 18:02:00+00;4440;54;214;14
5377;2026-06-04 16:49:32+00;2026-06-04 16:51:22+00;110;21;200;2
5378;2026-06-04 16:54:59+00;2026-06-04 18:17:59+00;4980;107;208;13
5379;2026-06-04 17:03:58+00;2026-06-04 18:13:58+00;4200;99;209;14
5380;2026-06-04 17:05:08+00;2026-06-04 18:24:08+00;4740;81;211;14
5381;2026-06-04 17:12:14+00;2026-06-04 18:01:14+00;2940;111;210;14
5382;2026-06-04 17:12:25+00;2026-06-04 17:14:03+00;98;25;202;2
5383;2026-06-04 17:16:20+00;2026-06-04 17:17:48+00;88;27;212;2
5384;2026-06-04 17:16:38+00;2026-06-04 18:22:38+00;3960;44;209;19
5385;2026-06-04 17:23:59+00;2026-06-04 17:25:07+00;68;17;219;2
5386;2026-06-04 17:24:19+00;2026-06-04 18:40:19+00;4560;104;204;13
5387;2026-06-04 17:27:12+00;2026-06-04 17:49:12+00;1320;106;207;13
5388;2026-06-04 17:30:02+00;2026-06-04 18:05:02+00;2100;133;217;19
5389;2026-06-04 17:37:21+00;2026-06-04 17:38:57+00;96;27;209;2
5390;2026-06-04 17:41:45+00;2026-06-04 18:13:45+00;1920;61;200;19
5391;2026-06-04 17:48:35+00;2026-06-04 18:58:35+00;4200;103;208;14
5392;2026-06-04 17:49:36+00;2026-06-04 19:05:36+00;4560;24;200;13
5393;2026-06-04 17:50:10+00;2026-06-04 17:50:57+00;47;22;206;2
5394;2026-06-04 17:55:31+00;2026-06-04 17:56:15+00;44;10;216;2
5395;2026-06-04 18:01:39+00;2026-06-04 18:44:39+00;2580;145;213;19
5396;2026-06-04 18:05:26+00;2026-06-04 18:52:26+00;2820;120;222;19
5397;2026-06-04 18:05:47+00;2026-06-04 19:04:47+00;3540;22;215;19
5398;2026-06-04 18:11:30+00;2026-06-04 19:07:30+00;3360;135;200;13
5399;2026-06-04 18:11:39+00;2026-06-04 18:12:20+00;41;27;206;2
5400;2026-06-04 18:16:29+00;2026-06-04 18:18:03+00;94;29;210;2
5401;2026-06-04 18:16:49+00;2026-06-04 18:18:09+00;80;29;223;2
5402;2026-06-04 18:17:07+00;2026-06-04 18:18:55+00;108;10;201;2
5403;2026-06-04 18:18:25+00;2026-06-04 18:20:16+00;111;10;209;2
5404;2026-06-04 18:49:44+00;2026-06-04 18:51:15+00;91;20;210;2
5405;2026-06-04 18:52:09+00;2026-06-04 18:53:38+00;89;18;216;2
5406;2026-06-04 18:59:27+00;2026-06-04 19:54:27+00;3300;11;207;14
5407;2026-06-04 19:01:07+00;2026-06-04 19:02:49+00;102;19;203;2
5408;2026-06-04 19:03:02+00;2026-06-04 19:03:45+00;43;26;209;2
5409;2026-06-04 19:04:57+00;2026-06-04 19:05:50+00;53;17;202;2
5410;2026-06-04 19:07:30+00;2026-06-04 19:08:37+00;67;19;206;2
5411;2026-06-04 19:08:05+00;2026-06-04 19:09:00+00;55;22;219;2
5412;2026-06-04 19:10:41+00;2026-06-04 19:11:58+00;77;26;217;2
5413;2026-06-04 19:12:57+00;2026-06-04 19:13:48+00;51;13;210;2
5414;2026-06-04 19:14:05+00;2026-06-04 19:38:05+00;1440;144;202;13
5415;2026-06-04 19:16:56+00;2026-06-04 19:35:56+00;1140;73;201;13
5416;2026-06-04 19:34:18+00;2026-06-04 19:36:01+00;103;24;218;2
5417;2026-06-04 19:34:48+00;2026-06-04 19:36:30+00;102;13;205;2
5418;2026-06-04 19:39:48+00;2026-06-04 20:46:48+00;4020;122;212;13
5419;2026-06-04 19:43:25+00;2026-06-04 20:53:25+00;4200;114;218;13
5420;2026-06-04 19:43:47+00;2026-06-04 19:45:01+00;74;29;201;2
5421;2026-06-04 19:50:12+00;2026-06-04 20:48:12+00;3480;62;200;19
5422;2026-06-04 19:54:29+00;2026-06-04 19:56:13+00;104;27;203;2
5423;2026-06-04 20:00:34+00;2026-06-04 20:02:34+00;120;15;213;2
5424;2026-06-04 20:05:48+00;2026-06-04 20:06:52+00;64;14;218;2
5425;2026-06-04 20:12:15+00;2026-06-04 20:44:15+00;1920;104;204;14
5426;2026-06-04 20:13:13+00;2026-06-04 20:14:36+00;83;14;205;2
5427;2026-06-04 20:19:05+00;2026-06-04 20:19:49+00;44;19;212;2
5428;2026-06-04 20:20:06+00;2026-06-04 21:00:06+00;2400;132;222;19
5429;2026-06-04 20:20:11+00;2026-06-04 20:48:11+00;1680;94;215;13
5430;2026-06-04 20:23:03+00;2026-06-04 21:23:03+00;3600;55;222;19
5431;2026-06-04 20:35:19+00;2026-06-04 20:36:13+00;54;12;220;2
5432;2026-06-04 20:43:51+00;2026-06-04 22:08:51+00;5100;130;209;19
5433;2026-06-04 20:46:24+00;2026-06-04 20:47:49+00;85;14;204;2
5434;2026-06-04 20:49:30+00;2026-06-04 20:51:22+00;112;30;220;2
5435;2026-06-04 20:49:47+00;2026-06-04 21:05:47+00;960;79;215;13
5436;2026-06-04 20:51:40+00;2026-06-04 21:25:40+00;2040;124;209;13
5437;2026-06-04 20:53:40+00;2026-06-04 21:27:40+00;2040;137;211;13
5438;2026-06-04 21:02:02+00;2026-06-04 21:02:51+00;49;12;204;2
5439;2026-06-04 21:02:48+00;2026-06-04 21:03:40+00;52;20;223;2
5440;2026-06-04 21:05:25+00;2026-06-04 22:07:25+00;3720;44;221;14
5441;2026-06-04 21:16:21+00;2026-06-04 21:45:21+00;1740;40;208;13
5442;2026-06-04 21:21:04+00;2026-06-04 21:23:02+00;118;15;216;2
5443;2026-06-04 21:25:57+00;2026-06-04 21:53:57+00;1680;18;206;14
5444;2026-06-04 21:30:30+00;2026-06-04 22:30:30+00;3600;126;220;14
5445;2026-06-04 21:31:16+00;2026-06-04 21:33:05+00;109;24;201;2
5446;2026-06-04 21:34:08+00;2026-06-04 21:34:49+00;41;21;217;2
5447;2026-06-04 21:40:18+00;2026-06-04 21:41:53+00;95;20;205;2
5448;2026-06-04 21:48:27+00;2026-06-04 21:49:18+00;51;24;208;2
5449;2026-06-04 21:57:23+00;2026-06-04 22:55:23+00;3480;44;214;19
5450;2026-06-04 21:59:19+00;2026-06-04 22:24:19+00;1500;41;203;13
5451;2026-06-04 22:03:09+00;2026-06-04 22:28:09+00;1500;33;205;19
5452;2026-06-04 22:14:06+00;2026-06-04 22:15:30+00;84;19;220;2
5453;2026-06-04 22:21:17+00;2026-06-04 23:02:17+00;2460;116;201;19
5454;2026-06-04 22:22:01+00;2026-06-04 22:43:01+00;1260;135;219;14
5455;2026-06-04 22:35:51+00;2026-06-04 22:36:41+00;50;24;222;2
5456;2026-06-04 22:36:49+00;2026-06-04 23:05:49+00;1740;31;214;19
5457;2026-06-04 22:42:06+00;2026-06-04 22:42:59+00;53;14;207;2
5458;2026-06-04 22:44:14+00;2026-06-04 23:05:14+00;1260;87;200;13
5459;2026-06-04 22:45:19+00;2026-06-04 23:32:19+00;2820;11;222;14
5460;2026-06-04 22:49:20+00;2026-06-04 22:50:14+00;54;13;214;2
5461;2026-06-04 22:58:19+00;2026-06-04 22:59:42+00;83;30;220;2
5462;2026-06-04 23:10:06+00;2026-06-05 00:26:06+00;4560;65;202;13
5463;2026-06-04 23:14:57+00;2026-06-04 23:16:53+00;116;18;201;2
5464;2026-06-04 23:19:34+00;2026-06-05 00:16:34+00;3420;70;209;13
5465;2026-06-04 23:25:14+00;2026-06-04 23:26:49+00;95;28;207;2
5466;2026-06-04 23:27:31+00;2026-06-04 23:28:56+00;85;21;212;2
5467;2026-06-04 23:30:01+00;2026-06-05 00:12:01+00;2520;44;207;14
5468;2026-06-04 23:30:08+00;2026-06-05 00:58:08+00;5280;11;213;13
5469;2026-06-04 23:32:41+00;2026-06-05 00:22:41+00;3000;95;217;13
5470;2026-06-04 23:37:02+00;2026-06-04 23:38:16+00;74;22;220;2
5471;2026-06-04 23:44:06+00;2026-06-04 23:45:46+00;100;22;204;2
5472;2026-06-04 23:55:30+00;2026-06-05 00:19:30+00;1440;102;223;14
5473;2026-06-05 00:00:16+00;2026-06-05 00:01:51+00;95;11;220;2
5474;2026-06-05 00:20:41+00;2026-06-05 00:22:21+00;100;15;219;2
5475;2026-06-05 00:20:46+00;2026-06-05 00:21:50+00;64;30;221;2
5476;2026-06-05 00:23:33+00;2026-06-05 00:24:55+00;82;10;223;2
5477;2026-06-05 00:23:42+00;2026-06-05 00:24:44+00;62;11;210;2
5478;2026-06-05 00:37:26+00;2026-06-05 00:38:14+00;48;28;221;2
5479;2026-06-05 00:38:30+00;2026-06-05 00:40:09+00;99;23;221;2
5480;2026-06-05 00:46:23+00;2026-06-05 00:47:45+00;82;26;213;2
5481;2026-06-05 00:47:06+00;2026-06-05 00:49:05+00;119;14;213;2
5482;2026-06-05 00:47:42+00;2026-06-05 00:49:10+00;88;24;221;2
5483;2026-06-05 00:52:24+00;2026-06-05 00:53:16+00;52;18;206;2
5484;2026-06-05 00:56:47+00;2026-06-05 00:57:33+00;46;12;218;2
5485;2026-06-05 00:58:15+00;2026-06-05 01:00:00+00;105;15;220;2
5486;2026-06-05 06:18:48+00;2026-06-05 06:53:48+00;2100;50;220;13
5487;2026-06-05 06:21:39+00;2026-06-05 06:23:15+00;96;28;204;2
5488;2026-06-05 06:32:29+00;2026-06-05 07:42:29+00;4200;103;215;13
5489;2026-06-05 06:33:35+00;2026-06-05 07:30:35+00;3420;37;219;19
5490;2026-06-05 06:36:19+00;2026-06-05 06:37:56+00;97;15;203;2
5491;2026-06-05 06:38:01+00;2026-06-05 07:39:01+00;3660;65;204;13
5492;2026-06-05 06:43:34+00;2026-06-05 06:45:14+00;100;14;223;2
5493;2026-06-05 06:45:18+00;2026-06-05 06:47:00+00;102;22;218;2
5494;2026-06-05 06:45:29+00;2026-06-05 06:46:26+00;57;14;206;2
5495;2026-06-05 06:50:18+00;2026-06-05 06:51:41+00;83;10;202;2
5496;2026-06-05 07:00:03+00;2026-06-05 07:23:03+00;1380;140;201;14
5497;2026-06-05 07:07:51+00;2026-06-05 07:08:40+00;49;18;203;2
5498;2026-06-05 07:11:41+00;2026-06-05 07:13:05+00;84;23;206;2
5499;2026-06-05 07:12:08+00;2026-06-05 08:40:08+00;5280;107;200;14
5500;2026-06-05 07:14:14+00;2026-06-05 07:39:14+00;1500;97;217;19
5501;2026-06-05 07:16:00+00;2026-06-05 07:56:00+00;2400;107;218;19
5502;2026-06-05 07:16:51+00;2026-06-05 07:17:52+00;61;22;216;2
5503;2026-06-05 07:19:10+00;2026-06-05 08:13:10+00;3240;50;201;19
5504;2026-06-05 07:21:03+00;2026-06-05 07:22:00+00;57;30;219;2
5505;2026-06-05 07:24:25+00;2026-06-05 07:26:14+00;109;16;206;2
5506;2026-06-05 07:27:22+00;2026-06-05 08:44:22+00;4620;147;204;13
5507;2026-06-05 07:28:26+00;2026-06-05 07:49:26+00;1260;30;210;14
5508;2026-06-05 07:45:20+00;2026-06-05 07:46:53+00;93;14;222;2
5509;2026-06-05 07:46:02+00;2026-06-05 07:46:56+00;54;13;220;2
5510;2026-06-05 07:47:27+00;2026-06-05 07:48:46+00;79;28;204;2
5511;2026-06-05 07:51:17+00;2026-06-05 07:52:46+00;89;27;205;2
5512;2026-06-05 08:00:47+00;2026-06-05 08:16:47+00;960;81;202;19
5513;2026-06-05 08:03:16+00;2026-06-05 09:15:16+00;4320;31;222;19
5514;2026-06-05 08:08:30+00;2026-06-05 08:45:30+00;2220;108;203;13
5515;2026-06-05 08:08:31+00;2026-06-05 08:09:36+00;65;17;223;2
5516;2026-06-05 08:08:49+00;2026-06-05 08:10:00+00;71;29;200;2
5517;2026-06-05 08:13:03+00;2026-06-05 08:14:49+00;106;11;217;2
5518;2026-06-05 08:16:54+00;2026-06-05 08:54:54+00;2280;8;209;3
5519;2026-06-05 08:16:59+00;2026-06-05 09:07:59+00;3060;112;217;14
5520;2026-06-05 08:39:50+00;2026-06-05 08:40:57+00;67;20;204;2
5521;2026-06-05 08:40:18+00;2026-06-05 10:00:18+00;4800;69;221;13
5522;2026-06-05 08:41:49+00;2026-06-05 08:43:09+00;80;19;215;2
5523;2026-06-05 08:45:32+00;2026-06-05 08:46:15+00;43;25;219;2
5524;2026-06-05 08:48:13+00;2026-06-05 08:49:16+00;63;21;204;2
5525;2026-06-05 08:48:14+00;2026-06-05 08:49:50+00;96;17;222;2
5526;2026-06-05 08:50:26+00;2026-06-05 09:11:26+00;1260;6;203;3
5527;2026-06-05 09:05:39+00;2026-06-05 09:29:39+00;1440;70;208;14
5528;2026-06-05 09:05:47+00;2026-06-05 09:28:47+00;1380;6;207;1
5529;2026-06-05 09:05:53+00;2026-06-05 09:07:33+00;100;12;218;2
5530;2026-06-05 09:08:16+00;2026-06-05 09:09:56+00;100;18;206;2
5531;2026-06-05 09:12:17+00;2026-06-05 09:13:47+00;90;25;221;2
5532;2026-06-05 09:12:54+00;2026-06-05 09:44:54+00;1920;39;207;14
5533;2026-06-05 09:13:46+00;2026-06-05 09:35:46+00;1320;106;205;14
5534;2026-06-05 09:21:57+00;2026-06-05 10:04:57+00;2580;49;207;19
5535;2026-06-05 09:24:45+00;2026-06-05 09:25:50+00;65;17;222;2
5536;2026-06-05 09:26:39+00;2026-06-05 10:41:39+00;4500;73;213;13
5537;2026-06-05 09:26:52+00;2026-06-05 09:28:39+00;107;30;221;2
5538;2026-06-05 09:28:02+00;2026-06-05 10:07:02+00;2340;9;202;3
5539;2026-06-05 09:32:59+00;2026-06-05 10:21:59+00;2940;150;211;14
5540;2026-06-05 09:37:12+00;2026-06-05 09:37:54+00;42;12;218;2
5541;2026-06-05 09:48:06+00;2026-06-05 09:50:03+00;117;10;214;2
5542;2026-06-05 09:55:36+00;2026-06-05 11:02:36+00;4020;108;205;14
5543;2026-06-05 09:57:33+00;2026-06-05 11:00:33+00;3780;89;214;19
5544;2026-06-05 09:57:38+00;2026-06-05 10:19:38+00;1320;80;217;13
5545;2026-06-05 09:58:17+00;2026-06-05 10:15:17+00;1020;135;210;19
5546;2026-06-05 09:58:18+00;2026-06-05 09:59:50+00;92;10;207;2
5547;2026-06-05 10:00:37+00;2026-06-05 10:01:26+00;49;29;220;2
5548;2026-06-05 10:02:47+00;2026-06-05 10:41:47+00;2340;5;216;3
5549;2026-06-05 10:04:52+00;2026-06-05 10:57:52+00;3180;144;218;14
5550;2026-06-05 10:05:16+00;2026-06-05 10:06:56+00;100;14;208;2
5551;2026-06-05 10:20:15+00;2026-06-05 10:21:24+00;69;10;213;2
5552;2026-06-05 10:20:35+00;2026-06-05 10:46:35+00;1560;60;222;19
5553;2026-06-05 10:26:21+00;2026-06-05 10:27:24+00;63;26;214;2
5554;2026-06-05 10:27:44+00;2026-06-05 11:32:44+00;3900;122;215;14
5555;2026-06-05 10:31:24+00;2026-06-05 10:56:24+00;1500;110;206;19
5556;2026-06-05 10:45:17+00;2026-06-05 10:47:09+00;112;30;206;2
5557;2026-06-05 10:49:40+00;2026-06-05 10:50:34+00;54;10;201;2
5558;2026-06-05 10:49:53+00;2026-06-05 11:12:53+00;1380;8;222;1
5559;2026-06-05 11:01:59+00;2026-06-05 11:02:54+00;55;18;205;2
5560;2026-06-05 11:02:53+00;2026-06-05 11:03:51+00;58;26;216;2
5561;2026-06-05 11:04:09+00;2026-06-05 11:19:09+00;900;17;216;13
5562;2026-06-05 11:14:17+00;2026-06-05 11:48:17+00;2040;145;204;19
5563;2026-06-05 11:33:42+00;2026-06-05 11:53:42+00;1200;117;208;13
5564;2026-06-05 11:34:11+00;2026-06-05 11:35:11+00;60;16;208;2
5565;2026-06-05 11:37:27+00;2026-06-05 11:38:48+00;81;11;222;2
5566;2026-06-05 11:38:00+00;2026-06-05 13:08:00+00;5400;56;208;14
5567;2026-06-05 11:45:44+00;2026-06-05 12:08:44+00;1380;6;208;3
5568;2026-06-05 11:48:37+00;2026-06-05 12:52:37+00;3840;86;210;13
5569;2026-06-05 11:59:21+00;2026-06-05 12:00:20+00;59;18;222;2
5570;2026-06-05 12:02:31+00;2026-06-05 12:04:20+00;109;24;212;2
5571;2026-06-05 12:05:00+00;2026-06-05 13:09:00+00;3840;141;200;19
5572;2026-06-05 12:07:34+00;2026-06-05 13:27:34+00;4800;98;215;19
5573;2026-06-05 12:13:48+00;2026-06-05 12:15:24+00;96;20;207;2
5574;2026-06-05 12:16:34+00;2026-06-05 12:18:18+00;104;25;210;2
5575;2026-06-05 12:18:40+00;2026-06-05 12:41:40+00;1380;52;208;19
5576;2026-06-05 12:22:46+00;2026-06-05 12:24:12+00;86;15;217;2
5577;2026-06-05 12:25:51+00;2026-06-05 13:09:51+00;2640;100;201;19
5578;2026-06-05 12:30:23+00;2026-06-05 12:32:22+00;119;18;206;2
5579;2026-06-05 12:45:14+00;2026-06-05 13:42:14+00;3420;148;204;19
5580;2026-06-05 12:46:34+00;2026-06-05 13:28:34+00;2520;16;219;14
5581;2026-06-05 12:50:26+00;2026-06-05 12:52:12+00;106;24;220;2
5582;2026-06-05 12:53:35+00;2026-06-05 12:54:44+00;69;13;212;2
5583;2026-06-05 13:00:59+00;2026-06-05 13:02:56+00;117;15;205;2
5584;2026-06-05 13:01:33+00;2026-06-05 13:25:33+00;1440;9;219;3
5585;2026-06-05 13:04:21+00;2026-06-05 14:16:21+00;4320;118;209;13
5586;2026-06-05 13:08:00+00;2026-06-05 14:25:00+00;4620;38;211;13
5587;2026-06-05 13:15:51+00;2026-06-05 14:45:51+00;5400;67;208;14
5588;2026-06-05 13:17:44+00;2026-06-05 13:18:44+00;60;18;209;2
5589;2026-06-05 13:21:04+00;2026-06-05 13:51:04+00;1800;9;220;3
5590;2026-06-05 13:30:21+00;2026-06-05 13:51:21+00;1260;9;211;3
5591;2026-06-05 13:31:06+00;2026-06-05 13:32:25+00;79;12;212;2
5592;2026-06-05 13:31:22+00;2026-06-05 14:10:22+00;2340;8;206;3
5593;2026-06-05 13:32:11+00;2026-06-05 13:33:49+00;98;14;201;2
5594;2026-06-05 13:33:12+00;2026-06-05 14:24:12+00;3060;106;205;19
5595;2026-06-05 13:42:53+00;2026-06-05 13:43:49+00;56;13;219;2
5596;2026-06-05 13:43:42+00;2026-06-05 13:44:39+00;57;13;205;2
5597;2026-06-05 13:51:30+00;2026-06-05 14:06:30+00;900;10;208;1
5598;2026-06-05 14:04:45+00;2026-06-05 14:54:45+00;3000;17;223;13
5599;2026-06-05 14:08:06+00;2026-06-05 14:39:06+00;1860;111;217;19
5600;2026-06-05 14:10:34+00;2026-06-05 14:11:27+00;53;26;207;2
5601;2026-06-05 14:10:56+00;2026-06-05 15:20:56+00;4200;27;206;19
5602;2026-06-05 14:11:34+00;2026-06-05 15:36:34+00;5100;58;210;14
5603;2026-06-05 14:11:46+00;2026-06-05 14:12:46+00;60;17;219;2
5604;2026-06-05 14:16:16+00;2026-06-05 14:17:18+00;62;28;223;2
5605;2026-06-05 14:26:09+00;2026-06-05 14:27:39+00;90;26;220;2
5606;2026-06-05 14:27:31+00;2026-06-05 15:31:31+00;3840;125;219;13
5607;2026-06-05 14:31:48+00;2026-06-05 14:51:48+00;1200;136;202;14
5608;2026-06-05 14:32:23+00;2026-06-05 15:37:23+00;3900;46;205;19
5609;2026-06-05 14:32:24+00;2026-06-05 15:44:24+00;4320;146;222;13
5610;2026-06-05 14:35:29+00;2026-06-05 15:50:29+00;4500;43;222;14
5611;2026-06-05 14:47:23+00;2026-06-05 14:48:25+00;62;30;212;2
5612;2026-06-05 15:01:33+00;2026-06-05 15:26:33+00;1500;125;209;13
5613;2026-06-05 15:04:14+00;2026-06-05 15:06:01+00;107;15;220;2
5614;2026-06-05 15:07:12+00;2026-06-05 16:08:12+00;3660;93;203;19
5615;2026-06-05 15:11:01+00;2026-06-05 16:37:01+00;5160;16;222;19
5616;2026-06-05 15:21:30+00;2026-06-05 15:53:30+00;1920;86;201;14
5617;2026-06-05 15:22:10+00;2026-06-05 15:47:10+00;1500;79;202;13
5618;2026-06-05 15:33:47+00;2026-06-05 15:49:47+00;960;132;200;14
5619;2026-06-05 15:39:35+00;2026-06-05 15:40:17+00;42;20;220;2
5620;2026-06-05 15:50:26+00;2026-06-05 16:10:26+00;1200;79;200;13
5621;2026-06-05 15:51:40+00;2026-06-05 15:53:04+00;84;19;202;2
5622;2026-06-05 15:52:48+00;2026-06-05 16:51:48+00;3540;37;221;13
5623;2026-06-05 15:53:18+00;2026-06-05 15:54:13+00;55;27;204;2
5624;2026-06-05 15:54:28+00;2026-06-05 16:44:28+00;3000;36;213;19
5625;2026-06-05 15:58:38+00;2026-06-05 16:00:03+00;85;17;206;2
5626;2026-06-05 16:00:54+00;2026-06-05 16:02:32+00;98;15;203;2
5627;2026-06-05 16:04:26+00;2026-06-05 16:05:56+00;90;26;218;2
5628;2026-06-05 16:06:10+00;2026-06-05 16:07:36+00;86;12;204;2
5629;2026-06-05 16:08:40+00;2026-06-05 16:40:40+00;1920;133;216;19
5630;2026-06-05 16:08:44+00;2026-06-05 16:59:44+00;3060;34;216;19
5631;2026-06-05 16:09:06+00;2026-06-05 16:10:25+00;79;13;210;2
5632;2026-06-05 16:18:15+00;2026-06-05 16:19:36+00;81;24;203;2
5633;2026-06-05 16:21:00+00;2026-06-05 16:22:02+00;62;14;200;2
5634;2026-06-05 16:27:20+00;2026-06-05 16:48:20+00;1260;126;215;14
5635;2026-06-05 16:28:05+00;2026-06-05 16:28:50+00;45;24;222;2
5636;2026-06-05 16:32:46+00;2026-06-05 16:34:14+00;88;18;209;2
5637;2026-06-05 16:44:23+00;2026-06-05 16:45:42+00;79;12;210;2
5638;2026-06-05 16:49:06+00;2026-06-05 17:17:06+00;1680;41;209;14
5639;2026-06-05 16:49:06+00;2026-06-05 17:56:06+00;4020;66;213;19
5640;2026-06-05 16:53:29+00;2026-06-05 17:13:29+00;1200;13;207;19
5641;2026-06-05 16:57:01+00;2026-06-05 16:57:47+00;46;24;211;2
5642;2026-06-05 17:03:23+00;2026-06-05 17:05:20+00;117;24;201;2
5643;2026-06-05 17:09:57+00;2026-06-05 17:50:57+00;2460;95;200;14
5644;2026-06-05 17:10:29+00;2026-06-05 17:12:19+00;110;29;201;2
5645;2026-06-05 17:16:48+00;2026-06-05 17:59:48+00;2580;13;222;14
5646;2026-06-05 17:45:41+00;2026-06-05 17:46:22+00;41;21;206;2
5647;2026-06-05 17:47:12+00;2026-06-05 18:37:12+00;3000;104;216;14
5648;2026-06-05 17:52:49+00;2026-06-05 17:53:37+00;48;18;207;2
5649;2026-06-05 17:53:36+00;2026-06-05 18:10:36+00;1020;78;207;13
5650;2026-06-05 17:54:01+00;2026-06-05 17:54:44+00;43;15;211;2
5651;2026-06-05 17:58:07+00;2026-06-05 17:59:42+00;95;22;214;2
5652;2026-06-05 18:02:35+00;2026-06-05 18:49:35+00;2820;149;216;19
5653;2026-06-05 18:07:17+00;2026-06-05 18:08:35+00;78;17;215;2
5654;2026-06-05 18:07:35+00;2026-06-05 18:08:23+00;48;23;202;2
5655;2026-06-05 18:16:22+00;2026-06-05 18:55:22+00;2340;130;220;19
5656;2026-06-05 18:17:30+00;2026-06-05 18:18:26+00;56;19;201;2
5657;2026-06-05 18:18:02+00;2026-06-05 19:10:02+00;3120;92;221;14
5658;2026-06-05 18:19:26+00;2026-06-05 18:20:09+00;43;11;209;2
5659;2026-06-05 18:19:34+00;2026-06-05 18:21:28+00;114;12;208;2
5660;2026-06-05 18:19:36+00;2026-06-05 18:20:58+00;82;21;218;2
5661;2026-06-05 18:24:35+00;2026-06-05 18:26:12+00;97;18;202;2
5662;2026-06-05 18:24:38+00;2026-06-05 19:04:38+00;2400;19;215;13
5663;2026-06-05 18:27:30+00;2026-06-05 19:26:30+00;3540;93;218;19
5664;2026-06-05 18:27:32+00;2026-06-05 19:52:32+00;5100;19;223;14
5665;2026-06-05 18:38:06+00;2026-06-05 19:06:06+00;1680;88;201;13
5666;2026-06-05 18:43:02+00;2026-06-05 18:44:04+00;62;26;216;2
5667;2026-06-05 18:43:16+00;2026-06-05 19:48:16+00;3900;32;212;19
5668;2026-06-05 18:44:44+00;2026-06-05 18:46:38+00;114;26;223;2
5669;2026-06-05 18:45:22+00;2026-06-05 18:47:20+00;118;28;221;2
5670;2026-06-05 18:48:38+00;2026-06-05 19:04:38+00;960;150;220;13
5671;2026-06-05 18:50:45+00;2026-06-05 19:17:45+00;1620;122;221;14
5672;2026-06-05 18:56:38+00;2026-06-05 18:57:59+00;81;11;216;2
5673;2026-06-05 18:57:15+00;2026-06-05 19:37:15+00;2400;30;206;13
5674;2026-06-05 19:03:19+00;2026-06-05 20:12:19+00;4140;100;218;14
5675;2026-06-05 19:03:37+00;2026-06-05 20:31:37+00;5280;150;214;19
5676;2026-06-05 19:04:45+00;2026-06-05 19:06:27+00;102;14;222;2
5677;2026-06-05 19:13:41+00;2026-06-05 19:14:22+00;41;11;214;2
5678;2026-06-05 19:20:16+00;2026-06-05 19:21:22+00;66;22;203;2
5679;2026-06-05 19:26:06+00;2026-06-05 19:27:20+00;74;20;213;2
5680;2026-06-05 19:44:29+00;2026-06-05 20:37:29+00;3180;128;211;14
5681;2026-06-05 19:47:32+00;2026-06-05 19:49:01+00;89;18;210;2
5682;2026-06-05 19:52:28+00;2026-06-05 21:04:28+00;4320;90;219;19
5683;2026-06-05 19:52:44+00;2026-06-05 19:53:53+00;69;10;223;2
5684;2026-06-05 19:53:33+00;2026-06-05 19:54:21+00;48;18;218;2
5685;2026-06-05 19:56:22+00;2026-06-05 19:57:21+00;59;29;200;2
5686;2026-06-05 20:03:56+00;2026-06-05 20:05:36+00;100;25;217;2
5687;2026-06-05 20:06:57+00;2026-06-05 20:08:41+00;104;10;212;2
5688;2026-06-05 20:16:51+00;2026-06-05 20:17:51+00;60;27;213;2
5689;2026-06-05 20:22:06+00;2026-06-05 20:23:53+00;107;22;201;2
5690;2026-06-05 20:23:38+00;2026-06-05 20:24:34+00;56;16;209;2
5691;2026-06-05 20:35:46+00;2026-06-05 21:59:46+00;5040;134;212;13
5692;2026-06-05 20:39:39+00;2026-06-05 21:46:39+00;4020;31;210;13
5693;2026-06-05 20:42:45+00;2026-06-05 20:43:37+00;52;22;220;2
5694;2026-06-05 20:45:21+00;2026-06-05 21:37:21+00;3120;95;204;19
5695;2026-06-05 20:49:16+00;2026-06-05 22:01:16+00;4320;75;219;14
5696;2026-06-05 20:50:32+00;2026-06-05 21:48:32+00;3480;97;203;13
5697;2026-06-05 20:51:56+00;2026-06-05 22:15:56+00;5040;64;213;14
5698;2026-06-05 20:55:45+00;2026-06-05 20:56:42+00;57;25;217;2
5699;2026-06-05 20:58:07+00;2026-06-05 20:59:48+00;101;18;219;2
5700;2026-06-05 20:59:44+00;2026-06-05 22:23:44+00;5040;21;202;13
5701;2026-06-05 21:02:34+00;2026-06-05 21:37:34+00;2100;112;223;14
5702;2026-06-05 21:06:24+00;2026-06-05 21:53:24+00;2820;14;211;19
5703;2026-06-05 21:10:32+00;2026-06-05 22:20:32+00;4200;70;202;13
5704;2026-06-05 21:19:34+00;2026-06-05 21:39:34+00;1200;112;209;19
5705;2026-06-05 21:19:53+00;2026-06-05 22:07:53+00;2880;108;211;13
5706;2026-06-05 21:20:40+00;2026-06-05 21:21:48+00;68;27;223;2
5707;2026-06-05 21:35:02+00;2026-06-05 21:36:18+00;76;28;215;2
5708;2026-06-05 21:45:40+00;2026-06-05 21:47:26+00;106;13;221;2
5709;2026-06-05 21:46:49+00;2026-06-05 21:48:06+00;77;18;208;2
5710;2026-06-05 22:04:50+00;2026-06-05 22:06:34+00;104;13;221;2
5711;2026-06-05 22:06:24+00;2026-06-05 22:59:24+00;3180;92;204;14
5712;2026-06-05 22:08:56+00;2026-06-05 22:26:56+00;1080;146;210;19
5713;2026-06-05 22:26:25+00;2026-06-05 22:28:11+00;106;24;203;2
5714;2026-06-05 22:28:05+00;2026-06-05 22:49:05+00;1260;68;220;14
5715;2026-06-05 22:28:16+00;2026-06-05 23:23:16+00;3300;72;201;13
5716;2026-06-05 22:35:00+00;2026-06-05 23:35:00+00;3600;119;221;14
5717;2026-06-05 22:38:05+00;2026-06-05 22:39:42+00;97;14;217;2
5718;2026-06-05 22:45:36+00;2026-06-05 22:46:58+00;82;13;212;2
5719;2026-06-05 22:46:46+00;2026-06-05 23:07:46+00;1260;140;220;19
5720;2026-06-05 22:55:51+00;2026-06-05 23:29:51+00;2040;148;214;19
5721;2026-06-05 23:03:08+00;2026-06-05 23:38:08+00;2100;33;203;14
5722;2026-06-05 23:10:32+00;2026-06-05 23:11:22+00;50;21;203;2
5723;2026-06-05 23:15:19+00;2026-06-05 23:16:25+00;66;25;200;2
5724;2026-06-05 23:16:45+00;2026-06-06 00:21:45+00;3900;59;212;19
5725;2026-06-05 23:18:02+00;2026-06-06 00:36:02+00;4680;135;221;19
5726;2026-06-05 23:19:20+00;2026-06-05 23:51:20+00;1920;85;215;19
5727;2026-06-05 23:21:39+00;2026-06-05 23:23:18+00;99;21;215;2
5728;2026-06-05 23:22:29+00;2026-06-06 00:50:29+00;5280;29;217;19
5729;2026-06-05 23:24:14+00;2026-06-05 23:25:35+00;81;11;203;2
5730;2026-06-05 23:33:50+00;2026-06-05 23:57:50+00;1440;10;205;19
5731;2026-06-05 23:37:33+00;2026-06-05 23:39:06+00;93;28;213;2
5732;2026-06-05 23:39:58+00;2026-06-05 23:41:08+00;70;30;219;2
5733;2026-06-05 23:51:47+00;2026-06-06 00:51:47+00;3600;66;219;13
5734;2026-06-05 23:57:53+00;2026-06-06 00:28:53+00;1860;15;212;14
5735;2026-06-05 23:59:00+00;2026-06-06 00:00:44+00;104;16;208;2
5736;2026-06-06 00:24:45+00;2026-06-06 00:26:27+00;102;11;222;2
5737;2026-06-06 00:24:52+00;2026-06-06 00:26:21+00;89;29;211;2
5738;2026-06-06 00:33:36+00;2026-06-06 00:35:23+00;107;17;211;2
5739;2026-06-06 00:48:43+00;2026-06-06 00:50:43+00;120;10;210;2
5740;2026-06-06 06:04:11+00;2026-06-06 06:31:11+00;1620;109;219;14
5741;2026-06-06 06:09:26+00;2026-06-06 06:10:38+00;72;19;218;2
5742;2026-06-06 06:22:25+00;2026-06-06 06:23:22+00;57;18;221;2
5743;2026-06-06 06:23:28+00;2026-06-06 06:42:28+00;1140;49;220;13
5744;2026-06-06 06:27:47+00;2026-06-06 06:29:07+00;80;30;213;2
5745;2026-06-06 06:30:36+00;2026-06-06 07:29:36+00;3540;10;203;13
5746;2026-06-06 06:30:36+00;2026-06-06 06:45:36+00;900;52;213;14
5747;2026-06-06 06:33:24+00;2026-06-06 06:34:11+00;47;16;215;2
5748;2026-06-06 06:35:13+00;2026-06-06 07:17:13+00;2520;17;205;19
5749;2026-06-06 06:38:06+00;2026-06-06 06:39:11+00;65;26;218;2
5750;2026-06-06 06:52:07+00;2026-06-06 06:52:50+00;43;24;208;2
5751;2026-06-06 06:57:56+00;2026-06-06 06:59:33+00;97;24;218;2
5752;2026-06-06 06:59:26+00;2026-06-06 07:00:10+00;44;21;211;2
5753;2026-06-06 07:00:14+00;2026-06-06 07:22:14+00;1320;94;220;19
5754;2026-06-06 07:03:01+00;2026-06-06 07:55:01+00;3120;20;203;19
5755;2026-06-06 07:03:48+00;2026-06-06 08:16:48+00;4380;83;222;13
5756;2026-06-06 07:13:06+00;2026-06-06 07:14:01+00;55;20;202;2
5757;2026-06-06 07:14:32+00;2026-06-06 07:16:15+00;103;24;218;2
5758;2026-06-06 07:15:18+00;2026-06-06 07:17:18+00;120;17;204;2
5759;2026-06-06 07:16:45+00;2026-06-06 07:18:19+00;94;10;201;2
5760;2026-06-06 07:27:34+00;2026-06-06 07:28:32+00;58;22;208;2
5761;2026-06-06 07:31:14+00;2026-06-06 08:57:14+00;5160;31;212;13
5762;2026-06-06 07:38:50+00;2026-06-06 07:40:07+00;77;23;210;2
5763;2026-06-06 07:40:08+00;2026-06-06 09:02:08+00;4920;117;217;19
5764;2026-06-06 07:40:15+00;2026-06-06 08:55:15+00;4500;72;220;19
5765;2026-06-06 07:40:45+00;2026-06-06 08:16:45+00;2160;130;218;19
5766;2026-06-06 07:47:57+00;2026-06-06 08:54:57+00;4020;65;204;14
5767;2026-06-06 07:53:45+00;2026-06-06 07:54:34+00;49;10;210;2
5768;2026-06-06 07:57:58+00;2026-06-06 09:20:58+00;4980;142;214;19
5769;2026-06-06 07:58:24+00;2026-06-06 08:00:17+00;113;30;213;2
5770;2026-06-06 08:06:11+00;2026-06-06 08:07:57+00;106;21;216;2
5771;2026-06-06 08:10:37+00;2026-06-06 08:12:22+00;105;27;214;2
5772;2026-06-06 08:17:19+00;2026-06-06 09:18:19+00;3660;93;200;13
5773;2026-06-06 08:18:07+00;2026-06-06 08:20:06+00;119;12;209;2
5774;2026-06-06 08:22:23+00;2026-06-06 08:23:39+00;76;30;209;2
5775;2026-06-06 08:46:14+00;2026-06-06 08:47:11+00;57;22;223;2
5776;2026-06-06 08:47:32+00;2026-06-06 09:32:32+00;2700;133;219;14
5777;2026-06-06 08:47:34+00;2026-06-06 08:48:50+00;76;20;201;2
5778;2026-06-06 08:47:41+00;2026-06-06 10:12:41+00;5100;89;215;19
5779;2026-06-06 08:58:41+00;2026-06-06 09:33:41+00;2100;77;208;19
5780;2026-06-06 09:02:06+00;2026-06-06 09:03:35+00;89;10;216;2
5781;2026-06-06 09:05:31+00;2026-06-06 09:29:31+00;1440;6;206;3
5782;2026-06-06 09:11:19+00;2026-06-06 09:12:12+00;53;17;200;2
5783;2026-06-06 09:11:43+00;2026-06-06 09:12:44+00;61;15;201;2
5784;2026-06-06 09:16:42+00;2026-06-06 09:18:07+00;85;14;215;2
5785;2026-06-06 09:21:29+00;2026-06-06 10:26:29+00;3900;27;209;13
5786;2026-06-06 09:22:32+00;2026-06-06 09:23:31+00;59;17;222;2
5787;2026-06-06 09:27:20+00;2026-06-06 09:29:10+00;110;27;201;2
5788;2026-06-06 09:28:42+00;2026-06-06 09:52:42+00;1440;117;208;19
5789;2026-06-06 09:34:40+00;2026-06-06 10:34:40+00;3600;51;203;14
5790;2026-06-06 09:44:03+00;2026-06-06 09:44:45+00;42;22;208;2
5791;2026-06-06 09:44:33+00;2026-06-06 10:03:33+00;1140;142;200;19
5792;2026-06-06 09:46:44+00;2026-06-06 09:47:57+00;73;29;208;2
5793;2026-06-06 09:50:20+00;2026-06-06 09:52:01+00;101;25;210;2
5794;2026-06-06 09:52:53+00;2026-06-06 09:54:03+00;70;19;210;2
5795;2026-06-06 09:54:28+00;2026-06-06 10:47:28+00;3180;125;200;14
5796;2026-06-06 09:55:25+00;2026-06-06 10:12:25+00;1020;70;209;19
5797;2026-06-06 10:02:03+00;2026-06-06 10:03:10+00;67;13;206;2
5798;2026-06-06 10:10:44+00;2026-06-06 11:17:44+00;4020;84;215;19
5799;2026-06-06 10:19:36+00;2026-06-06 10:20:29+00;53;26;214;2
5800;2026-06-06 10:20:11+00;2026-06-06 10:21:20+00;69;30;213;2
5801;2026-06-06 10:21:01+00;2026-06-06 10:21:54+00;53;27;207;2
5802;2026-06-06 10:23:29+00;2026-06-06 11:01:29+00;2280;6;214;3
5803;2026-06-06 10:24:07+00;2026-06-06 11:45:07+00;4860;128;223;19
5804;2026-06-06 10:26:51+00;2026-06-06 11:51:51+00;5100;105;208;13
5805;2026-06-06 10:28:09+00;2026-06-06 11:10:09+00;2520;66;202;19
5806;2026-06-06 10:30:37+00;2026-06-06 11:57:37+00;5220;46;219;19
5807;2026-06-06 10:33:54+00;2026-06-06 10:35:53+00;119;26;201;2
5808;2026-06-06 10:40:24+00;2026-06-06 10:42:14+00;110;11;214;2
5809;2026-06-06 10:45:13+00;2026-06-06 11:00:13+00;900;128;206;13
5810;2026-06-06 10:50:26+00;2026-06-06 11:19:26+00;1740;17;213;19
5811;2026-06-06 10:56:11+00;2026-06-06 12:26:11+00;5400;21;207;19
5812;2026-06-06 10:57:15+00;2026-06-06 11:49:15+00;3120;149;202;19
5813;2026-06-06 11:05:54+00;2026-06-06 11:38:54+00;1980;6;200;3
5814;2026-06-06 11:07:13+00;2026-06-06 11:38:13+00;1860;108;215;14
5815;2026-06-06 11:14:57+00;2026-06-06 12:08:57+00;3240;41;213;19
5816;2026-06-06 11:15:12+00;2026-06-06 11:16:41+00;89;20;205;2
5817;2026-06-06 11:20:41+00;2026-06-06 11:22:40+00;119;22;206;2
5818;2026-06-06 11:25:40+00;2026-06-06 12:30:40+00;3900;53;215;14
5819;2026-06-06 11:28:51+00;2026-06-06 11:29:44+00;53;22;220;2
5820;2026-06-06 11:33:33+00;2026-06-06 11:34:53+00;80;23;223;2
5821;2026-06-06 11:34:58+00;2026-06-06 11:36:51+00;113;16;210;2
5822;2026-06-06 11:35:42+00;2026-06-06 11:36:44+00;62;25;209;2
5823;2026-06-06 11:35:46+00;2026-06-06 12:41:46+00;3960;87;223;13
5824;2026-06-06 11:38:18+00;2026-06-06 11:39:22+00;64;13;207;2
5825;2026-06-06 11:57:14+00;2026-06-06 12:15:14+00;1080;107;213;19
5826;2026-06-06 12:02:58+00;2026-06-06 12:04:53+00;115;19;205;2
5827;2026-06-06 12:06:59+00;2026-06-06 12:23:59+00;1020;22;221;19
5828;2026-06-06 12:08:13+00;2026-06-06 13:03:13+00;3300;113;209;14
5829;2026-06-06 12:12:07+00;2026-06-06 12:14:03+00;116;30;209;2
5830;2026-06-06 12:13:34+00;2026-06-06 12:15:06+00;92;14;222;2
5831;2026-06-06 12:21:44+00;2026-06-06 12:23:06+00;82;21;209;2
5832;2026-06-06 12:23:16+00;2026-06-06 12:24:28+00;72;14;204;2
5833;2026-06-06 12:24:08+00;2026-06-06 12:25:03+00;55;21;220;2
5834;2026-06-06 12:25:49+00;2026-06-06 13:29:49+00;3840;118;216;19
5835;2026-06-06 12:32:31+00;2026-06-06 13:41:31+00;4140;50;206;14
5836;2026-06-06 12:42:17+00;2026-06-06 14:12:17+00;5400;90;208;19
5837;2026-06-06 12:46:25+00;2026-06-06 12:48:05+00;100;25;217;2
5838;2026-06-06 12:50:34+00;2026-06-06 14:00:34+00;4200;74;219;13
5839;2026-06-06 12:57:20+00;2026-06-06 14:09:20+00;4320;121;207;13
5840;2026-06-06 12:58:00+00;2026-06-06 13:35:00+00;2220;35;203;14
5841;2026-06-06 13:02:46+00;2026-06-06 13:04:17+00;91;10;203;2
5842;2026-06-06 13:06:37+00;2026-06-06 14:19:37+00;4380;115;211;14
5843;2026-06-06 13:07:01+00;2026-06-06 14:12:01+00;3900;115;202;14
5844;2026-06-06 13:08:34+00;2026-06-06 13:10:33+00;119;24;207;2
5845;2026-06-06 13:11:49+00;2026-06-06 13:27:49+00;960;17;204;19
5846;2026-06-06 13:30:56+00;2026-06-06 14:00:56+00;1800;7;205;3
5847;2026-06-06 13:38:26+00;2026-06-06 14:37:26+00;3540;142;217;19
5848;2026-06-06 13:38:31+00;2026-06-06 13:39:34+00;63;22;204;2
5849;2026-06-06 13:39:51+00;2026-06-06 13:41:35+00;104;14;203;2
5850;2026-06-06 13:43:01+00;2026-06-06 13:44:50+00;109;24;215;2
5851;2026-06-06 13:43:53+00;2026-06-06 14:22:53+00;2340;7;221;3
5852;2026-06-06 13:45:22+00;2026-06-06 14:20:22+00;2100;24;223;13
5853;2026-06-06 14:03:39+00;2026-06-06 14:42:39+00;2340;10;212;3
5854;2026-06-06 14:12:42+00;2026-06-06 14:13:26+00;44;13;216;2
5855;2026-06-06 14:15:58+00;2026-06-06 14:17:19+00;81;20;215;2
5856;2026-06-06 14:28:14+00;2026-06-06 15:46:14+00;4680;44;221;14
5857;2026-06-06 14:30:01+00;2026-06-06 14:31:22+00;81;26;210;2
5858;2026-06-06 14:30:28+00;2026-06-06 14:32:18+00;110;20;223;2
5859;2026-06-06 14:30:37+00;2026-06-06 15:46:37+00;4560;149;204;13
5860;2026-06-06 14:32:30+00;2026-06-06 15:31:30+00;3540;129;220;19
5861;2026-06-06 14:34:33+00;2026-06-06 14:35:49+00;76;13;201;2
5862;2026-06-06 14:38:38+00;2026-06-06 15:59:38+00;4860;120;216;14
5863;2026-06-06 14:49:51+00;2026-06-06 15:33:51+00;2640;47;212;13
5864;2026-06-06 14:54:28+00;2026-06-06 15:58:28+00;3840;54;214;14
5865;2026-06-06 14:56:38+00;2026-06-06 15:27:38+00;1860;139;202;13
5866;2026-06-06 14:58:26+00;2026-06-06 16:17:26+00;4740;110;209;19
5867;2026-06-06 14:59:37+00;2026-06-06 15:00:45+00;68;28;208;2
5868;2026-06-06 14:59:50+00;2026-06-06 16:07:50+00;4080;57;210;13
5869;2026-06-06 15:02:20+00;2026-06-06 15:03:52+00;92;20;212;2
5870;2026-06-06 15:04:39+00;2026-06-06 16:19:39+00;4500;89;205;14
5871;2026-06-06 15:14:06+00;2026-06-06 15:15:04+00;58;18;211;2
5872;2026-06-06 15:23:21+00;2026-06-06 15:45:21+00;1320;8;215;3
5873;2026-06-06 15:27:38+00;2026-06-06 15:28:25+00;47;15;219;2
5874;2026-06-06 15:30:13+00;2026-06-06 15:31:32+00;79;17;202;2
5875;2026-06-06 15:37:52+00;2026-06-06 16:30:52+00;3180;46;206;19
5876;2026-06-06 15:41:17+00;2026-06-06 16:10:17+00;1740;7;201;3
5877;2026-06-06 15:42:53+00;2026-06-06 15:43:53+00;60;13;211;2
5878;2026-06-06 15:45:28+00;2026-06-06 16:07:28+00;1320;7;216;3
5879;2026-06-06 15:50:47+00;2026-06-06 15:52:21+00;94;26;212;2
5880;2026-06-06 15:52:46+00;2026-06-06 16:32:46+00;2400;6;209;3
5881;2026-06-06 15:59:11+00;2026-06-06 16:00:51+00;100;10;209;2
5882;2026-06-06 16:02:20+00;2026-06-06 16:04:04+00;104;29;221;2
5883;2026-06-06 16:03:20+00;2026-06-06 16:50:20+00;2820;34;222;19
5884;2026-06-06 16:22:09+00;2026-06-06 16:23:48+00;99;17;209;2
5885;2026-06-06 16:25:02+00;2026-06-06 16:56:02+00;1860;113;221;19
5886;2026-06-06 16:26:04+00;2026-06-06 16:27:12+00;68;27;203;2
5887;2026-06-06 16:28:34+00;2026-06-06 17:15:34+00;2820;11;208;13
5888;2026-06-06 16:29:21+00;2026-06-06 16:30:43+00;82;24;213;2
5889;2026-06-06 16:37:51+00;2026-06-06 16:38:57+00;66;26;200;2
5890;2026-06-06 16:39:01+00;2026-06-06 16:40:52+00;111;25;200;2
5891;2026-06-06 16:40:22+00;2026-06-06 16:58:22+00;1080;125;210;19
5892;2026-06-06 16:52:16+00;2026-06-06 16:54:16+00;120;24;214;2
5893;2026-06-06 16:52:49+00;2026-06-06 17:37:49+00;2700;106;208;14
5894;2026-06-06 16:58:26+00;2026-06-06 17:00:01+00;95;26;221;2
5895;2026-06-06 17:01:03+00;2026-06-06 17:02:59+00;116;30;202;2
5896;2026-06-06 17:03:44+00;2026-06-06 18:15:44+00;4320;44;216;19
5897;2026-06-06 17:04:31+00;2026-06-06 17:25:31+00;1260;112;204;14
5898;2026-06-06 17:15:55+00;2026-06-06 17:17:39+00;104;24;206;2
5899;2026-06-06 17:16:17+00;2026-06-06 17:17:25+00;68;27;205;2
5900;2026-06-06 17:19:47+00;2026-06-06 18:43:47+00;5040;106;205;19
5901;2026-06-06 17:20:29+00;2026-06-06 18:26:29+00;3960;125;223;13
5902;2026-06-06 17:29:05+00;2026-06-06 17:31:00+00;115;17;211;2
5903;2026-06-06 17:39:19+00;2026-06-06 17:41:07+00;108;27;201;2
5904;2026-06-06 17:39:40+00;2026-06-06 17:41:10+00;90;13;214;2
5905;2026-06-06 17:42:25+00;2026-06-06 18:50:25+00;4080;115;214;13
5906;2026-06-06 17:43:47+00;2026-06-06 17:44:55+00;68;15;206;2
5907;2026-06-06 17:47:46+00;2026-06-06 18:30:46+00;2580;106;201;19
5908;2026-06-06 17:52:18+00;2026-06-06 17:53:31+00;73;18;216;2
5909;2026-06-06 17:58:33+00;2026-06-06 17:59:47+00;74;23;209;2
5910;2026-06-06 18:00:29+00;2026-06-06 18:01:14+00;45;21;223;2
5911;2026-06-06 18:01:14+00;2026-06-06 18:59:14+00;3480;92;205;19
5912;2026-06-06 18:03:46+00;2026-06-06 18:04:30+00;44;20;204;2
5913;2026-06-06 18:04:42+00;2026-06-06 18:33:42+00;1740;38;222;14
5914;2026-06-06 18:05:32+00;2026-06-06 18:06:27+00;55;20;204;2
5915;2026-06-06 18:10:50+00;2026-06-06 18:12:09+00;79;24;216;2
5916;2026-06-06 18:14:40+00;2026-06-06 18:15:25+00;45;20;219;2
5917;2026-06-06 18:15:27+00;2026-06-06 18:16:11+00;44;29;208;2
5918;2026-06-06 18:18:31+00;2026-06-06 19:16:31+00;3480;130;201;19
5919;2026-06-06 18:19:08+00;2026-06-06 18:20:38+00;90;15;221;2
5920;2026-06-06 18:22:43+00;2026-06-06 18:51:43+00;1740;78;222;14
5921;2026-06-06 18:23:15+00;2026-06-06 18:24:13+00;58;29;202;2
5922;2026-06-06 18:24:24+00;2026-06-06 18:40:24+00;960;18;213;14
5923;2026-06-06 18:35:06+00;2026-06-06 19:17:06+00;2520;34;221;13
5924;2026-06-06 18:48:52+00;2026-06-06 20:09:52+00;4860;44;214;14
5925;2026-06-06 18:52:03+00;2026-06-06 20:15:03+00;4980;90;206;13
5926;2026-06-06 18:59:10+00;2026-06-06 19:01:07+00;117;15;210;2
5927;2026-06-06 19:04:18+00;2026-06-06 19:05:11+00;53;30;207;2
5928;2026-06-06 19:05:03+00;2026-06-06 19:06:21+00;78;20;206;2
5929;2026-06-06 19:08:24+00;2026-06-06 19:10:19+00;115;20;208;2
5930;2026-06-06 19:09:18+00;2026-06-06 20:22:18+00;4380;20;217;14
5931;2026-06-06 19:11:58+00;2026-06-06 19:13:52+00;114;26;208;2
5932;2026-06-06 19:13:50+00;2026-06-06 19:15:02+00;72;15;205;2
5933;2026-06-06 19:19:36+00;2026-06-06 19:21:00+00;84;18;218;2
5934;2026-06-06 19:22:23+00;2026-06-06 20:00:23+00;2280;87;212;14
5935;2026-06-06 19:26:32+00;2026-06-06 19:27:49+00;77;21;222;2
5936;2026-06-06 19:33:08+00;2026-06-06 19:34:49+00;101;28;221;2
5937;2026-06-06 19:33:31+00;2026-06-06 19:34:35+00;64;14;211;2
5938;2026-06-06 19:33:47+00;2026-06-06 19:35:06+00;79;27;220;2
5939;2026-06-06 19:34:24+00;2026-06-06 19:35:09+00;45;10;212;2
5940;2026-06-06 19:45:36+00;2026-06-06 21:05:36+00;4800;31;203;19
5941;2026-06-06 19:46:52+00;2026-06-06 19:47:53+00;61;17;219;2
5942;2026-06-06 19:49:50+00;2026-06-06 20:04:50+00;900;14;211;13
5943;2026-06-06 19:50:53+00;2026-06-06 19:51:42+00;49;25;217;2
5944;2026-06-06 20:09:25+00;2026-06-06 20:11:09+00;104;12;206;2
5945;2026-06-06 20:11:07+00;2026-06-06 20:11:57+00;50;10;213;2
5946;2026-06-06 20:16:30+00;2026-06-06 21:08:30+00;3120;135;207;19
5947;2026-06-06 20:17:16+00;2026-06-06 20:18:13+00;57;19;212;2
5948;2026-06-06 20:22:08+00;2026-06-06 20:37:08+00;900;80;211;19
5949;2026-06-06 20:22:44+00;2026-06-06 21:00:44+00;2280;54;216;13
5950;2026-06-06 20:33:35+00;2026-06-06 20:34:26+00;51;29;211;2
5951;2026-06-06 20:40:13+00;2026-06-06 21:46:13+00;3960;129;205;13
5952;2026-06-06 20:40:49+00;2026-06-06 21:14:49+00;2040;123;207;13
5953;2026-06-06 20:42:22+00;2026-06-06 22:10:22+00;5280;43;203;19
5954;2026-06-06 20:43:06+00;2026-06-06 20:44:33+00;87;13;211;2
5955;2026-06-06 20:45:29+00;2026-06-06 20:46:11+00;42;30;204;2
5956;2026-06-06 20:45:34+00;2026-06-06 21:46:34+00;3660;17;219;13
5957;2026-06-06 20:47:55+00;2026-06-06 20:49:17+00;82;29;204;2
5958;2026-06-06 20:48:02+00;2026-06-06 21:43:02+00;3300;68;223;14
5959;2026-06-06 20:56:06+00;2026-06-06 21:50:06+00;3240;95;202;14
5960;2026-06-06 20:58:15+00;2026-06-06 21:47:15+00;2940;75;223;14
5961;2026-06-06 21:01:06+00;2026-06-06 21:02:50+00;104;17;212;2
5962;2026-06-06 21:03:32+00;2026-06-06 21:46:32+00;2580;24;210;14
5963;2026-06-06 21:07:23+00;2026-06-06 21:33:23+00;1560;40;218;19
5964;2026-06-06 21:08:22+00;2026-06-06 21:09:47+00;85;29;218;2
5965;2026-06-06 21:18:10+00;2026-06-06 22:21:10+00;3780;82;210;19
5966;2026-06-06 21:27:03+00;2026-06-06 21:28:10+00;67;26;207;2
5967;2026-06-06 21:35:36+00;2026-06-06 21:51:36+00;960;130;222;14
5968;2026-06-06 21:35:49+00;2026-06-06 22:17:49+00;2520;76;216;14
5969;2026-06-06 21:39:26+00;2026-06-06 21:41:22+00;116;13;210;2
5970;2026-06-06 21:42:20+00;2026-06-06 21:43:05+00;45;12;207;2
5971;2026-06-06 21:45:29+00;2026-06-06 21:47:24+00;115;20;201;2
5972;2026-06-06 21:54:40+00;2026-06-06 21:56:12+00;92;19;221;2
5973;2026-06-06 22:03:25+00;2026-06-06 22:04:45+00;80;22;217;2
5974;2026-06-06 22:06:15+00;2026-06-06 22:08:10+00;115;27;222;2
5975;2026-06-06 22:11:46+00;2026-06-06 22:12:52+00;66;11;213;2
5976;2026-06-06 22:22:23+00;2026-06-06 23:16:23+00;3240;107;200;14
5977;2026-06-06 22:27:46+00;2026-06-06 22:29:29+00;103;26;213;2
5978;2026-06-06 22:28:51+00;2026-06-06 22:49:51+00;1260;133;205;14
5979;2026-06-06 22:30:54+00;2026-06-06 23:03:54+00;1980;67;206;19
5980;2026-06-06 22:31:28+00;2026-06-06 22:32:23+00;55;14;203;2
5981;2026-06-06 22:41:24+00;2026-06-06 22:42:51+00;87;30;218;2
5982;2026-06-06 22:46:31+00;2026-06-06 23:06:31+00;1200;10;209;19
5983;2026-06-06 22:47:39+00;2026-06-06 23:03:39+00;960;73;222;19
5984;2026-06-06 22:47:41+00;2026-06-06 23:49:41+00;3720;71;209;13
5985;2026-06-06 23:06:21+00;2026-06-07 00:17:21+00;4260;105;207;14
5986;2026-06-06 23:08:37+00;2026-06-07 00:38:37+00;5400;26;220;14
5987;2026-06-06 23:12:19+00;2026-06-07 00:03:19+00;3060;68;218;19
5988;2026-06-06 23:24:07+00;2026-06-07 00:46:07+00;4920;60;218;13
5989;2026-06-06 23:25:00+00;2026-06-06 23:44:00+00;1140;125;201;19
5990;2026-06-06 23:25:13+00;2026-06-06 23:58:13+00;1980;145;210;19
5991;2026-06-06 23:25:27+00;2026-06-06 23:26:15+00;48;23;200;2
5992;2026-06-06 23:25:56+00;2026-06-06 23:52:56+00;1620;47;202;14
5993;2026-06-06 23:27:12+00;2026-06-06 23:28:33+00;81;18;203;2
5994;2026-06-06 23:40:47+00;2026-06-06 23:57:47+00;1020;72;220;14
5995;2026-06-06 23:45:15+00;2026-06-06 23:46:32+00;77;12;206;2
5996;2026-06-06 23:46:24+00;2026-06-07 00:43:24+00;3420;65;219;13
5997;2026-06-06 23:53:52+00;2026-06-06 23:54:46+00;54;25;219;2
5998;2026-06-07 00:01:41+00;2026-06-07 00:02:54+00;73;11;217;2
5999;2026-06-07 00:02:43+00;2026-06-07 00:04:33+00;110;18;204;2
6000;2026-06-07 00:25:18+00;2026-06-07 00:27:01+00;103;11;220;2
6001;2026-06-07 00:45:39+00;2026-06-07 00:47:09+00;90;27;207;2
6002;2026-06-07 06:02:24+00;2026-06-07 06:03:28+00;64;17;206;2
6003;2026-06-07 06:23:08+00;2026-06-07 06:24:16+00;68;16;219;2
6004;2026-06-07 06:36:45+00;2026-06-07 06:38:05+00;80;24;220;2
6005;2026-06-07 06:48:49+00;2026-06-07 06:50:49+00;120;23;207;2
6006;2026-06-07 06:52:23+00;2026-06-07 06:53:53+00;90;12;219;2
6007;2026-06-07 06:53:55+00;2026-06-07 06:55:40+00;105;24;222;2
6008;2026-06-07 07:10:27+00;2026-06-07 08:00:27+00;3000;107;207;14
6009;2026-06-07 07:17:03+00;2026-06-07 07:18:37+00;94;29;211;2
6010;2026-06-07 07:17:28+00;2026-06-07 07:19:04+00;96;15;202;2
6011;2026-06-07 07:20:43+00;2026-06-07 07:21:51+00;68;30;218;2
6012;2026-06-07 07:28:07+00;2026-06-07 08:55:07+00;5220;36;210;19
6013;2026-06-07 07:33:35+00;2026-06-07 07:35:05+00;90;22;204;2
6014;2026-06-07 07:37:36+00;2026-06-07 08:01:36+00;1440;37;219;13
6015;2026-06-07 07:38:43+00;2026-06-07 08:32:43+00;3240;113;205;14
6016;2026-06-07 07:39:43+00;2026-06-07 08:06:43+00;1620;9;209;3
6017;2026-06-07 07:42:26+00;2026-06-07 07:44:18+00;112;29;205;2
6018;2026-06-07 07:49:18+00;2026-06-07 07:50:01+00;43;29;206;2
6019;2026-06-07 07:53:20+00;2026-06-07 07:54:40+00;80;19;214;2
6020;2026-06-07 07:57:32+00;2026-06-07 09:19:32+00;4920;105;209;13
6021;2026-06-07 07:58:24+00;2026-06-07 08:51:24+00;3180;49;223;13
6022;2026-06-07 08:03:54+00;2026-06-07 08:05:51+00;117;29;201;2
6023;2026-06-07 08:07:08+00;2026-06-07 08:39:08+00;1920;71;221;19
6024;2026-06-07 08:10:07+00;2026-06-07 08:10:48+00;41;16;206;2
6025;2026-06-07 08:15:56+00;2026-06-07 08:17:47+00;111;30;204;2
6026;2026-06-07 08:21:43+00;2026-06-07 08:22:34+00;51;16;200;2
6027;2026-06-07 08:22:53+00;2026-06-07 08:23:59+00;66;10;222;2
6028;2026-06-07 08:24:05+00;2026-06-07 09:00:05+00;2160;99;206;19
6029;2026-06-07 08:29:13+00;2026-06-07 09:04:13+00;2100;111;200;13
6030;2026-06-07 08:33:08+00;2026-06-07 08:34:43+00;95;12;208;2
6031;2026-06-07 08:39:35+00;2026-06-07 09:27:35+00;2880;110;221;14
6032;2026-06-07 08:46:48+00;2026-06-07 09:08:48+00;1320;49;201;19
6033;2026-06-07 08:47:58+00;2026-06-07 09:08:58+00;1260;92;204;13
6034;2026-06-07 08:48:21+00;2026-06-07 09:19:21+00;1860;6;213;3
6035;2026-06-07 08:48:54+00;2026-06-07 09:49:54+00;3660;96;211;13
6036;2026-06-07 08:49:01+00;2026-06-07 09:35:01+00;2760;66;205;19
6037;2026-06-07 08:51:16+00;2026-06-07 08:52:13+00;57;20;210;2
6038;2026-06-07 08:51:20+00;2026-06-07 08:52:30+00;70;24;210;2
6039;2026-06-07 09:06:46+00;2026-06-07 09:08:12+00;86;12;204;2
6040;2026-06-07 09:08:35+00;2026-06-07 09:10:25+00;110;18;223;2
6041;2026-06-07 09:12:52+00;2026-06-07 09:13:42+00;50;17;213;2
6042;2026-06-07 09:19:42+00;2026-06-07 09:20:32+00;50;30;205;2
6043;2026-06-07 09:21:28+00;2026-06-07 09:22:59+00;91;22;205;2
6044;2026-06-07 09:25:22+00;2026-06-07 10:47:22+00;4920;45;215;14
6045;2026-06-07 09:28:33+00;2026-06-07 09:30:28+00;115;23;213;2
6046;2026-06-07 09:29:58+00;2026-06-07 09:31:10+00;72;21;210;2
6047;2026-06-07 09:30:06+00;2026-06-07 09:31:25+00;79;30;221;2
6048;2026-06-07 09:32:10+00;2026-06-07 09:33:21+00;71;30;212;2
6049;2026-06-07 09:36:18+00;2026-06-07 09:37:10+00;52;22;220;2
6050;2026-06-07 09:45:05+00;2026-06-07 09:46:31+00;86;27;209;2
6051;2026-06-07 09:45:29+00;2026-06-07 09:46:48+00;79;23;204;2
6052;2026-06-07 09:46:24+00;2026-06-07 10:18:24+00;1920;127;211;13
6053;2026-06-07 09:54:54+00;2026-06-07 09:55:40+00;46;24;215;2
6054;2026-06-07 10:08:57+00;2026-06-07 10:10:07+00;70;14;222;2
6055;2026-06-07 10:15:28+00;2026-06-07 10:46:28+00;1860;9;218;3
6056;2026-06-07 10:17:12+00;2026-06-07 10:48:12+00;1860;10;204;3
6057;2026-06-07 10:18:00+00;2026-06-07 10:19:35+00;95;24;215;2
6058;2026-06-07 10:23:38+00;2026-06-07 10:24:43+00;65;30;217;2
6059;2026-06-07 10:33:39+00;2026-06-07 10:35:11+00;92;12;200;2
6060;2026-06-07 10:37:12+00;2026-06-07 11:18:12+00;2460;133;215;13
6061;2026-06-07 10:39:55+00;2026-06-07 10:41:44+00;109;19;201;2
6062;2026-06-07 10:44:52+00;2026-06-07 11:17:52+00;1980;10;202;3
6063;2026-06-07 10:46:03+00;2026-06-07 11:40:03+00;3240;58;212;14
6064;2026-06-07 10:46:28+00;2026-06-07 10:47:17+00;49;12;205;2
6065;2026-06-07 10:47:48+00;2026-06-07 12:06:48+00;4740;27;200;13
6066;2026-06-07 10:53:10+00;2026-06-07 10:54:26+00;76;29;216;2
6067;2026-06-07 10:58:10+00;2026-06-07 11:51:10+00;3180;18;216;13
6068;2026-06-07 10:58:34+00;2026-06-07 11:47:34+00;2940;73;213;14
6069;2026-06-07 11:11:56+00;2026-06-07 11:13:01+00;65;10;207;2
6070;2026-06-07 11:12:36+00;2026-06-07 12:13:36+00;3660;104;213;13
6071;2026-06-07 11:13:09+00;2026-06-07 12:07:09+00;3240;94;212;14
6072;2026-06-07 11:13:36+00;2026-06-07 11:14:41+00;65;14;217;2
6073;2026-06-07 11:14:22+00;2026-06-07 12:04:22+00;3000;14;207;14
6074;2026-06-07 11:18:33+00;2026-06-07 11:19:57+00;84;27;205;2
6075;2026-06-07 11:19:42+00;2026-06-07 11:20:25+00;43;12;219;2
6076;2026-06-07 11:22:52+00;2026-06-07 11:23:51+00;59;11;216;2
6077;2026-06-07 11:25:35+00;2026-06-07 11:49:35+00;1440;5;212;3
6078;2026-06-07 11:29:51+00;2026-06-07 11:31:47+00;116;12;201;2
6079;2026-06-07 11:36:08+00;2026-06-07 12:16:08+00;2400;57;216;19
6080;2026-06-07 11:39:04+00;2026-06-07 11:40:31+00;87;16;204;2
6081;2026-06-07 11:41:12+00;2026-06-07 12:13:12+00;1920;9;215;3
6082;2026-06-07 12:00:21+00;2026-06-07 12:44:21+00;2640;49;217;13
6083;2026-06-07 12:00:50+00;2026-06-07 12:02:43+00;113;30;202;2
6084;2026-06-07 12:03:53+00;2026-06-07 12:04:48+00;55;28;220;2
6085;2026-06-07 12:05:19+00;2026-06-07 12:06:34+00;75;29;221;2
6086;2026-06-07 12:06:29+00;2026-06-07 12:43:29+00;2220;96;206;14
6087;2026-06-07 12:08:04+00;2026-06-07 12:09:39+00;95;25;201;2
6088;2026-06-07 12:08:15+00;2026-06-07 12:09:07+00;52;22;218;2
6089;2026-06-07 12:15:03+00;2026-06-07 12:16:56+00;113;25;218;2
6090;2026-06-07 12:17:54+00;2026-06-07 12:18:57+00;63;12;223;2
6091;2026-06-07 12:26:55+00;2026-06-07 13:27:55+00;3660;143;211;14
6092;2026-06-07 12:29:08+00;2026-06-07 13:39:08+00;4200;130;214;14
6093;2026-06-07 12:30:56+00;2026-06-07 13:51:56+00;4860;87;208;13
6094;2026-06-07 12:33:24+00;2026-06-07 13:57:24+00;5040;72;223;19
6095;2026-06-07 12:38:02+00;2026-06-07 12:38:56+00;54;15;207;2
6096;2026-06-07 12:40:35+00;2026-06-07 13:48:35+00;4080;150;209;19
6097;2026-06-07 12:40:52+00;2026-06-07 13:13:52+00;1980;56;218;13
6098;2026-06-07 12:44:01+00;2026-06-07 12:45:37+00;96;15;221;2
6099;2026-06-07 12:44:52+00;2026-06-07 12:46:37+00;105;20;215;2
6100;2026-06-07 12:45:40+00;2026-06-07 12:47:05+00;85;27;218;2
6101;2026-06-07 12:47:16+00;2026-06-07 13:29:16+00;2520;15;200;13
6102;2026-06-07 12:47:51+00;2026-06-07 12:49:46+00;115;15;214;2
6103;2026-06-07 12:53:12+00;2026-06-07 14:09:12+00;4560;129;223;19
6104;2026-06-07 12:58:13+00;2026-06-07 13:23:13+00;1500;9;222;3
6105;2026-06-07 13:03:08+00;2026-06-07 14:12:08+00;4140;17;217;19
6106;2026-06-07 13:12:15+00;2026-06-07 13:57:15+00;2700;22;209;13
6107;2026-06-07 13:17:29+00;2026-06-07 14:22:29+00;3900;102;203;13
6108;2026-06-07 13:21:51+00;2026-06-07 14:10:51+00;2940;90;207;19
6109;2026-06-07 13:23:47+00;2026-06-07 13:24:44+00;57;27;223;2
6110;2026-06-07 13:36:12+00;2026-06-07 14:54:12+00;4680;98;216;19
6111;2026-06-07 13:38:48+00;2026-06-07 13:39:47+00;59;28;210;2
6112;2026-06-07 13:40:36+00;2026-06-07 13:42:08+00;92;26;205;2
6113;2026-06-07 13:40:38+00;2026-06-07 14:52:38+00;4320;143;209;13
6114;2026-06-07 13:42:54+00;2026-06-07 14:07:54+00;1500;58;218;13
6115;2026-06-07 13:46:04+00;2026-06-07 13:47:56+00;112;13;214;2
6116;2026-06-07 13:50:54+00;2026-06-07 15:06:54+00;4560;120;209;19
6117;2026-06-07 13:55:25+00;2026-06-07 14:16:25+00;1260;43;218;14
6118;2026-06-07 14:03:31+00;2026-06-07 14:04:53+00;82;20;221;2
6119;2026-06-07 14:03:38+00;2026-06-07 14:04:34+00;56;28;214;2
6120;2026-06-07 14:06:15+00;2026-06-07 14:07:32+00;77;25;220;2
6121;2026-06-07 14:06:18+00;2026-06-07 14:07:34+00;76;30;203;2
6122;2026-06-07 14:11:18+00;2026-06-07 14:13:09+00;111;22;201;2
6123;2026-06-07 14:12:51+00;2026-06-07 15:23:51+00;4260;35;214;13
6124;2026-06-07 14:13:18+00;2026-06-07 14:56:18+00;2580;24;219;19
6125;2026-06-07 14:15:27+00;2026-06-07 14:16:47+00;80;10;202;2
6126;2026-06-07 14:23:51+00;2026-06-07 14:54:51+00;1860;61;204;13
6127;2026-06-07 14:33:51+00;2026-06-07 15:49:51+00;4560;106;223;14
6128;2026-06-07 14:42:06+00;2026-06-07 15:08:06+00;1560;53;203;19
6129;2026-06-07 14:43:46+00;2026-06-07 14:44:35+00;49;10;214;2
6130;2026-06-07 14:47:09+00;2026-06-07 14:48:35+00;86;17;203;2
6131;2026-06-07 14:49:21+00;2026-06-07 16:14:21+00;5100;82;216;13
6132;2026-06-07 14:51:22+00;2026-06-07 14:52:15+00;53;14;210;2
6133;2026-06-07 14:52:50+00;2026-06-07 14:53:38+00;48;18;209;2
6134;2026-06-07 15:00:04+00;2026-06-07 15:01:29+00;85;25;209;2
6135;2026-06-07 15:00:20+00;2026-06-07 15:55:20+00;3300;134;212;14
6136;2026-06-07 15:02:52+00;2026-06-07 15:46:52+00;2640;97;201;13
6137;2026-06-07 15:03:17+00;2026-06-07 15:04:38+00;81;26;217;2
6138;2026-06-07 15:15:23+00;2026-06-07 15:31:23+00;960;9;220;1
6139;2026-06-07 15:17:28+00;2026-06-07 15:18:08+00;40;19;212;2
6140;2026-06-07 15:18:48+00;2026-06-07 15:20:40+00;112;10;223;2
6141;2026-06-07 15:23:24+00;2026-06-07 15:24:41+00;77;26;202;2
6142;2026-06-07 15:23:46+00;2026-06-07 16:02:46+00;2340;44;216;13
6143;2026-06-07 15:24:38+00;2026-06-07 15:26:10+00;92;29;215;2
6144;2026-06-07 15:33:27+00;2026-06-07 15:35:17+00;110;10;221;2
6145;2026-06-07 15:34:56+00;2026-06-07 15:36:33+00;97;19;208;2
6146;2026-06-07 15:36:03+00;2026-06-07 15:37:30+00;87;26;200;2
6147;2026-06-07 15:36:06+00;2026-06-07 15:59:06+00;1380;91;213;14
6148;2026-06-07 15:39:02+00;2026-06-07 16:38:02+00;3540;45;221;13
6149;2026-06-07 15:46:29+00;2026-06-07 17:02:29+00;4560;137;220;13
6150;2026-06-07 15:49:01+00;2026-06-07 16:10:01+00;1260;70;215;19
6151;2026-06-07 15:54:29+00;2026-06-07 16:47:29+00;3180;150;214;14
6152;2026-06-07 16:07:29+00;2026-06-07 16:58:29+00;3060;71;219;19
6153;2026-06-07 16:21:23+00;2026-06-07 16:22:43+00;80;11;220;2
6154;2026-06-07 16:22:57+00;2026-06-07 16:41:57+00;1140;88;200;14
6155;2026-06-07 16:26:45+00;2026-06-07 16:27:29+00;44;26;208;2
6156;2026-06-07 16:28:42+00;2026-06-07 17:11:42+00;2580;15;203;13
6157;2026-06-07 16:37:38+00;2026-06-07 16:38:34+00;56;21;208;2
6158;2026-06-07 16:38:25+00;2026-06-07 16:58:25+00;1200;63;210;19
6159;2026-06-07 16:48:20+00;2026-06-07 17:56:20+00;4080;53;212;13
6160;2026-06-07 16:48:59+00;2026-06-07 16:50:27+00;88;27;217;2
6161;2026-06-07 16:59:23+00;2026-06-07 17:00:40+00;77;15;213;2
6162;2026-06-07 17:14:25+00;2026-06-07 17:59:25+00;2700;81;210;19
6163;2026-06-07 17:15:52+00;2026-06-07 17:16:36+00;44;25;207;2
6164;2026-06-07 17:18:45+00;2026-06-07 17:20:33+00;108;14;202;2
6165;2026-06-07 17:26:21+00;2026-06-07 18:38:21+00;4320;32;221;13
6166;2026-06-07 17:29:57+00;2026-06-07 18:59:57+00;5400;62;202;13
6167;2026-06-07 17:31:59+00;2026-06-07 17:33:07+00;68;30;209;2
6168;2026-06-07 17:37:02+00;2026-06-07 17:37:56+00;54;17;218;2
6169;2026-06-07 18:04:05+00;2026-06-07 18:20:05+00;960;39;201;14
6170;2026-06-07 18:04:09+00;2026-06-07 18:42:09+00;2280;85;201;13
6171;2026-06-07 18:09:04+00;2026-06-07 18:10:08+00;64;10;212;2
6172;2026-06-07 18:15:31+00;2026-06-07 18:16:26+00;55;30;212;2
6173;2026-06-07 18:15:53+00;2026-06-07 18:16:43+00;50;20;201;2
6174;2026-06-07 18:15:53+00;2026-06-07 19:13:53+00;3480;141;202;13
6175;2026-06-07 18:16:46+00;2026-06-07 18:17:38+00;52;14;209;2
6176;2026-06-07 18:16:46+00;2026-06-07 18:17:35+00;49;29;223;2
6177;2026-06-07 18:25:38+00;2026-06-07 19:39:38+00;4440;50;222;19
6178;2026-06-07 18:27:08+00;2026-06-07 19:09:08+00;2520;91;219;14
6179;2026-06-07 18:30:46+00;2026-06-07 18:31:26+00;40;15;220;2
6180;2026-06-07 18:31:32+00;2026-06-07 18:32:17+00;45;13;204;2
6181;2026-06-07 18:43:33+00;2026-06-07 18:45:00+00;87;14;200;2
6182;2026-06-07 18:44:32+00;2026-06-07 19:35:32+00;3060;88;215;14
6183;2026-06-07 18:48:02+00;2026-06-07 19:26:02+00;2280;34;217;19
6184;2026-06-07 18:55:05+00;2026-06-07 18:56:50+00;105;30;216;2
6185;2026-06-07 18:59:20+00;2026-06-07 19:00:03+00;43;21;219;2
6186;2026-06-07 18:59:39+00;2026-06-07 19:00:52+00;73;10;219;2
6187;2026-06-07 19:09:28+00;2026-06-07 19:26:28+00;1020;112;219;13
6188;2026-06-07 19:18:50+00;2026-06-07 20:19:50+00;3660;136;214;13
6189;2026-06-07 19:25:32+00;2026-06-07 19:26:30+00;58;26;211;2
6190;2026-06-07 19:28:10+00;2026-06-07 19:28:53+00;43;22;222;2
6191;2026-06-07 19:28:38+00;2026-06-07 19:56:38+00;1680;58;206;19
6192;2026-06-07 19:32:38+00;2026-06-07 19:34:03+00;85;27;220;2
6193;2026-06-07 19:40:38+00;2026-06-07 19:41:56+00;78;19;218;2
6194;2026-06-07 19:43:02+00;2026-06-07 20:54:02+00;4260;23;220;19
6195;2026-06-07 20:00:51+00;2026-06-07 20:25:51+00;1500;21;208;19
6196;2026-06-07 20:14:26+00;2026-06-07 20:15:48+00;82;13;215;2
6197;2026-06-07 20:15:49+00;2026-06-07 21:31:49+00;4560;11;205;19
6198;2026-06-07 20:48:43+00;2026-06-07 22:14:43+00;5160;79;201;19
6199;2026-06-07 20:52:23+00;2026-06-07 20:53:38+00;75;10;210;2
6200;2026-06-07 20:56:58+00;2026-06-07 20:58:45+00;107;16;214;2
6201;2026-06-07 20:57:55+00;2026-06-07 21:21:55+00;1440;106;214;19
6202;2026-06-07 20:58:16+00;2026-06-07 22:22:16+00;5040;67;216;14
6203;2026-06-07 21:00:31+00;2026-06-07 22:06:31+00;3960;131;200;19
6204;2026-06-07 21:02:29+00;2026-06-07 21:04:03+00;94;19;211;2
6205;2026-06-07 21:02:41+00;2026-06-07 21:52:41+00;3000;25;222;13
6206;2026-06-07 21:10:20+00;2026-06-07 21:11:42+00;82;25;208;2
6207;2026-06-07 21:13:33+00;2026-06-07 22:15:33+00;3720;145;218;19
6208;2026-06-07 21:21:24+00;2026-06-07 22:46:24+00;5100;68;209;13
6209;2026-06-07 21:22:39+00;2026-06-07 21:24:23+00;104;25;219;2
6210;2026-06-07 21:29:34+00;2026-06-07 22:29:34+00;3600;94;208;13
6211;2026-06-07 21:29:40+00;2026-06-07 21:31:22+00;102;14;218;2
6212;2026-06-07 21:40:18+00;2026-06-07 21:42:10+00;112;19;216;2
6213;2026-06-07 21:44:50+00;2026-06-07 21:46:38+00;108;27;203;2
6214;2026-06-07 21:47:41+00;2026-06-07 22:45:41+00;3480;150;201;14
6215;2026-06-07 21:54:00+00;2026-06-07 23:20:00+00;5160;31;202;13
6216;2026-06-07 21:56:40+00;2026-06-07 21:57:31+00;51;10;218;2
6217;2026-06-07 21:57:26+00;2026-06-07 23:21:26+00;5040;38;202;13
6218;2026-06-07 22:00:00+00;2026-06-07 22:01:28+00;88;23;204;2
6219;2026-06-07 22:01:04+00;2026-06-07 22:26:04+00;1500;79;206;14
6220;2026-06-07 22:01:20+00;2026-06-07 22:49:20+00;2880;12;222;13
6221;2026-06-07 22:01:26+00;2026-06-07 22:45:26+00;2640;72;213;19
6222;2026-06-07 22:02:07+00;2026-06-07 23:21:07+00;4740;27;200;14
6223;2026-06-07 22:08:37+00;2026-06-07 22:47:37+00;2340;51;219;19
6224;2026-06-07 22:09:37+00;2026-06-07 22:10:38+00;61;22;209;2
6225;2026-06-07 22:11:23+00;2026-06-07 22:56:23+00;2700;103;217;13
6226;2026-06-07 22:12:24+00;2026-06-07 23:31:24+00;4740;31;211;19
6227;2026-06-07 22:23:19+00;2026-06-07 23:31:19+00;4080;51;204;14
6228;2026-06-07 22:24:45+00;2026-06-07 23:38:45+00;4440;138;213;19
6229;2026-06-07 22:27:52+00;2026-06-07 22:28:39+00;47;18;217;2
6230;2026-06-07 22:34:15+00;2026-06-07 23:37:15+00;3780;72;206;13
6231;2026-06-07 22:35:56+00;2026-06-07 23:47:56+00;4320;113;211;13
6232;2026-06-07 22:37:12+00;2026-06-07 23:47:12+00;4200;12;213;14
6233;2026-06-07 22:41:23+00;2026-06-07 22:43:22+00;119;28;212;2
6234;2026-06-07 22:42:01+00;2026-06-07 23:21:01+00;2340;57;212;19
6235;2026-06-07 22:44:28+00;2026-06-07 22:45:11+00;43;30;222;2
6236;2026-06-07 22:50:23+00;2026-06-07 22:51:53+00;90;24;222;2
6237;2026-06-07 22:50:59+00;2026-06-07 22:52:18+00;79;15;217;2
6238;2026-06-07 22:55:53+00;2026-06-07 23:39:53+00;2640;13;204;19
6239;2026-06-07 23:06:21+00;2026-06-07 23:45:21+00;2340;86;215;14
6240;2026-06-07 23:16:35+00;2026-06-07 23:17:54+00;79;28;203;2
6241;2026-06-07 23:22:45+00;2026-06-07 23:38:45+00;960;19;204;13
6242;2026-06-07 23:30:06+00;2026-06-07 23:31:35+00;89;27;208;2
6243;2026-06-07 23:30:59+00;2026-06-07 23:32:10+00;71;12;215;2
6244;2026-06-07 23:35:43+00;2026-06-07 23:37:36+00;113;11;212;2
6245;2026-06-07 23:41:43+00;2026-06-07 23:43:15+00;92;24;202;2
6246;2026-06-07 23:41:47+00;2026-06-08 01:07:47+00;5160;64;220;13
6247;2026-06-07 23:46:45+00;2026-06-08 01:09:45+00;4980;95;223;14
6248;2026-06-07 23:49:11+00;2026-06-08 00:12:11+00;1380;125;212;13
6249;2026-06-07 23:53:22+00;2026-06-08 00:59:22+00;3960;42;218;19
6250;2026-06-08 00:14:12+00;2026-06-08 00:16:02+00;110;26;212;2
6251;2026-06-08 00:16:59+00;2026-06-08 00:17:50+00;51;10;210;2
6252;2026-06-08 00:24:38+00;2026-06-08 00:26:20+00;102;19;213;2
6253;2026-06-08 00:27:09+00;2026-06-08 00:28:28+00;79;25;215;2
6254;2026-06-08 00:34:58+00;2026-06-08 00:36:07+00;69;30;221;2
6255;2026-06-08 00:39:33+00;2026-06-08 00:41:15+00;102;15;223;2
6256;2026-06-08 00:40:27+00;2026-06-08 00:42:20+00;113;29;203;2
6257;2026-06-08 00:46:33+00;2026-06-08 00:48:25+00;112;14;211;2
6258;2026-06-08 00:50:42+00;2026-06-08 00:52:19+00;97;12;206;2
6259;2026-06-08 06:06:48+00;2026-06-08 06:59:48+00;3180;40;219;13
6260;2026-06-08 06:11:07+00;2026-06-08 06:12:11+00;64;29;213;2
6261;2026-06-08 06:23:49+00;2026-06-08 06:56:49+00;1980;69;212;14
6262;2026-06-08 06:30:48+00;2026-06-08 06:31:31+00;43;16;204;2
6263;2026-06-08 06:34:15+00;2026-06-08 06:35:43+00;88;16;220;2
6264;2026-06-08 06:39:00+00;2026-06-08 06:40:26+00;86;12;208;2
6265;2026-06-08 06:51:57+00;2026-06-08 06:52:42+00;45;20;216;2
6266;2026-06-08 07:00:39+00;2026-06-08 08:22:39+00;4920;20;210;14
6267;2026-06-08 07:07:50+00;2026-06-08 07:09:31+00;101;27;222;2
6268;2026-06-08 07:10:51+00;2026-06-08 08:26:51+00;4560;52;217;19
6269;2026-06-08 07:11:47+00;2026-06-08 07:12:53+00;66;21;209;2
6270;2026-06-08 07:15:38+00;2026-06-08 07:16:47+00;69;19;215;2
6271;2026-06-08 07:17:35+00;2026-06-08 07:36:35+00;1140;37;218;13
6272;2026-06-08 07:21:20+00;2026-06-08 07:22:29+00;69;15;206;2
6273;2026-06-08 07:30:05+00;2026-06-08 08:26:05+00;3360;77;222;13
6274;2026-06-08 07:34:46+00;2026-06-08 07:55:46+00;1260;7;217;3
6275;2026-06-08 07:37:58+00;2026-06-08 07:38:42+00;44;21;200;2
6276;2026-06-08 07:39:43+00;2026-06-08 08:06:43+00;1620;16;206;19
6277;2026-06-08 07:41:22+00;2026-06-08 08:30:22+00;2940;22;204;19
6278;2026-06-08 07:47:12+00;2026-06-08 07:48:07+00;55;19;215;2
6279;2026-06-08 07:54:39+00;2026-06-08 07:56:15+00;96;10;202;2
6280;2026-06-08 07:56:07+00;2026-06-08 08:12:07+00;960;29;220;19
6281;2026-06-08 07:57:56+00;2026-06-08 07:58:54+00;58;30;206;2
6282;2026-06-08 07:58:48+00;2026-06-08 07:59:44+00;56;30;213;2
6283;2026-06-08 08:01:14+00;2026-06-08 09:17:14+00;4560;71;210;13
6284;2026-06-08 08:06:40+00;2026-06-08 08:54:40+00;2880;67;205;13
6285;2026-06-08 08:06:56+00;2026-06-08 08:45:56+00;2340;5;222;3
6286;2026-06-08 08:07:27+00;2026-06-08 08:37:27+00;1800;7;213;3
6287;2026-06-08 08:14:57+00;2026-06-08 08:15:59+00;62;18;223;2
6288;2026-06-08 08:16:55+00;2026-06-08 08:18:16+00;81;12;205;2
6289;2026-06-08 08:18:09+00;2026-06-08 08:19:25+00;76;27;212;2
6290;2026-06-08 08:24:52+00;2026-06-08 08:26:28+00;96;19;207;2
6291;2026-06-08 08:26:35+00;2026-06-08 09:46:35+00;4800;39;217;19
6292;2026-06-08 08:31:34+00;2026-06-08 09:19:34+00;2880;142;202;14
6293;2026-06-08 08:44:12+00;2026-06-08 08:45:36+00;84;23;217;2
6294;2026-06-08 08:44:32+00;2026-06-08 09:19:32+00;2100;22;213;19
6295;2026-06-08 08:44:57+00;2026-06-08 09:36:57+00;3120;36;222;19
6296;2026-06-08 08:49:54+00;2026-06-08 10:13:54+00;5040;108;203;19
6297;2026-06-08 08:50:47+00;2026-06-08 08:51:53+00;66;27;221;2
6298;2026-06-08 08:50:50+00;2026-06-08 08:52:35+00;105;16;214;2
6299;2026-06-08 08:55:51+00;2026-06-08 08:56:31+00;40;24;222;2
6300;2026-06-08 09:07:09+00;2026-06-08 10:32:09+00;5100;106;206;19
6301;2026-06-08 09:16:07+00;2026-06-08 09:17:26+00;79;27;208;2
6302;2026-06-08 09:16:55+00;2026-06-08 09:17:59+00;64;23;209;2
6303;2026-06-08 09:20:59+00;2026-06-08 09:22:18+00;79;27;205;2
6304;2026-06-08 09:24:55+00;2026-06-08 09:26:49+00;114;25;217;2
6305;2026-06-08 09:28:07+00;2026-06-08 09:29:36+00;89;18;217;2
6306;2026-06-08 09:32:37+00;2026-06-08 10:13:37+00;2460;150;217;14
6307;2026-06-08 09:32:43+00;2026-06-08 09:34:39+00;116;24;217;2
6308;2026-06-08 09:33:56+00;2026-06-08 10:00:56+00;1620;8;214;3
6309;2026-06-08 09:35:35+00;2026-06-08 10:48:35+00;4380;107;201;13
6310;2026-06-08 09:36:22+00;2026-06-08 11:00:22+00;5040;146;220;14
6311;2026-06-08 09:38:12+00;2026-06-08 09:39:51+00;99;14;211;2
6312;2026-06-08 09:46:05+00;2026-06-08 10:58:05+00;4320;106;211;14
6313;2026-06-08 09:48:59+00;2026-06-08 11:14:59+00;5160;47;211;14
6314;2026-06-08 09:51:13+00;2026-06-08 10:26:13+00;2100;47;205;14
6315;2026-06-08 10:02:53+00;2026-06-08 10:04:08+00;75;23;203;2
6316;2026-06-08 10:08:41+00;2026-06-08 10:10:21+00;100;22;209;2
6317;2026-06-08 10:09:36+00;2026-06-08 11:25:36+00;4560;70;213;14
6318;2026-06-08 10:09:50+00;2026-06-08 10:38:50+00;1740;56;206;14
6319;2026-06-08 10:12:03+00;2026-06-08 10:13:09+00;66;27;218;2
6320;2026-06-08 10:13:28+00;2026-06-08 11:29:28+00;4560;124;213;19
6321;2026-06-08 10:26:11+00;2026-06-08 10:27:18+00;67;25;202;2
6322;2026-06-08 10:32:11+00;2026-06-08 11:24:11+00;3120;111;200;13
6323;2026-06-08 10:39:07+00;2026-06-08 11:23:07+00;2640;89;205;19
6324;2026-06-08 10:42:42+00;2026-06-08 10:44:07+00;85;11;201;2
6325;2026-06-08 10:45:19+00;2026-06-08 11:39:19+00;3240;108;218;19
6326;2026-06-08 10:52:39+00;2026-06-08 11:58:39+00;3960;11;218;14
6327;2026-06-08 10:53:48+00;2026-06-08 11:38:48+00;2700;142;202;13
6328;2026-06-08 11:00:48+00;2026-06-08 11:37:48+00;2220;134;201;19
6329;2026-06-08 11:17:00+00;2026-06-08 11:18:04+00;64;18;218;2
6330;2026-06-08 11:21:47+00;2026-06-08 12:51:47+00;5400;141;220;19
6331;2026-06-08 11:24:27+00;2026-06-08 11:26:03+00;96;28;212;2
6332;2026-06-08 11:25:03+00;2026-06-08 12:28:03+00;3780;38;206;19
6333;2026-06-08 11:29:22+00;2026-06-08 11:59:22+00;1800;21;208;14
6334;2026-06-08 11:34:58+00;2026-06-08 11:36:41+00;103;13;207;2
6335;2026-06-08 11:41:39+00;2026-06-08 11:43:15+00;96;27;200;2
6336;2026-06-08 11:45:29+00;2026-06-08 12:35:29+00;3000;56;208;14
6337;2026-06-08 11:45:40+00;2026-06-08 12:03:40+00;1080;50;210;13
6338;2026-06-08 11:46:51+00;2026-06-08 11:48:42+00;111;11;211;2
6339;2026-06-08 11:47:38+00;2026-06-08 12:33:38+00;2760;82;200;14
6340;2026-06-08 11:49:31+00;2026-06-08 11:51:16+00;105;12;204;2
6341;2026-06-08 11:50:46+00;2026-06-08 13:19:46+00;5340;29;201;13
6342;2026-06-08 11:52:15+00;2026-06-08 12:38:15+00;2760;140;221;13
6343;2026-06-08 11:52:19+00;2026-06-08 11:53:21+00;62;29;202;2
6344;2026-06-08 11:55:41+00;2026-06-08 11:57:17+00;96;27;207;2
6345;2026-06-08 11:55:43+00;2026-06-08 12:15:43+00;1200;102;223;19
6346;2026-06-08 12:00:03+00;2026-06-08 12:01:53+00;110;10;200;2
6347;2026-06-08 12:00:51+00;2026-06-08 12:01:49+00;58;26;220;2
6348;2026-06-08 12:02:11+00;2026-06-08 12:02:59+00;48;22;207;2
6349;2026-06-08 12:13:49+00;2026-06-08 12:14:37+00;48;23;203;2
6350;2026-06-08 12:22:26+00;2026-06-08 12:23:53+00;87;20;219;2
6351;2026-06-08 12:32:34+00;2026-06-08 12:33:47+00;73;14;214;2
6352;2026-06-08 12:33:04+00;2026-06-08 12:34:48+00;104;18;211;2
6353;2026-06-08 12:34:43+00;2026-06-08 12:36:33+00;110;24;210;2
6354;2026-06-08 12:37:50+00;2026-06-08 12:38:50+00;60;27;201;2
6355;2026-06-08 12:44:23+00;2026-06-08 12:45:15+00;52;23;221;2
6356;2026-06-08 12:47:45+00;2026-06-08 12:48:51+00;66;23;207;2
6357;2026-06-08 12:58:45+00;2026-06-08 12:59:30+00;45;23;213;2
6358;2026-06-08 13:00:56+00;2026-06-08 13:32:56+00;1920;75;212;14
6359;2026-06-08 13:05:17+00;2026-06-08 13:06:23+00;66;24;216;2
6360;2026-06-08 13:07:42+00;2026-06-08 13:43:42+00;2160;5;202;3
6361;2026-06-08 13:16:23+00;2026-06-08 13:45:23+00;1740;27;210;13
6362;2026-06-08 13:17:36+00;2026-06-08 14:20:36+00;3780;10;222;19
6363;2026-06-08 13:17:40+00;2026-06-08 13:19:05+00;85;20;223;2
6364;2026-06-08 13:22:47+00;2026-06-08 13:23:32+00;45;17;221;2
6365;2026-06-08 13:23:30+00;2026-06-08 14:37:30+00;4440;27;219;13
6366;2026-06-08 13:27:26+00;2026-06-08 14:22:26+00;3300;57;200;14
6367;2026-06-08 13:27:34+00;2026-06-08 13:55:34+00;1680;10;219;3
6368;2026-06-08 13:38:35+00;2026-06-08 13:40:16+00;101;27;204;2
6369;2026-06-08 13:38:42+00;2026-06-08 13:39:53+00;71;11;219;2
6370;2026-06-08 13:52:41+00;2026-06-08 13:54:34+00;113;17;200;2
6371;2026-06-08 14:03:26+00;2026-06-08 14:04:44+00;78;13;221;2
6372;2026-06-08 14:06:37+00;2026-06-08 14:08:17+00;100;24;209;2
6373;2026-06-08 14:11:33+00;2026-06-08 14:32:33+00;1260;101;209;14
6374;2026-06-08 14:12:47+00;2026-06-08 14:14:00+00;73;22;215;2
6375;2026-06-08 14:15:38+00;2026-06-08 14:16:48+00;70;28;219;2
6376;2026-06-08 14:24:05+00;2026-06-08 14:57:05+00;1980;5;209;3
6377;2026-06-08 14:37:12+00;2026-06-08 15:19:12+00;2520;105;221;13
6378;2026-06-08 14:42:15+00;2026-06-08 15:46:15+00;3840;144;202;19
6379;2026-06-08 14:47:46+00;2026-06-08 15:19:46+00;1920;65;203;13
6380;2026-06-08 14:50:31+00;2026-06-08 15:47:31+00;3420;49;204;19
6381;2026-06-08 14:58:52+00;2026-06-08 15:24:52+00;1560;8;210;3
6382;2026-06-08 14:59:55+00;2026-06-08 15:01:19+00;84;15;215;2
6383;2026-06-08 15:02:24+00;2026-06-08 15:31:24+00;1740;10;201;3
6384;2026-06-08 15:03:01+00;2026-06-08 15:29:01+00;1560;93;216;14
6385;2026-06-08 15:09:16+00;2026-06-08 15:34:16+00;1500;89;203;19
6386;2026-06-08 15:12:03+00;2026-06-08 16:14:03+00;3720;136;221;14
6387;2026-06-08 15:15:25+00;2026-06-08 15:16:37+00;72;22;205;2
6388;2026-06-08 15:21:51+00;2026-06-08 16:18:51+00;3420;28;215;13
6389;2026-06-08 15:22:45+00;2026-06-08 15:50:45+00;1680;132;214;13
6390;2026-06-08 15:34:53+00;2026-06-08 16:31:53+00;3420;64;208;13
6391;2026-06-08 15:36:31+00;2026-06-08 16:19:31+00;2580;125;221;19
6392;2026-06-08 15:47:52+00;2026-06-08 16:48:52+00;3660;111;222;14
6393;2026-06-08 15:48:20+00;2026-06-08 15:49:24+00;64;19;213;2
6394;2026-06-08 15:49:30+00;2026-06-08 15:50:27+00;57;29;203;2
6395;2026-06-08 15:56:03+00;2026-06-08 15:57:29+00;86;10;212;2
6396;2026-06-08 15:56:59+00;2026-06-08 15:58:39+00;100;30;211;2
6397;2026-06-08 15:59:50+00;2026-06-08 16:01:07+00;77;10;222;2
6398;2026-06-08 16:03:21+00;2026-06-08 16:04:26+00;65;20;211;2
6399;2026-06-08 16:03:39+00;2026-06-08 16:05:22+00;103;21;215;2
6400;2026-06-08 16:06:02+00;2026-06-08 16:07:35+00;93;15;202;2
6401;2026-06-08 16:11:07+00;2026-06-08 16:12:49+00;102;15;201;2
6402;2026-06-08 16:12:57+00;2026-06-08 16:55:57+00;2580;24;201;14
6403;2026-06-08 16:14:39+00;2026-06-08 16:15:23+00;44;20;204;2
6404;2026-06-08 16:21:57+00;2026-06-08 17:05:57+00;2640;86;221;19
6405;2026-06-08 16:31:36+00;2026-06-08 16:32:38+00;62;17;206;2
6406;2026-06-08 16:33:41+00;2026-06-08 16:34:38+00;57;18;204;2
6407;2026-06-08 16:38:32+00;2026-06-08 18:01:32+00;4980;87;216;14
6408;2026-06-08 16:39:23+00;2026-06-08 17:43:23+00;3840;129;208;13
6409;2026-06-08 16:44:54+00;2026-06-08 18:12:54+00;5280;94;204;13
6410;2026-06-08 16:51:09+00;2026-06-08 16:52:38+00;89;14;207;2
6411;2026-06-08 16:52:24+00;2026-06-08 16:53:42+00;78;17;210;2
6412;2026-06-08 16:54:43+00;2026-06-08 17:21:43+00;1620;142;203;19
6413;2026-06-08 17:00:45+00;2026-06-08 17:01:36+00;51;12;217;2
6414;2026-06-08 17:00:47+00;2026-06-08 17:01:38+00;51;13;215;2
6415;2026-06-08 17:01:17+00;2026-06-08 17:28:17+00;1620;97;216;19
6416;2026-06-08 17:05:51+00;2026-06-08 17:07:00+00;69;22;202;2
6417;2026-06-08 17:05:54+00;2026-06-08 17:07:54+00;120;13;217;2
6418;2026-06-08 17:06:49+00;2026-06-08 17:08:08+00;79;11;208;2
6419;2026-06-08 17:07:21+00;2026-06-08 18:05:21+00;3480;143;215;14
6420;2026-06-08 17:11:03+00;2026-06-08 17:12:49+00;106;24;218;2
6421;2026-06-08 17:20:30+00;2026-06-08 18:16:30+00;3360;80;216;14
6422;2026-06-08 17:21:21+00;2026-06-08 17:22:50+00;89;11;203;2
6423;2026-06-08 17:31:03+00;2026-06-08 17:32:51+00;108;15;203;2
6424;2026-06-08 17:31:14+00;2026-06-08 17:33:00+00;106;12;219;2
6425;2026-06-08 17:36:02+00;2026-06-08 18:54:02+00;4680;62;211;19
6426;2026-06-08 17:41:44+00;2026-06-08 17:57:44+00;960;129;207;19
6427;2026-06-08 17:48:10+00;2026-06-08 18:37:10+00;2940;122;217;13
6428;2026-06-08 17:49:07+00;2026-06-08 19:14:07+00;5100;15;211;14
6429;2026-06-08 17:50:27+00;2026-06-08 19:00:27+00;4200;112;223;13
6430;2026-06-08 17:50:33+00;2026-06-08 17:52:33+00;120;29;215;2
6431;2026-06-08 17:51:28+00;2026-06-08 18:34:28+00;2580;136;213;19
6432;2026-06-08 17:56:27+00;2026-06-08 17:57:27+00;60;29;213;2
6433;2026-06-08 17:59:52+00;2026-06-08 18:33:52+00;2040;101;222;14
6434;2026-06-08 18:01:29+00;2026-06-08 18:16:29+00;900;66;218;19
6435;2026-06-08 18:10:51+00;2026-06-08 18:11:53+00;62;16;214;2
6436;2026-06-08 18:19:52+00;2026-06-08 19:00:52+00;2460;135;219;13
6437;2026-06-08 18:21:08+00;2026-06-08 19:36:08+00;4500;110;217;14
6438;2026-06-08 18:36:34+00;2026-06-08 18:37:49+00;75;11;205;2
6439;2026-06-08 18:38:31+00;2026-06-08 19:42:31+00;3840;86;212;19
6440;2026-06-08 18:39:36+00;2026-06-08 18:58:36+00;1140;34;213;13
6441;2026-06-08 18:39:36+00;2026-06-08 18:55:36+00;960;43;223;19
6442;2026-06-08 18:42:29+00;2026-06-08 18:44:27+00;118;12;208;2
6443;2026-06-08 18:51:26+00;2026-06-08 18:52:47+00;81;30;210;2
6444;2026-06-08 19:08:41+00;2026-06-08 19:10:25+00;104;17;206;2
6445;2026-06-08 19:12:04+00;2026-06-08 19:37:04+00;1500;134;202;14
6446;2026-06-08 19:13:26+00;2026-06-08 20:26:26+00;4380;28;207;19
6447;2026-06-08 19:34:28+00;2026-06-08 20:15:28+00;2460;88;205;14
6448;2026-06-08 19:37:27+00;2026-06-08 19:38:24+00;57;29;216;2
6449;2026-06-08 19:41:29+00;2026-06-08 21:01:29+00;4800;129;204;13
6450;2026-06-08 19:45:25+00;2026-06-08 19:46:45+00;80;10;223;2
6451;2026-06-08 19:58:00+00;2026-06-08 19:59:48+00;108;17;213;2
6452;2026-06-08 20:01:41+00;2026-06-08 20:03:19+00;98;17;222;2
6453;2026-06-08 20:13:20+00;2026-06-08 21:21:20+00;4080;48;206;13
6454;2026-06-08 20:22:15+00;2026-06-08 20:23:10+00;55;12;204;2
6455;2026-06-08 20:24:45+00;2026-06-08 21:17:45+00;3180;40;219;14
6456;2026-06-08 20:38:47+00;2026-06-08 21:09:47+00;1860;98;200;14
6457;2026-06-08 20:48:50+00;2026-06-08 21:24:50+00;2160;109;209;13
6458;2026-06-08 20:53:43+00;2026-06-08 22:12:43+00;4740;119;214;13
6459;2026-06-08 20:54:25+00;2026-06-08 20:56:01+00;96;22;204;2
6460;2026-06-08 20:56:10+00;2026-06-08 21:54:10+00;3480;102;216;14
6461;2026-06-08 20:57:27+00;2026-06-08 22:26:27+00;5340;143;216;19
6462;2026-06-08 21:06:59+00;2026-06-08 21:08:00+00;61;28;206;2
6463;2026-06-08 21:11:22+00;2026-06-08 21:13:11+00;109;19;201;2
6464;2026-06-08 21:11:46+00;2026-06-08 21:13:29+00;103;30;207;2
6465;2026-06-08 21:11:52+00;2026-06-08 21:12:48+00;56;11;201;2
6466;2026-06-08 21:17:27+00;2026-06-08 22:37:27+00;4800;108;215;14
6467;2026-06-08 21:18:48+00;2026-06-08 22:14:48+00;3360;84;204;19
6468;2026-06-08 21:20:05+00;2026-06-08 21:20:53+00;48;15;200;2
6469;2026-06-08 21:20:12+00;2026-06-08 21:52:12+00;1920;76;218;14
6470;2026-06-08 21:28:45+00;2026-06-08 21:30:41+00;116;30;214;2
6471;2026-06-08 21:32:56+00;2026-06-08 21:33:43+00;47;19;212;2
6472;2026-06-08 21:36:11+00;2026-06-08 21:36:53+00;42;19;211;2
6473;2026-06-08 21:39:39+00;2026-06-08 21:41:23+00;104;16;220;2
6474;2026-06-08 21:52:37+00;2026-06-08 21:54:29+00;112;12;213;2
6475;2026-06-08 21:52:44+00;2026-06-08 22:18:44+00;1560;63;204;14
6476;2026-06-08 21:53:12+00;2026-06-08 22:47:12+00;3240;103;203;19
6477;2026-06-08 22:02:47+00;2026-06-08 22:03:56+00;69;18;222;2
6478;2026-06-08 22:05:17+00;2026-06-08 22:07:04+00;107;22;222;2
6479;2026-06-08 22:06:27+00;2026-06-08 22:07:48+00;81;30;215;2
6480;2026-06-08 22:09:33+00;2026-06-08 22:10:50+00;77;18;210;2
6481;2026-06-08 22:14:05+00;2026-06-08 23:06:05+00;3120;131;200;14
6482;2026-06-08 22:21:22+00;2026-06-08 22:23:12+00;110;18;207;2
6483;2026-06-08 22:22:43+00;2026-06-08 22:47:43+00;1500;109;222;14
6484;2026-06-08 22:27:02+00;2026-06-08 22:28:44+00;102;27;218;2
6485;2026-06-08 22:27:18+00;2026-06-08 23:09:18+00;2520;68;207;14
6486;2026-06-08 22:32:01+00;2026-06-08 22:33:35+00;94;10;206;2
6487;2026-06-08 22:36:04+00;2026-06-08 23:52:04+00;4560;116;217;19
6488;2026-06-08 22:40:55+00;2026-06-08 23:16:55+00;2160;39;221;13
6489;2026-06-08 22:48:51+00;2026-06-08 22:49:43+00;52;15;216;2
6490;2026-06-08 22:49:00+00;2026-06-08 22:50:36+00;96;26;206;2
6491;2026-06-08 22:52:28+00;2026-06-09 00:05:28+00;4380;78;202;14
6492;2026-06-08 23:01:30+00;2026-06-08 23:03:30+00;120;13;220;2
6493;2026-06-08 23:03:36+00;2026-06-08 23:04:20+00;44;19;205;2
6494;2026-06-08 23:06:57+00;2026-06-08 23:07:50+00;53;30;217;2
6495;2026-06-08 23:10:52+00;2026-06-08 23:12:13+00;81;13;208;2
6496;2026-06-08 23:13:00+00;2026-06-08 23:14:51+00;111;25;223;2
6497;2026-06-08 23:15:05+00;2026-06-08 23:16:40+00;95;30;223;2
6498;2026-06-08 23:17:28+00;2026-06-09 00:27:28+00;4200;85;214;19
6499;2026-06-08 23:20:04+00;2026-06-08 23:21:36+00;92;11;214;2
6500;2026-06-08 23:22:36+00;2026-06-08 23:23:35+00;59;11;205;2
6501;2026-06-08 23:23:34+00;2026-06-08 23:25:08+00;94;21;221;2
6502;2026-06-08 23:28:26+00;2026-06-08 23:29:13+00;47;13;201;2
6503;2026-06-08 23:29:50+00;2026-06-08 23:31:24+00;94;17;204;2
6504;2026-06-08 23:32:27+00;2026-06-09 00:11:27+00;2340;96;209;19
6505;2026-06-08 23:35:33+00;2026-06-08 23:36:58+00;85;24;201;2
6506;2026-06-08 23:40:34+00;2026-06-08 23:42:06+00;92;17;222;2
6507;2026-06-08 23:42:09+00;2026-06-08 23:43:14+00;65;22;223;2
6508;2026-06-08 23:44:31+00;2026-06-08 23:46:15+00;104;19;212;2
6509;2026-06-08 23:44:39+00;2026-06-09 00:07:39+00;1380;101;201;19
6510;2026-06-08 23:47:05+00;2026-06-09 00:33:05+00;2760;71;214;14
6511;2026-06-08 23:48:27+00;2026-06-09 00:50:27+00;3720;40;203;19
6512;2026-06-08 23:49:56+00;2026-06-09 00:38:56+00;2940;10;211;13
6513;2026-06-08 23:53:39+00;2026-06-08 23:55:35+00;116;23;206;2
6514;2026-06-09 00:26:54+00;2026-06-09 00:28:48+00;114;10;208;2
6515;2026-06-09 00:46:14+00;2026-06-09 00:47:01+00;47;14;208;2
6516;2026-06-09 00:47:51+00;2026-06-09 00:48:38+00;47;16;219;2
6517;2026-06-09 06:04:12+00;2026-06-09 06:05:09+00;57;21;213;2
6518;2026-06-09 06:13:22+00;2026-06-09 06:15:15+00;113;14;213;2
6519;2026-06-09 06:19:30+00;2026-06-09 07:29:30+00;4200;76;215;14
6520;2026-06-09 06:26:16+00;2026-06-09 07:27:16+00;3660;120;217;14
6521;2026-06-09 06:28:23+00;2026-06-09 06:29:26+00;63;25;200;2
6522;2026-06-09 06:37:46+00;2026-06-09 06:38:49+00;63;17;206;2
6523;2026-06-09 06:39:48+00;2026-06-09 06:40:56+00;68;25;222;2
6524;2026-06-09 06:40:01+00;2026-06-09 08:07:01+00;5220;140;207;14
6525;2026-06-09 06:41:33+00;2026-06-09 07:37:33+00;3360;147;200;13
6526;2026-06-09 06:50:29+00;2026-06-09 08:00:29+00;4200;63;211;13
6527;2026-06-09 06:55:32+00;2026-06-09 07:41:32+00;2760;132;203;13
6528;2026-06-09 07:00:16+00;2026-06-09 07:01:49+00;93;26;200;2
6529;2026-06-09 07:07:35+00;2026-06-09 07:49:35+00;2520;69;206;19
6530;2026-06-09 07:09:52+00;2026-06-09 07:11:40+00;108;10;218;2
6531;2026-06-09 07:10:16+00;2026-06-09 07:11:09+00;53;19;217;2
6532;2026-06-09 07:14:03+00;2026-06-09 07:57:03+00;2580;34;213;19
6533;2026-06-09 07:15:03+00;2026-06-09 07:16:00+00;57;20;206;2
6534;2026-06-09 07:17:36+00;2026-06-09 07:19:02+00;86;11;222;2
6535;2026-06-09 07:19:44+00;2026-06-09 07:21:27+00;103;26;212;2
6536;2026-06-09 07:23:55+00;2026-06-09 07:25:28+00;93;30;221;2
6537;2026-06-09 07:24:18+00;2026-06-09 07:25:29+00;71;24;212;2
6538;2026-06-09 07:31:42+00;2026-06-09 08:36:42+00;3900;94;211;13
6539;2026-06-09 07:32:32+00;2026-06-09 07:33:35+00;63;17;220;2
6540;2026-06-09 07:39:59+00;2026-06-09 08:06:59+00;1620;58;206;19
6541;2026-06-09 07:40:19+00;2026-06-09 07:41:38+00;79;13;205;2
6542;2026-06-09 07:44:01+00;2026-06-09 07:45:32+00;91;13;210;2
6543;2026-06-09 07:46:16+00;2026-06-09 07:47:54+00;98;16;204;2
6544;2026-06-09 07:54:18+00;2026-06-09 08:24:18+00;1800;51;202;19
6545;2026-06-09 07:59:52+00;2026-06-09 08:01:18+00;86;25;223;2
6546;2026-06-09 08:05:42+00;2026-06-09 08:07:40+00;118;29;202;2
6547;2026-06-09 08:09:12+00;2026-06-09 09:30:12+00;4860;57;221;14
6548;2026-06-09 08:12:18+00;2026-06-09 08:13:11+00;53;16;215;2
6549;2026-06-09 08:19:29+00;2026-06-09 08:37:29+00;1080;16;221;19
6550;2026-06-09 08:22:09+00;2026-06-09 08:58:09+00;2160;129;210;14
6551;2026-06-09 08:24:25+00;2026-06-09 08:25:55+00;90;15;201;2
6552;2026-06-09 08:26:24+00;2026-06-09 09:23:24+00;3420;83;200;14
6553;2026-06-09 08:36:35+00;2026-06-09 09:33:35+00;3420;84;209;13
6554;2026-06-09 08:38:11+00;2026-06-09 08:59:11+00;1260;29;205;13
6555;2026-06-09 08:38:44+00;2026-06-09 08:39:27+00;43;25;204;2
6556;2026-06-09 08:39:34+00;2026-06-09 08:40:28+00;54;20;216;2
6557;2026-06-09 08:53:14+00;2026-06-09 10:04:14+00;4260;104;203;14
6558;2026-06-09 08:53:44+00;2026-06-09 09:30:44+00;2220;66;202;13
6559;2026-06-09 08:57:37+00;2026-06-09 08:59:17+00;100;19;214;2
6560;2026-06-09 09:03:10+00;2026-06-09 09:04:57+00;107;22;210;2
6561;2026-06-09 09:04:11+00;2026-06-09 09:05:40+00;89;25;219;2
6562;2026-06-09 09:06:34+00;2026-06-09 09:07:53+00;79;21;212;2
6563;2026-06-09 09:08:10+00;2026-06-09 09:08:56+00;46;27;205;2
6564;2026-06-09 09:13:59+00;2026-06-09 09:15:46+00;107;11;205;2
6565;2026-06-09 09:16:21+00;2026-06-09 09:18:16+00;115;19;211;2
6566;2026-06-09 09:16:41+00;2026-06-09 10:33:41+00;4620;141;203;14
6567;2026-06-09 09:17:29+00;2026-06-09 09:18:41+00;72;10;217;2
6568;2026-06-09 09:17:33+00;2026-06-09 10:25:33+00;4080;121;202;13
6569;2026-06-09 09:17:46+00;2026-06-09 09:19:15+00;89;27;223;2
6570;2026-06-09 09:20:22+00;2026-06-09 10:39:22+00;4740;18;213;14
6571;2026-06-09 09:23:21+00;2026-06-09 10:19:21+00;3360;54;220;19
6572;2026-06-09 09:29:14+00;2026-06-09 10:04:14+00;2100;6;214;3
6573;2026-06-09 09:36:33+00;2026-06-09 10:02:33+00;1560;9;221;3
6574;2026-06-09 09:38:25+00;2026-06-09 09:40:01+00;96;10;208;2
6575;2026-06-09 09:41:38+00;2026-06-09 10:13:38+00;1920;36;202;13
6576;2026-06-09 09:47:03+00;2026-06-09 09:48:15+00;72;23;211;2
6577;2026-06-09 09:53:36+00;2026-06-09 09:54:56+00;80;15;202;2
6578;2026-06-09 09:59:52+00;2026-06-09 10:38:52+00;2340;105;201;13
6579;2026-06-09 10:05:44+00;2026-06-09 10:07:37+00;113;25;217;2
6580;2026-06-09 10:09:25+00;2026-06-09 10:49:25+00;2400;20;217;14
6581;2026-06-09 10:14:12+00;2026-06-09 10:47:12+00;1980;106;210;14
6582;2026-06-09 10:14:27+00;2026-06-09 10:15:34+00;67;24;211;2
6583;2026-06-09 10:15:05+00;2026-06-09 11:37:05+00;4920;86;208;14
6584;2026-06-09 10:20:23+00;2026-06-09 10:21:45+00;82;18;208;2
6585;2026-06-09 10:20:39+00;2026-06-09 10:43:39+00;1380;6;205;3
6586;2026-06-09 10:21:45+00;2026-06-09 10:23:06+00;81;29;216;2
6587;2026-06-09 10:22:58+00;2026-06-09 10:24:26+00;88;24;214;2
6588;2026-06-09 10:24:28+00;2026-06-09 10:26:25+00;117;26;201;2
6589;2026-06-09 10:33:23+00;2026-06-09 11:47:23+00;4440;99;215;19
6590;2026-06-09 10:37:01+00;2026-06-09 10:38:41+00;100;11;213;2
6591;2026-06-09 10:37:22+00;2026-06-09 12:00:22+00;4980;149;204;13
6592;2026-06-09 10:48:47+00;2026-06-09 10:50:42+00;115;13;212;2
6593;2026-06-09 10:53:20+00;2026-06-09 10:54:29+00;69;12;218;2
6594;2026-06-09 11:01:15+00;2026-06-09 11:02:50+00;95;29;209;2
6595;2026-06-09 11:03:20+00;2026-06-09 12:23:20+00;4800;99;212;19
6596;2026-06-09 11:03:41+00;2026-06-09 11:05:33+00;112;14;221;2
6597;2026-06-09 11:06:05+00;2026-06-09 11:07:14+00;69;16;218;2
6598;2026-06-09 11:18:42+00;2026-06-09 11:48:42+00;1800;7;214;1
6599;2026-06-09 11:22:52+00;2026-06-09 11:38:52+00;960;150;207;14
6600;2026-06-09 11:24:06+00;2026-06-09 11:26:00+00;114;27;208;2
6601;2026-06-09 11:24:07+00;2026-06-09 11:25:22+00;75;16;211;2
6602;2026-06-09 11:24:28+00;2026-06-09 12:51:28+00;5220;54;202;14
6603;2026-06-09 11:28:10+00;2026-06-09 11:29:12+00;62;16;211;2
6604;2026-06-09 11:29:48+00;2026-06-09 12:39:48+00;4200;10;214;19
6605;2026-06-09 11:31:46+00;2026-06-09 12:13:46+00;2520;50;221;13
6606;2026-06-09 11:33:55+00;2026-06-09 12:17:55+00;2640;82;205;14
6607;2026-06-09 11:34:36+00;2026-06-09 12:49:36+00;4500;116;209;13
6608;2026-06-09 11:39:37+00;2026-06-09 12:44:37+00;3900;23;207;19
6609;2026-06-09 11:40:16+00;2026-06-09 12:59:16+00;4740;137;223;13
6610;2026-06-09 11:44:38+00;2026-06-09 12:01:38+00;1020;83;216;19
6611;2026-06-09 11:46:33+00;2026-06-09 11:48:04+00;91;13;208;2
6612;2026-06-09 11:47:50+00;2026-06-09 12:22:50+00;2100;131;206;14
6613;2026-06-09 11:51:20+00;2026-06-09 12:57:20+00;3960;72;205;14
6614;2026-06-09 11:51:45+00;2026-06-09 11:53:27+00;102;21;202;2
6615;2026-06-09 11:54:06+00;2026-06-09 11:55:32+00;86;14;223;2
6616;2026-06-09 12:04:22+00;2026-06-09 12:43:22+00;2340;5;208;3
6617;2026-06-09 12:06:44+00;2026-06-09 12:07:35+00;51;12;215;2
6618;2026-06-09 12:07:31+00;2026-06-09 12:08:22+00;51;16;217;2
6619;2026-06-09 12:10:01+00;2026-06-09 13:38:01+00;5280;50;213;13
6620;2026-06-09 12:20:41+00;2026-06-09 12:22:02+00;81;20;214;2
6621;2026-06-09 12:36:30+00;2026-06-09 12:37:49+00;79;11;206;2
6622;2026-06-09 12:46:18+00;2026-06-09 12:47:48+00;90;12;210;2
6623;2026-06-09 12:48:57+00;2026-06-09 12:49:52+00;55;18;223;2
6624;2026-06-09 12:50:18+00;2026-06-09 12:52:17+00;119;12;207;2
6625;2026-06-09 12:58:23+00;2026-06-09 12:59:59+00;96;21;223;2
6626;2026-06-09 13:04:59+00;2026-06-09 13:05:49+00;50;18;218;2
6627;2026-06-09 13:05:07+00;2026-06-09 13:05:47+00;40;21;209;2
6628;2026-06-09 13:11:19+00;2026-06-09 13:13:13+00;114;12;221;2
6629;2026-06-09 13:12:39+00;2026-06-09 13:40:39+00;1680;9;219;3
6630;2026-06-09 13:12:58+00;2026-06-09 13:14:34+00;96;10;220;2
6631;2026-06-09 13:15:17+00;2026-06-09 13:16:31+00;74;10;213;2
6632;2026-06-09 13:18:59+00;2026-06-09 14:43:59+00;5100;127;215;19
6633;2026-06-09 13:19:17+00;2026-06-09 13:20:38+00;81;11;222;2
6634;2026-06-09 13:27:13+00;2026-06-09 13:28:51+00;98;30;220;2
6635;2026-06-09 13:38:37+00;2026-06-09 13:39:18+00;41;26;201;2
6636;2026-06-09 13:39:38+00;2026-06-09 13:41:36+00;118;13;214;2
6637;2026-06-09 13:39:57+00;2026-06-09 14:47:57+00;4080;51;215;13
6638;2026-06-09 13:40:53+00;2026-06-09 14:17:53+00;2220;149;210;19
6639;2026-06-09 13:42:31+00;2026-06-09 14:09:31+00;1620;43;220;13
6640;2026-06-09 13:42:56+00;2026-06-09 13:58:56+00;960;132;217;13
6641;2026-06-09 13:42:59+00;2026-06-09 14:08:59+00;1560;6;216;3
6642;2026-06-09 13:43:01+00;2026-06-09 13:44:42+00;101;23;210;2
6643;2026-06-09 13:43:58+00;2026-06-09 15:02:58+00;4740;65;208;19
6644;2026-06-09 13:44:13+00;2026-06-09 13:45:00+00;47;30;206;2
6645;2026-06-09 13:44:37+00;2026-06-09 13:45:52+00;75;12;217;2
6646;2026-06-09 13:56:03+00;2026-06-09 14:35:03+00;2340;71;209;19
6647;2026-06-09 13:57:02+00;2026-06-09 14:59:02+00;3720;49;219;19
6648;2026-06-09 13:59:19+00;2026-06-09 14:39:19+00;2400;7;218;3
6649;2026-06-09 14:06:56+00;2026-06-09 14:27:56+00;1260;10;222;14
6650;2026-06-09 14:09:01+00;2026-06-09 14:10:15+00;74;10;209;2
6651;2026-06-09 14:10:33+00;2026-06-09 14:12:03+00;90;25;211;2
6652;2026-06-09 14:16:32+00;2026-06-09 15:20:32+00;3840;133;223;19
6653;2026-06-09 14:18:56+00;2026-06-09 14:36:56+00;1080;135;203;13
6654;2026-06-09 14:20:06+00;2026-06-09 15:27:06+00;4020;114;219;14
6655;2026-06-09 14:25:58+00;2026-06-09 14:27:20+00;82;17;205;2
6656;2026-06-09 14:28:49+00;2026-06-09 15:57:49+00;5340;150;209;14
6657;2026-06-09 14:32:00+00;2026-06-09 15:57:00+00;5100;79;214;13
6658;2026-06-09 14:33:59+00;2026-06-09 15:04:59+00;1860;86;219;14
6659;2026-06-09 14:41:59+00;2026-06-09 15:24:59+00;2580;26;222;19
6660;2026-06-09 14:43:21+00;2026-06-09 14:45:02+00;101;18;210;2
6661;2026-06-09 14:45:35+00;2026-06-09 14:46:38+00;63;10;215;2
6662;2026-06-09 15:02:34+00;2026-06-09 15:04:10+00;96;21;204;2
6663;2026-06-09 15:10:03+00;2026-06-09 15:48:03+00;2280;95;213;14
6664;2026-06-09 15:13:56+00;2026-06-09 15:15:45+00;109;25;219;2
6665;2026-06-09 15:17:45+00;2026-06-09 15:18:56+00;71;11;205;2
6666;2026-06-09 15:25:02+00;2026-06-09 15:26:32+00;90;17;223;2
6667;2026-06-09 15:29:10+00;2026-06-09 16:25:10+00;3360;85;223;14
6668;2026-06-09 15:34:39+00;2026-06-09 15:36:39+00;120;10;200;2
6669;2026-06-09 15:34:50+00;2026-06-09 15:36:04+00;74;17;220;2
6670;2026-06-09 15:36:03+00;2026-06-09 15:38:03+00;120;16;205;2
6671;2026-06-09 15:39:15+00;2026-06-09 16:00:15+00;1260;54;211;13
6672;2026-06-09 15:40:26+00;2026-06-09 15:59:26+00;1140;95;207;14
6673;2026-06-09 15:41:40+00;2026-06-09 15:43:34+00;114;13;210;2
6674;2026-06-09 15:41:50+00;2026-06-09 15:43:29+00;99;17;214;2
6675;2026-06-09 15:42:54+00;2026-06-09 15:43:34+00;40;11;209;2
6676;2026-06-09 15:43:23+00;2026-06-09 16:05:23+00;1320;29;214;14
6677;2026-06-09 15:46:52+00;2026-06-09 16:51:52+00;3900;107;220;14
6678;2026-06-09 15:49:15+00;2026-06-09 15:50:13+00;58;23;201;2
6679;2026-06-09 15:52:29+00;2026-06-09 15:53:25+00;56;14;203;2
6680;2026-06-09 15:54:19+00;2026-06-09 16:34:19+00;2400;9;217;3
6681;2026-06-09 16:00:35+00;2026-06-09 16:02:10+00;95;10;203;2
6682;2026-06-09 16:05:37+00;2026-06-09 16:06:17+00;40;12;213;2
6683;2026-06-09 16:07:24+00;2026-06-09 16:08:33+00;69;19;204;2
6684;2026-06-09 16:10:30+00;2026-06-09 16:11:20+00;50;28;205;2
6685;2026-06-09 16:12:30+00;2026-06-09 16:13:35+00;65;28;208;2
6686;2026-06-09 16:32:23+00;2026-06-09 16:33:38+00;75;26;203;2
6687;2026-06-09 16:39:33+00;2026-06-09 17:22:33+00;2580;38;219;19
6688;2026-06-09 16:45:13+00;2026-06-09 17:37:13+00;3120;25;210;13
6689;2026-06-09 16:48:00+00;2026-06-09 17:27:00+00;2340;27;207;14
6690;2026-06-09 16:55:27+00;2026-06-09 17:32:27+00;2220;125;202;19
6691;2026-06-09 16:57:32+00;2026-06-09 16:58:53+00;81;24;209;2
6692;2026-06-09 17:00:34+00;2026-06-09 18:11:34+00;4260;110;205;14
6693;2026-06-09 17:04:31+00;2026-06-09 18:24:31+00;4800;44;222;19
6694;2026-06-09 17:11:42+00;2026-06-09 18:30:42+00;4740;94;215;14
6695;2026-06-09 17:25:23+00;2026-06-09 17:27:13+00;110;21;212;2
6696;2026-06-09 17:26:10+00;2026-06-09 17:28:09+00;119;15;218;2
6697;2026-06-09 17:32:35+00;2026-06-09 17:50:35+00;1080;58;220;14
6698;2026-06-09 17:38:32+00;2026-06-09 19:05:32+00;5220;122;218;13
6699;2026-06-09 17:41:42+00;2026-06-09 18:52:42+00;4260;65;209;14
6700;2026-06-09 17:45:30+00;2026-06-09 19:15:30+00;5400;57;216;19
6701;2026-06-09 17:45:56+00;2026-06-09 17:47:33+00;97;24;214;2
6702;2026-06-09 17:46:19+00;2026-06-09 17:47:07+00;48;28;206;2
6703;2026-06-09 17:47:26+00;2026-06-09 18:38:26+00;3060;22;208;13
6704;2026-06-09 17:52:29+00;2026-06-09 18:14:29+00;1320;87;201;13
6705;2026-06-09 17:53:50+00;2026-06-09 17:55:06+00;76;18;215;2
6706;2026-06-09 18:06:45+00;2026-06-09 18:53:45+00;2820;37;214;19
6707;2026-06-09 18:09:06+00;2026-06-09 18:37:06+00;1680;63;200;19
6708;2026-06-09 18:10:24+00;2026-06-09 18:11:34+00;70;25;213;2
6709;2026-06-09 18:10:27+00;2026-06-09 18:11:18+00;51;12;222;2
6710;2026-06-09 18:13:58+00;2026-06-09 19:09:58+00;3360;98;203;19
6711;2026-06-09 18:15:55+00;2026-06-09 18:16:41+00;46;29;201;2
6712;2026-06-09 18:16:58+00;2026-06-09 19:03:58+00;2820;83;206;14
6713;2026-06-09 18:18:24+00;2026-06-09 19:29:24+00;4260;148;204;14
6714;2026-06-09 18:19:30+00;2026-06-09 18:21:11+00;101;25;215;2
6715;2026-06-09 18:27:51+00;2026-06-09 18:29:27+00;96;10;203;2
6716;2026-06-09 18:30:53+00;2026-06-09 18:32:16+00;83;17;212;2
6717;2026-06-09 18:36:07+00;2026-06-09 18:38:00+00;113;13;219;2
6718;2026-06-09 18:43:06+00;2026-06-09 18:44:46+00;100;11;206;2
6719;2026-06-09 18:47:50+00;2026-06-09 18:49:05+00;75;20;200;2
6720;2026-06-09 18:56:14+00;2026-06-09 18:57:00+00;46;28;222;2
6721;2026-06-09 19:02:47+00;2026-06-09 20:19:47+00;4620;134;203;14
6722;2026-06-09 19:08:23+00;2026-06-09 19:35:23+00;1620;129;212;13
6723;2026-06-09 19:14:51+00;2026-06-09 20:41:51+00;5220;39;200;13
6724;2026-06-09 19:17:47+00;2026-06-09 19:19:24+00;97;17;222;2
6725;2026-06-09 19:20:50+00;2026-06-09 19:22:42+00;112;26;221;2
6726;2026-06-09 19:25:08+00;2026-06-09 20:24:08+00;3540;146;221;19
6727;2026-06-09 19:33:06+00;2026-06-09 20:31:06+00;3480;31;220;19
6728;2026-06-09 19:33:43+00;2026-06-09 20:45:43+00;4320;95;201;13
6729;2026-06-09 19:35:05+00;2026-06-09 19:35:45+00;40;28;220;2
6730;2026-06-09 19:44:29+00;2026-06-09 19:45:42+00;73;19;200;2
6731;2026-06-09 19:47:14+00;2026-06-09 20:07:14+00;1200;110;213;14
6732;2026-06-09 19:52:28+00;2026-06-09 21:14:28+00;4920;147;204;13
6733;2026-06-09 19:55:06+00;2026-06-09 19:55:55+00;49;26;222;2
6734;2026-06-09 19:55:58+00;2026-06-09 19:56:44+00;46;30;201;2
6735;2026-06-09 20:05:57+00;2026-06-09 20:07:00+00;63;21;202;2
6736;2026-06-09 20:07:17+00;2026-06-09 21:16:17+00;4140;26;216;14
6737;2026-06-09 20:09:16+00;2026-06-09 20:09:57+00;41;29;207;2
6738;2026-06-09 20:12:41+00;2026-06-09 20:14:34+00;113;19;201;2
6739;2026-06-09 20:22:54+00;2026-06-09 21:42:54+00;4800;71;204;14
6740;2026-06-09 20:26:58+00;2026-06-09 20:28:44+00;106;13;211;2
6741;2026-06-09 20:26:59+00;2026-06-09 21:20:59+00;3240;32;210;19
6742;2026-06-09 20:27:59+00;2026-06-09 21:42:59+00;4500;130;219;19
6743;2026-06-09 20:28:18+00;2026-06-09 20:29:53+00;95;25;203;2
6744;2026-06-09 20:39:56+00;2026-06-09 20:56:56+00;1020;112;218;13
6745;2026-06-09 20:43:55+00;2026-06-09 22:02:55+00;4740;143;216;19
6746;2026-06-09 20:51:09+00;2026-06-09 20:52:24+00;75;14;214;2
6747;2026-06-09 21:08:50+00;2026-06-09 21:10:01+00;71;15;221;2
6748;2026-06-09 21:12:08+00;2026-06-09 21:12:49+00;41;19;212;2
6749;2026-06-09 21:13:33+00;2026-06-09 21:15:07+00;94;19;207;2
6750;2026-06-09 21:15:25+00;2026-06-09 21:16:33+00;68;28;214;2
6751;2026-06-09 21:16:34+00;2026-06-09 21:38:34+00;1320;85;216;19
6752;2026-06-09 21:21:02+00;2026-06-09 21:21:51+00;49;17;217;2
6753;2026-06-09 21:30:32+00;2026-06-09 21:31:15+00;43;29;201;2
6754;2026-06-09 21:34:08+00;2026-06-09 21:35:15+00;67;13;222;2
6755;2026-06-09 21:36:30+00;2026-06-09 21:37:53+00;83;15;210;2
6756;2026-06-09 21:36:34+00;2026-06-09 21:38:12+00;98;14;220;2
6757;2026-06-09 21:40:53+00;2026-06-09 21:42:11+00;78;22;205;2
6758;2026-06-09 21:43:39+00;2026-06-09 22:52:39+00;4140;108;205;14
6759;2026-06-09 21:47:22+00;2026-06-09 22:09:22+00;1320;110;206;14
6760;2026-06-09 21:56:39+00;2026-06-09 22:24:39+00;1680;11;212;19
6761;2026-06-09 22:14:21+00;2026-06-09 23:37:21+00;4980;67;207;13
6762;2026-06-09 22:22:51+00;2026-06-09 22:38:51+00;960;18;201;13
6763;2026-06-09 22:35:53+00;2026-06-09 22:37:09+00;76;23;216;2
6764;2026-06-09 22:46:14+00;2026-06-09 22:48:08+00;114;17;216;2
6765;2026-06-09 23:09:31+00;2026-06-09 23:11:28+00;117;29;217;2
6766;2026-06-09 23:14:07+00;2026-06-10 00:42:07+00;5280;140;220;19
6767;2026-06-09 23:14:56+00;2026-06-10 00:12:56+00;3480;25;218;19
6768;2026-06-09 23:17:21+00;2026-06-09 23:50:21+00;1980;147;217;13
6769;2026-06-09 23:20:06+00;2026-06-10 00:24:06+00;3840;49;200;13
6770;2026-06-09 23:31:09+00;2026-06-10 00:58:09+00;5220;76;200;13
6771;2026-06-09 23:31:15+00;2026-06-09 23:32:38+00;83;15;215;2
6772;2026-06-09 23:32:26+00;2026-06-09 23:34:06+00;100;26;209;2
6773;2026-06-09 23:33:23+00;2026-06-09 23:35:12+00;109;22;223;2
6774;2026-06-09 23:46:25+00;2026-06-09 23:47:18+00;53;20;219;2
6775;2026-06-09 23:48:40+00;2026-06-09 23:50:03+00;83;13;203;2
6776;2026-06-09 23:52:04+00;2026-06-09 23:53:35+00;91;17;216;2
6777;2026-06-09 23:53:42+00;2026-06-09 23:54:53+00;71;23;216;2
6778;2026-06-09 23:56:00+00;2026-06-10 00:34:00+00;2280;93;214;14
6779;2026-06-09 23:56:15+00;2026-06-09 23:56:56+00;41;20;208;2
6780;2026-06-10 00:00:05+00;2026-06-10 00:01:29+00;84;23;217;2
6781;2026-06-10 00:01:48+00;2026-06-10 00:03:05+00;77;28;223;2
6782;2026-06-10 00:05:44+00;2026-06-10 00:06:37+00;53;17;219;2
6783;2026-06-10 00:11:39+00;2026-06-10 00:12:41+00;62;20;207;2
6784;2026-06-10 00:17:59+00;2026-06-10 00:19:10+00;71;11;202;2
6785;2026-06-10 00:25:14+00;2026-06-10 00:26:11+00;57;30;209;2
6786;2026-06-10 00:37:17+00;2026-06-10 00:39:01+00;104;21;206;2
6787;2026-06-10 00:57:58+00;2026-06-10 00:59:02+00;64;24;218;2
6788;2026-06-10 00:58:03+00;2026-06-10 00:59:05+00;62;21;215;2
6789;2026-06-10 06:02:09+00;2026-06-10 06:50:09+00;2880;89;212;13
6790;2026-06-10 06:05:02+00;2026-06-10 06:37:02+00;1920;55;204;14
6791;2026-06-10 06:09:59+00;2026-06-10 06:10:40+00;41;13;207;2
6792;2026-06-10 06:14:34+00;2026-06-10 06:54:34+00;2400;81;210;14
6793;2026-06-10 06:17:11+00;2026-06-10 06:59:11+00;2520;144;219;19
6794;2026-06-10 06:21:16+00;2026-06-10 06:23:08+00;112;10;216;2
6795;2026-06-10 06:27:28+00;2026-06-10 07:40:28+00;4380;69;206;19
6796;2026-06-10 06:29:30+00;2026-06-10 07:20:30+00;3060;121;203;13
6797;2026-06-10 06:36:22+00;2026-06-10 06:37:15+00;53;11;213;2
6798;2026-06-10 06:41:54+00;2026-06-10 07:17:54+00;2160;75;205;14
6799;2026-06-10 06:45:44+00;2026-06-10 07:31:44+00;2760;115;214;14
6800;2026-06-10 06:52:52+00;2026-06-10 06:53:57+00;65;23;223;2
6801;2026-06-10 07:01:19+00;2026-06-10 07:02:42+00;83;20;207;2
6802;2026-06-10 07:01:22+00;2026-06-10 07:03:07+00;105;22;202;2
6803;2026-06-10 07:03:18+00;2026-06-10 07:04:28+00;70;26;212;2
6804;2026-06-10 07:08:10+00;2026-06-10 07:30:10+00;1320;124;214;14
6805;2026-06-10 07:09:08+00;2026-06-10 08:30:08+00;4860;74;210;19
6806;2026-06-10 07:10:45+00;2026-06-10 08:20:45+00;4200;121;205;19
6807;2026-06-10 07:21:37+00;2026-06-10 07:46:37+00;1500;51;215;13
6808;2026-06-10 07:24:46+00;2026-06-10 07:25:44+00;58;10;207;2
6809;2026-06-10 07:25:45+00;2026-06-10 07:26:30+00;45;18;205;2
6810;2026-06-10 07:27:52+00;2026-06-10 07:28:57+00;65;10;213;2
6811;2026-06-10 07:40:26+00;2026-06-10 07:42:06+00;100;13;215;2
6812;2026-06-10 07:43:38+00;2026-06-10 08:13:38+00;1800;141;220;19
6813;2026-06-10 07:51:26+00;2026-06-10 07:52:42+00;76;24;202;2
6814;2026-06-10 07:54:23+00;2026-06-10 08:26:23+00;1920;10;219;3
6815;2026-06-10 08:06:04+00;2026-06-10 09:10:04+00;3840;127;203;13
6816;2026-06-10 08:06:53+00;2026-06-10 08:21:53+00;900;79;215;13
6817;2026-06-10 08:10:09+00;2026-06-10 09:37:09+00;5220;113;215;19
6818;2026-06-10 08:22:21+00;2026-06-10 08:23:48+00;87;29;206;2
6819;2026-06-10 08:25:01+00;2026-06-10 08:47:01+00;1320;7;206;3
6820;2026-06-10 08:27:11+00;2026-06-10 09:11:11+00;2640;14;220;19
6821;2026-06-10 08:28:26+00;2026-06-10 09:49:26+00;4860;137;211;19
6822;2026-06-10 08:35:24+00;2026-06-10 08:36:12+00;48;11;220;2
6823;2026-06-10 08:36:20+00;2026-06-10 08:38:07+00;107;23;201;2
6824;2026-06-10 08:44:30+00;2026-06-10 09:20:30+00;2160;8;208;3
6825;2026-06-10 08:47:56+00;2026-06-10 08:49:52+00;116;11;203;2
6826;2026-06-10 08:50:51+00;2026-06-10 08:51:55+00;64;13;219;2
6827;2026-06-10 08:51:54+00;2026-06-10 08:53:05+00;71;23;218;2
6828;2026-06-10 08:53:37+00;2026-06-10 09:49:37+00;3360;11;210;19
6829;2026-06-10 08:54:16+00;2026-06-10 09:24:16+00;1800;62;213;19
6830;2026-06-10 08:54:34+00;2026-06-10 08:56:30+00;116;16;217;2
6831;2026-06-10 09:00:37+00;2026-06-10 09:02:09+00;92;27;201;2
6832;2026-06-10 09:16:11+00;2026-06-10 10:16:11+00;3600;141;202;14
6833;2026-06-10 09:17:07+00;2026-06-10 09:18:04+00;57;16;205;2
6834;2026-06-10 09:17:16+00;2026-06-10 09:18:40+00;84;19;218;2
6835;2026-06-10 09:17:32+00;2026-06-10 09:19:02+00;90;25;220;2
6836;2026-06-10 09:19:09+00;2026-06-10 09:19:59+00;50;17;213;2
6837;2026-06-10 09:19:18+00;2026-06-10 10:49:18+00;5400;110;218;14
6838;2026-06-10 09:24:04+00;2026-06-10 10:15:04+00;3060;47;216;19
6839;2026-06-10 09:28:09+00;2026-06-10 09:29:43+00;94;13;212;2
6840;2026-06-10 09:30:18+00;2026-06-10 09:32:08+00;110;23;211;2
6841;2026-06-10 09:31:16+00;2026-06-10 10:01:16+00;1800;5;205;3
6842;2026-06-10 09:33:14+00;2026-06-10 09:50:14+00;1020;36;207;19
6843;2026-06-10 09:35:48+00;2026-06-10 10:46:48+00;4260;83;221;14
6844;2026-06-10 09:36:01+00;2026-06-10 10:43:01+00;4020;127;209;14
6845;2026-06-10 09:37:07+00;2026-06-10 09:38:17+00;70;18;209;2
6846;2026-06-10 09:50:53+00;2026-06-10 09:51:44+00;51;27;211;2
6847;2026-06-10 10:11:54+00;2026-06-10 10:13:10+00;76;15;203;2
6848;2026-06-10 10:18:34+00;2026-06-10 10:35:34+00;1020;8;223;1
6849;2026-06-10 10:20:36+00;2026-06-10 10:47:36+00;1620;44;212;13
6850;2026-06-10 10:21:45+00;2026-06-10 10:22:30+00;45;18;207;2
6851;2026-06-10 10:26:55+00;2026-06-10 11:52:55+00;5160;104;217;14
6852;2026-06-10 10:30:03+00;2026-06-10 10:57:03+00;1620;10;207;14
6853;2026-06-10 10:31:45+00;2026-06-10 10:32:50+00;65;17;201;2
6854;2026-06-10 10:33:13+00;2026-06-10 11:09:13+00;2160;26;223;19
6855;2026-06-10 10:33:58+00;2026-06-10 10:35:08+00;70;25;217;2
6856;2026-06-10 10:35:30+00;2026-06-10 10:36:12+00;42;18;211;2
6857;2026-06-10 10:38:15+00;2026-06-10 10:39:02+00;47;13;211;2
6858;2026-06-10 10:40:21+00;2026-06-10 10:41:58+00;97;25;210;2
6859;2026-06-10 10:53:19+00;2026-06-10 11:35:19+00;2520;73;205;13
6860;2026-06-10 11:01:11+00;2026-06-10 12:28:11+00;5220;130;200;14
6861;2026-06-10 11:01:52+00;2026-06-10 11:41:52+00;2400;7;216;3
6862;2026-06-10 11:04:36+00;2026-06-10 11:06:09+00;93;16;216;2
6863;2026-06-10 11:06:04+00;2026-06-10 11:07:17+00;73;12;223;2
6864;2026-06-10 11:20:03+00;2026-06-10 11:21:44+00;101;28;207;2
6865;2026-06-10 11:21:05+00;2026-06-10 12:45:05+00;5040;26;223;14
6866;2026-06-10 11:24:24+00;2026-06-10 11:26:21+00;117;13;220;2
6867;2026-06-10 11:34:28+00;2026-06-10 11:35:44+00;76;30;215;2
6868;2026-06-10 11:36:47+00;2026-06-10 11:37:57+00;70;19;203;2
6869;2026-06-10 11:37:39+00;2026-06-10 12:04:39+00;1620;33;223;14
6870;2026-06-10 11:41:02+00;2026-06-10 12:50:02+00;4140;120;205;14
6871;2026-06-10 11:46:47+00;2026-06-10 11:47:42+00;55;20;204;2
6872;2026-06-10 11:50:09+00;2026-06-10 11:51:37+00;88;12;203;2
6873;2026-06-10 11:57:47+00;2026-06-10 12:52:47+00;3300;131;214;19
6874;2026-06-10 12:07:00+00;2026-06-10 12:41:00+00;2040;115;221;13
6875;2026-06-10 12:20:00+00;2026-06-10 12:47:00+00;1620;11;216;14
6876;2026-06-10 12:20:17+00;2026-06-10 13:20:17+00;3600;94;202;14
6877;2026-06-10 12:36:29+00;2026-06-10 12:38:09+00;100;16;210;2
6878;2026-06-10 12:42:26+00;2026-06-10 13:22:26+00;2400;7;211;3
6879;2026-06-10 12:44:45+00;2026-06-10 12:45:48+00;63;10;208;2
6880;2026-06-10 12:45:55+00;2026-06-10 12:46:58+00;63;27;205;2
6881;2026-06-10 12:46:29+00;2026-06-10 13:23:29+00;2220;79;220;14
6882;2026-06-10 12:49:05+00;2026-06-10 12:51:05+00;120;25;202;2
6883;2026-06-10 12:49:06+00;2026-06-10 14:00:06+00;4260;50;203;19
6884;2026-06-10 12:50:02+00;2026-06-10 14:12:02+00;4920;81;216;13
6885;2026-06-10 12:51:49+00;2026-06-10 13:50:49+00;3540;148;222;13
6886;2026-06-10 12:52:35+00;2026-06-10 13:55:35+00;3780;95;207;13
6887;2026-06-10 12:54:08+00;2026-06-10 14:08:08+00;4440;128;217;13
6888;2026-06-10 12:56:07+00;2026-06-10 13:21:07+00;1500;137;213;13
6889;2026-06-10 12:56:37+00;2026-06-10 12:58:07+00;90;30;218;2
6890;2026-06-10 13:00:24+00;2026-06-10 13:01:09+00;45;11;204;2
6891;2026-06-10 13:03:20+00;2026-06-10 13:04:36+00;76;21;219;2
6892;2026-06-10 13:12:06+00;2026-06-10 14:36:06+00;5040;109;213;19
6893;2026-06-10 13:13:13+00;2026-06-10 13:14:29+00;76;14;217;2
6894;2026-06-10 13:19:42+00;2026-06-10 13:39:42+00;1200;7;215;3
6895;2026-06-10 13:20:48+00;2026-06-10 13:21:49+00;61;29;211;2
6896;2026-06-10 13:24:28+00;2026-06-10 13:25:20+00;52;27;222;2
6897;2026-06-10 13:27:45+00;2026-06-10 14:27:45+00;3600;117;201;14
6898;2026-06-10 13:37:06+00;2026-06-10 13:38:40+00;94;19;221;2
6899;2026-06-10 13:50:34+00;2026-06-10 13:51:53+00;79;13;211;2
6900;2026-06-10 13:51:42+00;2026-06-10 13:53:01+00;79;25;207;2
6901;2026-06-10 13:59:53+00;2026-06-10 15:13:53+00;4440;118;218;19
6902;2026-06-10 14:00:07+00;2026-06-10 14:00:47+00;40;18;217;2
6903;2026-06-10 14:00:34+00;2026-06-10 14:01:20+00;46;17;205;2
6904;2026-06-10 14:04:37+00;2026-06-10 14:06:18+00;101;15;220;2
6905;2026-06-10 14:10:36+00;2026-06-10 14:11:28+00;52;22;209;2
6906;2026-06-10 14:11:34+00;2026-06-10 14:13:25+00;111;18;204;2
6907;2026-06-10 14:18:20+00;2026-06-10 14:19:29+00;69;23;219;2
6908;2026-06-10 14:19:22+00;2026-06-10 15:31:22+00;4320;27;217;13
6909;2026-06-10 14:19:49+00;2026-06-10 14:48:49+00;1740;43;209;14
6910;2026-06-10 14:19:49+00;2026-06-10 14:36:49+00;1020;24;220;14
6911;2026-06-10 14:27:08+00;2026-06-10 14:28:18+00;70;16;211;2
6912;2026-06-10 14:35:30+00;2026-06-10 14:36:57+00;87;21;223;2
6913;2026-06-10 14:35:40+00;2026-06-10 14:36:40+00;60;21;220;2
6914;2026-06-10 14:41:56+00;2026-06-10 14:42:59+00;63;27;204;2
6915;2026-06-10 14:45:18+00;2026-06-10 14:46:49+00;91;19;217;2
6916;2026-06-10 14:48:59+00;2026-06-10 14:49:48+00;49;26;200;2
6917;2026-06-10 14:51:19+00;2026-06-10 15:22:19+00;1860;82;202;19
6918;2026-06-10 14:55:02+00;2026-06-10 15:48:02+00;3180;74;216;19
6919;2026-06-10 14:59:43+00;2026-06-10 15:51:43+00;3120;149;200;14
6920;2026-06-10 15:02:06+00;2026-06-10 15:03:09+00;63;14;214;2
6921;2026-06-10 15:07:25+00;2026-06-10 15:23:25+00;960;10;212;1
6922;2026-06-10 15:08:34+00;2026-06-10 16:00:34+00;3120;87;216;13
6923;2026-06-10 15:09:19+00;2026-06-10 16:23:19+00;4440;142;201;13
6924;2026-06-10 15:10:16+00;2026-06-10 15:43:16+00;1980;27;212;14
6925;2026-06-10 15:14:05+00;2026-06-10 15:45:05+00;1860;6;202;3
6926;2026-06-10 15:22:36+00;2026-06-10 15:24:29+00;113;18;215;2
6927;2026-06-10 15:24:34+00;2026-06-10 15:44:34+00;1200;99;212;13
6928;2026-06-10 15:30:04+00;2026-06-10 16:29:04+00;3540;59;200;19
6929;2026-06-10 15:31:49+00;2026-06-10 15:33:13+00;84;14;204;2
6930;2026-06-10 15:36:39+00;2026-06-10 15:37:57+00;78;11;210;2
6931;2026-06-10 15:40:07+00;2026-06-10 15:41:14+00;67;19;209;2
6932;2026-06-10 15:42:46+00;2026-06-10 16:37:46+00;3300;100;206;13
6933;2026-06-10 15:45:43+00;2026-06-10 16:47:43+00;3720;93;206;14
6934;2026-06-10 15:45:43+00;2026-06-10 16:00:43+00;900;23;221;14
6935;2026-06-10 15:49:26+00;2026-06-10 15:50:29+00;63;27;200;2
6936;2026-06-10 15:52:17+00;2026-06-10 17:07:17+00;4500;121;209;13
6937;2026-06-10 15:52:51+00;2026-06-10 15:54:14+00;83;27;220;2
6938;2026-06-10 16:07:07+00;2026-06-10 16:08:10+00;63;16;210;2
6939;2026-06-10 16:13:55+00;2026-06-10 16:15:00+00;65;20;202;2
6940;2026-06-10 16:32:56+00;2026-06-10 17:51:56+00;4740;106;211;13
6941;2026-06-10 16:34:00+00;2026-06-10 16:34:42+00;42;24;222;2
6942;2026-06-10 16:43:51+00;2026-06-10 17:58:51+00;4500;22;218;13
6943;2026-06-10 16:44:26+00;2026-06-10 17:53:26+00;4140;137;203;13
6944;2026-06-10 16:46:02+00;2026-06-10 16:47:52+00;110;15;216;2
6945;2026-06-10 16:48:31+00;2026-06-10 17:26:31+00;2280;72;208;13
6946;2026-06-10 17:13:00+00;2026-06-10 17:14:15+00;75;11;207;2
6947;2026-06-10 17:15:41+00;2026-06-10 17:52:41+00;2220;35;219;13
6948;2026-06-10 17:20:22+00;2026-06-10 17:21:33+00;71;24;207;2
6949;2026-06-10 17:21:27+00;2026-06-10 17:22:54+00;87;18;202;2
6950;2026-06-10 17:27:35+00;2026-06-10 17:29:07+00;92;20;215;2
6951;2026-06-10 17:32:59+00;2026-06-10 18:23:59+00;3060;121;221;14
6952;2026-06-10 17:40:38+00;2026-06-10 17:41:59+00;81;23;209;2
6953;2026-06-10 17:44:51+00;2026-06-10 18:28:51+00;2640;53;223;14
6954;2026-06-10 17:47:18+00;2026-06-10 17:48:42+00;84;30;221;2
6955;2026-06-10 17:52:25+00;2026-06-10 17:53:13+00;48;23;206;2
6956;2026-06-10 17:52:26+00;2026-06-10 17:53:59+00;93;14;223;2
6957;2026-06-10 17:52:50+00;2026-06-10 17:53:47+00;57;17;218;2
6958;2026-06-10 17:52:54+00;2026-06-10 18:34:54+00;2520;19;222;14
6959;2026-06-10 17:53:22+00;2026-06-10 17:54:25+00;63;18;208;2
6960;2026-06-10 17:55:00+00;2026-06-10 19:00:00+00;3900;68;204;19
6961;2026-06-10 17:55:04+00;2026-06-10 17:56:23+00;79;26;214;2
6962;2026-06-10 17:55:18+00;2026-06-10 18:51:18+00;3360;72;206;14
6963;2026-06-10 17:58:20+00;2026-06-10 18:00:03+00;103;21;204;2
6964;2026-06-10 17:58:43+00;2026-06-10 18:00:25+00;102;10;200;2
6965;2026-06-10 17:59:10+00;2026-06-10 18:48:10+00;2940;117;204;14
6966;2026-06-10 17:59:42+00;2026-06-10 18:44:42+00;2700;105;212;19
6967;2026-06-10 18:11:06+00;2026-06-10 18:13:05+00;119;23;219;2
6968;2026-06-10 18:22:39+00;2026-06-10 18:23:38+00;59;22;222;2
6969;2026-06-10 18:23:47+00;2026-06-10 18:24:28+00;41;20;210;2
6970;2026-06-10 18:27:34+00;2026-06-10 18:28:40+00;66;23;223;2
6971;2026-06-10 18:27:41+00;2026-06-10 19:55:41+00;5280;124;209;14
6972;2026-06-10 18:29:07+00;2026-06-10 18:30:41+00;94;21;222;2
6973;2026-06-10 18:29:26+00;2026-06-10 18:30:08+00;42;27;212;2
6974;2026-06-10 18:33:15+00;2026-06-10 18:58:15+00;1500;96;218;13
6975;2026-06-10 18:35:27+00;2026-06-10 18:52:27+00;1020;52;207;14
6976;2026-06-10 18:36:30+00;2026-06-10 18:37:41+00;71;20;221;2
6977;2026-06-10 18:37:10+00;2026-06-10 18:38:04+00;54;21;209;2
6978;2026-06-10 18:40:58+00;2026-06-10 19:35:58+00;3300;84;211;19
6979;2026-06-10 18:41:53+00;2026-06-10 18:43:03+00;70;20;209;2
6980;2026-06-10 18:42:55+00;2026-06-10 18:43:48+00;53;22;208;2
6981;2026-06-10 18:47:48+00;2026-06-10 18:49:22+00;94;16;221;2
6982;2026-06-10 18:56:51+00;2026-06-10 18:58:23+00;92;13;206;2
6983;2026-06-10 18:57:22+00;2026-06-10 18:58:57+00;95;24;211;2
6984;2026-06-10 19:00:41+00;2026-06-10 19:15:41+00;900;115;203;19
6985;2026-06-10 19:00:41+00;2026-06-10 19:01:47+00;66;26;213;2
6986;2026-06-10 19:00:56+00;2026-06-10 19:53:56+00;3180;12;210;14
6987;2026-06-10 19:03:44+00;2026-06-10 19:28:44+00;1500;21;221;14
6988;2026-06-10 19:08:53+00;2026-06-10 19:42:53+00;2040;113;223;14
6989;2026-06-10 19:09:35+00;2026-06-10 19:11:18+00;103;15;208;2
6990;2026-06-10 19:14:14+00;2026-06-10 20:12:14+00;3480;60;208;19
6991;2026-06-10 19:21:09+00;2026-06-10 19:22:22+00;73;17;213;2
6992;2026-06-10 19:23:10+00;2026-06-10 20:24:10+00;3660;114;207;13
6993;2026-06-10 19:35:01+00;2026-06-10 21:01:01+00;5160;41;221;13
6994;2026-06-10 19:37:37+00;2026-06-10 19:39:09+00;92;16;223;2
6995;2026-06-10 19:42:03+00;2026-06-10 19:42:44+00;41;20;213;2
6996;2026-06-10 19:42:14+00;2026-06-10 19:58:14+00;960;80;219;13
6997;2026-06-10 19:43:40+00;2026-06-10 19:45:21+00;101;19;201;2
6998;2026-06-10 19:46:58+00;2026-06-10 19:48:55+00;117;30;219;2
6999;2026-06-10 19:52:23+00;2026-06-10 19:53:50+00;87;19;210;2
7000;2026-06-10 19:52:47+00;2026-06-10 20:40:47+00;2880;55;218;19
7001;2026-06-10 19:56:47+00;2026-06-10 20:58:47+00;3720;119;222;13
7002;2026-06-10 19:57:40+00;2026-06-10 19:58:23+00;43;29;217;2
7003;2026-06-10 19:58:12+00;2026-06-10 19:59:39+00;87;13;216;2
7004;2026-06-10 20:02:03+00;2026-06-10 20:03:25+00;82;19;200;2
7005;2026-06-10 20:08:43+00;2026-06-10 21:16:43+00;4080;129;214;19
7006;2026-06-10 20:08:55+00;2026-06-10 20:23:55+00;900;104;200;13
7007;2026-06-10 20:10:38+00;2026-06-10 20:12:33+00;115;22;221;2
7008;2026-06-10 20:10:58+00;2026-06-10 20:50:58+00;2400;109;208;14
7009;2026-06-10 20:13:14+00;2026-06-10 20:13:56+00;42;11;203;2
7010;2026-06-10 20:23:11+00;2026-06-10 21:35:11+00;4320;123;217;13
7011;2026-06-10 20:25:04+00;2026-06-10 20:47:04+00;1320;100;202;19
7012;2026-06-10 20:27:42+00;2026-06-10 20:45:42+00;1080;50;208;13
7013;2026-06-10 20:31:34+00;2026-06-10 20:32:40+00;66;22;216;2
7014;2026-06-10 20:33:16+00;2026-06-10 21:28:16+00;3300;130;202;14
7015;2026-06-10 20:38:57+00;2026-06-10 20:40:29+00;92;20;219;2
7016;2026-06-10 20:45:31+00;2026-06-10 20:47:10+00;99;13;209;2
7017;2026-06-10 20:46:18+00;2026-06-10 22:03:18+00;4620;63;200;13
7018;2026-06-10 20:55:20+00;2026-06-10 21:43:20+00;2880;84;214;13
7019;2026-06-10 20:55:56+00;2026-06-10 20:57:33+00;97;25;201;2
7020;2026-06-10 21:00:19+00;2026-06-10 21:01:48+00;89;13;220;2
7021;2026-06-10 21:03:03+00;2026-06-10 21:04:03+00;60;26;213;2
7022;2026-06-10 21:11:33+00;2026-06-10 21:13:26+00;113;17;215;2
7023;2026-06-10 21:12:39+00;2026-06-10 21:13:51+00;72;10;212;2
7024;2026-06-10 21:20:33+00;2026-06-10 21:21:49+00;76;28;206;2
7025;2026-06-10 21:24:57+00;2026-06-10 21:26:02+00;65;27;222;2
7026;2026-06-10 21:33:05+00;2026-06-10 22:21:05+00;2880;36;218;14
7027;2026-06-10 21:43:38+00;2026-06-10 22:02:38+00;1140;139;219;13
7028;2026-06-10 21:49:03+00;2026-06-10 21:50:38+00;95;17;202;2
7029;2026-06-10 21:50:54+00;2026-06-10 21:52:51+00;117;28;201;2
7030;2026-06-10 21:54:08+00;2026-06-10 21:54:53+00;45;23;223;2
7031;2026-06-10 21:58:10+00;2026-06-10 23:01:10+00;3780;114;201;14
7032;2026-06-10 22:09:46+00;2026-06-10 22:11:26+00;100;17;209;2
7033;2026-06-10 22:17:52+00;2026-06-10 22:19:44+00;112;29;215;2
7034;2026-06-10 22:24:59+00;2026-06-10 23:40:59+00;4560;49;204;14
7035;2026-06-10 22:26:47+00;2026-06-10 22:28:45+00;118;18;215;2
7036;2026-06-10 22:31:11+00;2026-06-10 23:54:11+00;4980;32;204;14
7037;2026-06-10 22:32:55+00;2026-06-10 23:06:55+00;2040;88;205;14
7038;2026-06-10 22:36:41+00;2026-06-10 23:57:41+00;4860;130;216;14
7039;2026-06-10 22:44:05+00;2026-06-10 23:23:05+00;2340;117;211;14
7040;2026-06-10 22:47:29+00;2026-06-10 22:48:15+00;46;24;217;2
7041;2026-06-10 22:49:20+00;2026-06-10 22:50:47+00;87;27;203;2
7042;2026-06-10 22:52:12+00;2026-06-10 22:53:02+00;50;24;214;2
7043;2026-06-10 22:57:21+00;2026-06-11 00:04:21+00;4020;114;206;13
7044;2026-06-10 22:58:54+00;2026-06-10 23:00:47+00;113;23;205;2
7045;2026-06-10 23:05:07+00;2026-06-10 23:47:07+00;2520;10;208;13
7046;2026-06-10 23:06:29+00;2026-06-11 00:32:29+00;5160;29;217;14
7047;2026-06-10 23:07:33+00;2026-06-11 00:14:33+00;4020;52;211;13
7048;2026-06-10 23:07:44+00;2026-06-11 00:03:44+00;3360;65;204;19
7049;2026-06-10 23:13:45+00;2026-06-10 23:29:45+00;960;48;220;13
7050;2026-06-10 23:19:36+00;2026-06-10 23:20:48+00;72;16;216;2
7051;2026-06-10 23:23:01+00;2026-06-10 23:24:09+00;68;29;219;2
7052;2026-06-10 23:32:55+00;2026-06-10 23:34:13+00;78;16;205;2
7053;2026-06-10 23:33:00+00;2026-06-11 00:35:00+00;3720;85;220;13
7054;2026-06-10 23:37:40+00;2026-06-11 00:47:40+00;4200;28;217;13
7055;2026-06-10 23:45:42+00;2026-06-11 01:15:42+00;5400;81;203;14
7056;2026-06-10 23:48:23+00;2026-06-11 00:40:23+00;3120;73;206;14
7057;2026-06-11 00:19:49+00;2026-06-11 00:21:47+00;118;28;203;2
7058;2026-06-11 00:21:22+00;2026-06-11 00:23:13+00;111;22;202;2
7059;2026-06-11 00:31:10+00;2026-06-11 00:32:18+00;68;23;215;2
7060;2026-06-11 00:41:39+00;2026-06-11 00:43:35+00;116;22;214;2
7061;2026-06-11 00:58:37+00;2026-06-11 00:59:22+00;45;30;222;2
7062;2026-06-11 06:00:00+00;2026-06-11 06:01:56+00;116;23;218;2
7063;2026-06-11 06:02:37+00;2026-06-11 06:31:37+00;1740;127;220;19
7064;2026-06-11 06:15:28+00;2026-06-11 07:08:28+00;3180;80;210;19
7065;2026-06-11 06:23:53+00;2026-06-11 06:25:12+00;79;16;210;2
7066;2026-06-11 06:33:35+00;2026-06-11 06:35:34+00;119;13;207;2
7067;2026-06-11 06:37:06+00;2026-06-11 06:38:34+00;88;27;205;2
7068;2026-06-11 06:42:34+00;2026-06-11 06:43:27+00;53;11;210;2
7069;2026-06-11 06:45:06+00;2026-06-11 06:46:05+00;59;12;211;2
7070;2026-06-11 06:48:05+00;2026-06-11 06:48:56+00;51;29;200;2
7071;2026-06-11 06:52:44+00;2026-06-11 07:52:44+00;3600;34;202;19
7072;2026-06-11 07:06:35+00;2026-06-11 08:12:35+00;3960;28;213;13
7073;2026-06-11 07:21:38+00;2026-06-11 07:23:31+00;113;24;201;2
7074;2026-06-11 07:32:28+00;2026-06-11 07:33:24+00;56;17;203;2
7075;2026-06-11 07:37:14+00;2026-06-11 08:27:14+00;3000;140;207;13
7076;2026-06-11 07:47:49+00;2026-06-11 07:49:16+00;87;29;208;2
7077;2026-06-11 07:50:11+00;2026-06-11 07:50:53+00;42;11;212;2
7078;2026-06-11 07:50:12+00;2026-06-11 08:49:12+00;3540;61;221;14
7079;2026-06-11 07:55:51+00;2026-06-11 08:27:51+00;1920;73;223;14
7080;2026-06-11 07:59:21+00;2026-06-11 08:00:31+00;70;10;208;2
7081;2026-06-11 08:00:30+00;2026-06-11 08:51:30+00;3060;112;204;19
7082;2026-06-11 08:05:24+00;2026-06-11 08:06:42+00;78;19;202;2
7083;2026-06-11 08:05:47+00;2026-06-11 09:06:47+00;3660;137;217;13
7084;2026-06-11 08:13:53+00;2026-06-11 09:32:53+00;4740;142;211;19
7085;2026-06-11 08:15:01+00;2026-06-11 09:30:01+00;4500;88;207;19
7086;2026-06-11 08:23:48+00;2026-06-11 08:25:38+00;110;15;207;2
7087;2026-06-11 08:23:59+00;2026-06-11 09:01:59+00;2280;77;204;13
7088;2026-06-11 08:25:20+00;2026-06-11 09:01:20+00;2160;89;215;19
7089;2026-06-11 08:25:53+00;2026-06-11 09:18:53+00;3180;83;204;19
7090;2026-06-11 08:26:10+00;2026-06-11 09:17:10+00;3060;123;210;14
7091;2026-06-11 08:31:42+00;2026-06-11 08:32:29+00;47;13;221;2
7092;2026-06-11 08:33:17+00;2026-06-11 08:34:10+00;53;22;217;2
7093;2026-06-11 08:33:23+00;2026-06-11 08:34:33+00;70;17;217;2
7094;2026-06-11 08:34:31+00;2026-06-11 09:32:31+00;3480;47;208;14
7095;2026-06-11 08:35:55+00;2026-06-11 09:51:55+00;4560;124;214;19
7096;2026-06-11 08:38:18+00;2026-06-11 08:40:16+00;118;29;213;2
7097;2026-06-11 08:39:06+00;2026-06-11 09:28:06+00;2940;147;205;14
7098;2026-06-11 08:40:38+00;2026-06-11 08:42:35+00;117;25;201;2
7099;2026-06-11 08:41:38+00;2026-06-11 08:57:38+00;960;7;206;1
7100;2026-06-11 08:42:17+00;2026-06-11 09:12:17+00;1800;78;200;13
7101;2026-06-11 08:46:05+00;2026-06-11 08:47:28+00;83;20;203;2
7102;2026-06-11 08:49:37+00;2026-06-11 08:51:07+00;90;14;219;2
7103;2026-06-11 08:49:38+00;2026-06-11 08:51:31+00;113;15;209;2
7104;2026-06-11 08:55:04+00;2026-06-11 08:56:46+00;102;26;201;2
7105;2026-06-11 08:55:54+00;2026-06-11 10:21:54+00;5160;86;203;14
7106;2026-06-11 09:02:43+00;2026-06-11 09:03:43+00;60;29;205;2
7107;2026-06-11 09:04:05+00;2026-06-11 09:05:32+00;87;19;204;2
7108;2026-06-11 09:09:30+00;2026-06-11 10:17:30+00;4080;130;202;13
7109;2026-06-11 09:13:07+00;2026-06-11 09:14:58+00;111;23;209;2
7110;2026-06-11 09:14:07+00;2026-06-11 09:42:07+00;1680;16;219;19
7111;2026-06-11 09:16:17+00;2026-06-11 10:00:17+00;2640;22;208;14
7112;2026-06-11 09:19:40+00;2026-06-11 09:21:28+00;108;22;222;2
7113;2026-06-11 09:20:20+00;2026-06-11 10:03:20+00;2580;21;212;19
7114;2026-06-11 09:22:20+00;2026-06-11 09:23:07+00;47;19;214;2
7115;2026-06-11 09:23:29+00;2026-06-11 09:24:57+00;88;23;222;2
7116;2026-06-11 09:24:10+00;2026-06-11 09:26:04+00;114;15;202;2
7117;2026-06-11 09:28:10+00;2026-06-11 09:29:10+00;60;12;205;2
7118;2026-06-11 09:29:11+00;2026-06-11 10:02:11+00;1980;9;214;3
7119;2026-06-11 09:31:45+00;2026-06-11 09:33:24+00;99;13;209;2
7120;2026-06-11 09:34:07+00;2026-06-11 10:45:07+00;4260;32;209;14
7121;2026-06-11 09:45:26+00;2026-06-11 10:57:26+00;4320;125;215;14
7122;2026-06-11 09:47:07+00;2026-06-11 10:19:07+00;1920;93;207;19
7123;2026-06-11 09:47:53+00;2026-06-11 09:48:39+00;46;23;211;2
7124;2026-06-11 09:47:57+00;2026-06-11 09:49:07+00;70;17;212;2
7125;2026-06-11 09:51:58+00;2026-06-11 09:53:13+00;75;26;221;2
7126;2026-06-11 09:54:09+00;2026-06-11 10:58:09+00;3840;53;211;19
7127;2026-06-11 09:57:55+00;2026-06-11 10:32:55+00;2100;7;222;3
7128;2026-06-11 10:05:04+00;2026-06-11 10:06:09+00;65;15;201;2
7129;2026-06-11 10:06:18+00;2026-06-11 10:32:18+00;1560;8;213;3
7130;2026-06-11 10:07:16+00;2026-06-11 10:09:12+00;116;27;220;2
7131;2026-06-11 10:09:04+00;2026-06-11 10:10:16+00;72;17;213;2
7132;2026-06-11 10:10:50+00;2026-06-11 10:38:50+00;1680;10;203;3
7133;2026-06-11 10:17:27+00;2026-06-11 11:33:27+00;4560;134;204;19
7134;2026-06-11 10:23:40+00;2026-06-11 11:42:40+00;4740;64;206;14
7135;2026-06-11 10:25:48+00;2026-06-11 10:52:48+00;1620;8;206;3
7136;2026-06-11 10:27:09+00;2026-06-11 10:28:49+00;100;20;200;2
7137;2026-06-11 10:34:08+00;2026-06-11 10:35:54+00;106;24;218;2
7138;2026-06-11 10:36:27+00;2026-06-11 11:10:27+00;2040;89;219;19
7139;2026-06-11 10:40:00+00;2026-06-11 10:41:54+00;114;25;202;2
7140;2026-06-11 10:42:15+00;2026-06-11 10:43:13+00;58;13;208;2
7141;2026-06-11 10:44:24+00;2026-06-11 10:45:27+00;63;15;214;2
7142;2026-06-11 10:44:54+00;2026-06-11 12:05:54+00;4860;144;211;14
7143;2026-06-11 10:47:32+00;2026-06-11 10:48:45+00;73;19;221;2
7144;2026-06-11 10:49:28+00;2026-06-11 10:50:50+00;82;18;220;2
7145;2026-06-11 10:56:11+00;2026-06-11 10:57:21+00;70;20;222;2
7146;2026-06-11 10:56:54+00;2026-06-11 10:58:24+00;90;29;221;2
7147;2026-06-11 10:58:28+00;2026-06-11 11:37:28+00;2340;97;213;19
7148;2026-06-11 11:18:46+00;2026-06-11 12:46:46+00;5280;43;212;14
7149;2026-06-11 11:25:55+00;2026-06-11 11:26:57+00;62;26;213;2
7150;2026-06-11 11:32:58+00;2026-06-11 12:07:58+00;2100;5;210;3
7151;2026-06-11 11:39:55+00;2026-06-11 12:49:55+00;4200;48;216;14
7152;2026-06-11 11:42:01+00;2026-06-11 12:06:01+00;1440;7;201;3
7153;2026-06-11 11:45:17+00;2026-06-11 11:47:17+00;120;29;221;2
7154;2026-06-11 11:46:14+00;2026-06-11 11:47:38+00;84;27;209;2
7155;2026-06-11 11:46:58+00;2026-06-11 12:05:58+00;1140;45;211;19
7156;2026-06-11 11:47:54+00;2026-06-11 12:57:54+00;4200;34;210;19
7157;2026-06-11 11:55:41+00;2026-06-11 12:13:41+00;1080;146;202;13
7158;2026-06-11 12:01:28+00;2026-06-11 12:02:29+00;61;20;208;2
7159;2026-06-11 12:01:32+00;2026-06-11 12:34:32+00;1980;141;207;19
7160;2026-06-11 12:06:45+00;2026-06-11 13:07:45+00;3660;144;206;19
7161;2026-06-11 12:08:58+00;2026-06-11 12:10:54+00;116;18;204;2
7162;2026-06-11 12:13:05+00;2026-06-11 12:13:58+00;53;23;223;2
7163;2026-06-11 12:14:53+00;2026-06-11 13:12:53+00;3480;62;214;13
7164;2026-06-11 12:18:42+00;2026-06-11 12:20:13+00;91;17;204;2
7165;2026-06-11 12:26:00+00;2026-06-11 12:58:00+00;1920;7;223;3
7166;2026-06-11 12:32:00+00;2026-06-11 12:33:19+00;79;20;201;2
7167;2026-06-11 12:33:31+00;2026-06-11 12:35:16+00;105;23;220;2
7168;2026-06-11 12:34:11+00;2026-06-11 12:35:27+00;76;13;200;2
7169;2026-06-11 12:34:35+00;2026-06-11 13:46:35+00;4320;45;220;19
7170;2026-06-11 12:35:49+00;2026-06-11 12:36:39+00;50;19;223;2
7171;2026-06-11 12:53:11+00;2026-06-11 13:12:11+00;1140;13;223;14
7172;2026-06-11 12:54:34+00;2026-06-11 12:56:13+00;99;19;203;2
7173;2026-06-11 12:54:46+00;2026-06-11 12:56:18+00;92;22;202;2
7174;2026-06-11 12:55:33+00;2026-06-11 12:57:27+00;114;21;223;2
7175;2026-06-11 12:56:49+00;2026-06-11 12:58:39+00;110;22;209;2
7176;2026-06-11 12:58:16+00;2026-06-11 14:26:16+00;5280;104;219;19
7177;2026-06-11 13:00:46+00;2026-06-11 13:01:29+00;43;24;208;2
7178;2026-06-11 13:01:56+00;2026-06-11 13:03:43+00;107;20;205;2
7179;2026-06-11 13:04:17+00;2026-06-11 14:24:17+00;4800;72;216;13
7180;2026-06-11 13:07:44+00;2026-06-11 14:13:44+00;3960;45;215;19
7181;2026-06-11 13:08:29+00;2026-06-11 13:10:05+00;96;30;217;2
7182;2026-06-11 13:14:29+00;2026-06-11 14:42:29+00;5280;145;209;13
7183;2026-06-11 13:28:06+00;2026-06-11 13:30:02+00;116;13;205;2
7184;2026-06-11 13:34:15+00;2026-06-11 14:06:15+00;1920;94;212;14
7185;2026-06-11 13:35:53+00;2026-06-11 13:37:36+00;103;25;223;2
7186;2026-06-11 13:37:17+00;2026-06-11 13:38:44+00;87;23;217;2
7187;2026-06-11 13:42:59+00;2026-06-11 14:54:59+00;4320;83;216;14
7188;2026-06-11 13:46:43+00;2026-06-11 13:47:36+00;53;30;216;2
7189;2026-06-11 14:03:15+00;2026-06-11 14:04:39+00;84;29;204;2
7190;2026-06-11 14:03:59+00;2026-06-11 14:45:59+00;2520;13;206;14
7191;2026-06-11 14:13:38+00;2026-06-11 14:15:27+00;109;24;203;2
7192;2026-06-11 14:13:56+00;2026-06-11 14:48:56+00;2100;60;221;19
7193;2026-06-11 14:17:59+00;2026-06-11 14:19:10+00;71;30;207;2
7194;2026-06-11 14:19:54+00;2026-06-11 14:20:45+00;51;13;205;2
7195;2026-06-11 14:19:58+00;2026-06-11 14:21:02+00;64;24;218;2
7196;2026-06-11 14:22:21+00;2026-06-11 14:23:19+00;58;11;205;2
7197;2026-06-11 14:26:27+00;2026-06-11 14:44:27+00;1080;10;221;14
7198;2026-06-11 14:42:55+00;2026-06-11 16:10:55+00;5280;147;223;14
7199;2026-06-11 14:44:28+00;2026-06-11 14:45:56+00;88;18;200;2
7200;2026-06-11 14:48:11+00;2026-06-11 14:49:52+00;101;16;210;2
7201;2026-06-11 14:50:48+00;2026-06-11 14:52:08+00;80;14;204;2
7202;2026-06-11 14:56:24+00;2026-06-11 15:53:24+00;3420;118;200;19
7203;2026-06-11 14:57:33+00;2026-06-11 14:59:14+00;101;18;207;2
7204;2026-06-11 14:59:45+00;2026-06-11 15:00:44+00;59;24;213;2
7205;2026-06-11 15:08:33+00;2026-06-11 16:07:33+00;3540;135;215;19
7206;2026-06-11 15:16:44+00;2026-06-11 15:17:44+00;60;20;212;2
7207;2026-06-11 15:19:18+00;2026-06-11 15:21:11+00;113;30;219;2
7208;2026-06-11 15:27:09+00;2026-06-11 15:29:07+00;118;17;218;2
7209;2026-06-11 15:29:02+00;2026-06-11 15:29:43+00;41;29;212;2
7210;2026-06-11 15:35:11+00;2026-06-11 15:36:58+00;107;25;206;2
7211;2026-06-11 15:36:00+00;2026-06-11 17:04:00+00;5280;43;212;13
7212;2026-06-11 15:41:22+00;2026-06-11 16:18:22+00;2220;84;205;14
7213;2026-06-11 15:41:29+00;2026-06-11 16:49:29+00;4080;123;217;14
7214;2026-06-11 15:45:02+00;2026-06-11 15:46:03+00;61;28;207;2
7215;2026-06-11 15:45:07+00;2026-06-11 16:10:07+00;1500;16;222;14
7216;2026-06-11 15:49:09+00;2026-06-11 16:17:09+00;1680;5;216;3
7217;2026-06-11 15:57:30+00;2026-06-11 17:25:30+00;5280;60;217;13
7218;2026-06-11 16:06:29+00;2026-06-11 16:07:27+00;58;17;206;2
7219;2026-06-11 16:09:29+00;2026-06-11 16:24:29+00;900;13;203;13
7220;2026-06-11 16:10:28+00;2026-06-11 16:31:28+00;1260;139;203;13
7221;2026-06-11 16:11:51+00;2026-06-11 16:12:57+00;66;28;211;2
7222;2026-06-11 16:12:48+00;2026-06-11 16:14:41+00;113;13;222;2
7223;2026-06-11 16:18:34+00;2026-06-11 16:20:20+00;106;13;211;2
7224;2026-06-11 16:20:27+00;2026-06-11 16:21:09+00;42;29;215;2
7225;2026-06-11 16:22:48+00;2026-06-11 17:22:48+00;3600;24;212;14
7226;2026-06-11 16:26:09+00;2026-06-11 16:42:09+00;960;14;218;19
7227;2026-06-11 16:30:20+00;2026-06-11 16:49:20+00;1140;22;221;13
7228;2026-06-11 16:34:24+00;2026-06-11 16:35:45+00;81;27;208;2
7229;2026-06-11 16:38:07+00;2026-06-11 16:39:27+00;80;15;206;2
7230;2026-06-11 16:39:57+00;2026-06-11 17:57:57+00;4680;110;200;19
7231;2026-06-11 16:42:24+00;2026-06-11 16:44:06+00;102;21;213;2
7232;2026-06-11 16:49:07+00;2026-06-11 16:49:58+00;51;23;214;2
7233;2026-06-11 16:50:29+00;2026-06-11 17:40:29+00;3000;132;212;13
7234;2026-06-11 16:53:54+00;2026-06-11 18:15:54+00;4920;51;219;13
7235;2026-06-11 16:58:33+00;2026-06-11 17:49:33+00;3060;141;202;19
7236;2026-06-11 17:11:53+00;2026-06-11 18:29:53+00;4680;67;217;19
7237;2026-06-11 17:13:09+00;2026-06-11 17:13:58+00;49;29;207;2
7238;2026-06-11 17:15:19+00;2026-06-11 18:33:19+00;4680;76;209;13
7239;2026-06-11 17:19:20+00;2026-06-11 17:21:11+00;111;13;215;2
7240;2026-06-11 17:21:22+00;2026-06-11 17:22:19+00;57;26;212;2
7241;2026-06-11 17:27:15+00;2026-06-11 18:41:15+00;4440;149;218;19
7242;2026-06-11 17:30:41+00;2026-06-11 18:41:41+00;4260;143;218;19
7243;2026-06-11 17:31:25+00;2026-06-11 17:56:25+00;1500;147;222;14
7244;2026-06-11 17:32:50+00;2026-06-11 17:34:50+00;120;12;221;2
7245;2026-06-11 17:35:53+00;2026-06-11 17:37:12+00;79;15;200;2
7246;2026-06-11 17:50:12+00;2026-06-11 18:59:12+00;4140;81;222;19
7247;2026-06-11 17:59:28+00;2026-06-11 18:01:19+00;111;15;215;2
7248;2026-06-11 18:06:49+00;2026-06-11 18:33:49+00;1620;118;206;19
7249;2026-06-11 18:08:25+00;2026-06-11 18:56:25+00;2880;98;213;13
7250;2026-06-11 18:16:48+00;2026-06-11 18:18:45+00;117;30;201;2
7251;2026-06-11 18:19:08+00;2026-06-11 19:21:08+00;3720;25;207;13
7252;2026-06-11 18:20:08+00;2026-06-11 18:21:52+00;104;14;202;2
7253;2026-06-11 18:21:36+00;2026-06-11 19:19:36+00;3480;128;216;13
7254;2026-06-11 18:24:50+00;2026-06-11 19:10:50+00;2760;97;205;13
7255;2026-06-11 18:28:58+00;2026-06-11 18:30:53+00;115;16;206;2
7256;2026-06-11 18:32:58+00;2026-06-11 19:49:58+00;4620;132;201;19
7257;2026-06-11 18:33:13+00;2026-06-11 19:56:13+00;4980;54;215;14
7258;2026-06-11 18:39:30+00;2026-06-11 19:56:30+00;4620;11;204;19
7259;2026-06-11 18:40:09+00;2026-06-11 18:41:14+00;65;21;216;2
7260;2026-06-11 18:40:30+00;2026-06-11 18:42:14+00;104;20;210;2
7261;2026-06-11 18:40:55+00;2026-06-11 18:41:48+00;53;17;210;2
7262;2026-06-11 18:41:16+00;2026-06-11 18:42:24+00;68;17;217;2
7263;2026-06-11 18:50:55+00;2026-06-11 20:03:55+00;4380;28;211;13
7264;2026-06-11 18:54:27+00;2026-06-11 20:09:27+00;4500;111;201;14
7265;2026-06-11 18:58:08+00;2026-06-11 18:58:58+00;50;11;220;2
7266;2026-06-11 19:01:28+00;2026-06-11 19:03:17+00;109;16;214;2
7267;2026-06-11 19:03:58+00;2026-06-11 19:44:58+00;2460;136;207;14
7268;2026-06-11 19:05:31+00;2026-06-11 19:26:31+00;1260;52;200;13
7269;2026-06-11 19:07:33+00;2026-06-11 19:39:33+00;1920;84;213;14
7270;2026-06-11 19:07:44+00;2026-06-11 19:09:41+00;117;27;223;2
7271;2026-06-11 19:09:20+00;2026-06-11 20:28:20+00;4740;114;211;19
7272;2026-06-11 19:10:37+00;2026-06-11 20:33:37+00;4980;150;209;14
7273;2026-06-11 19:18:38+00;2026-06-11 19:19:31+00;53;12;215;2
7274;2026-06-11 19:22:15+00;2026-06-11 20:09:15+00;2820;52;202;13
7275;2026-06-11 19:28:19+00;2026-06-11 19:43:19+00;900;15;219;13
7276;2026-06-11 19:32:14+00;2026-06-11 20:14:14+00;2520;149;206;14
7277;2026-06-11 19:41:51+00;2026-06-11 19:56:51+00;900;63;217;13
7278;2026-06-11 19:55:43+00;2026-06-11 21:19:43+00;5040;59;221;14
7279;2026-06-11 19:59:55+00;2026-06-11 20:39:55+00;2400;118;220;19
7280;2026-06-11 20:04:40+00;2026-06-11 20:44:40+00;2400;138;216;13
7281;2026-06-11 20:05:04+00;2026-06-11 20:51:04+00;2760;118;208;13
7282;2026-06-11 20:08:46+00;2026-06-11 20:54:46+00;2760;126;204;14
7283;2026-06-11 20:10:51+00;2026-06-11 20:12:18+00;87;26;214;2
7284;2026-06-11 20:20:40+00;2026-06-11 21:09:40+00;2940;28;202;14
7285;2026-06-11 20:22:42+00;2026-06-11 20:23:39+00;57;23;201;2
7286;2026-06-11 20:26:13+00;2026-06-11 20:27:14+00;61;28;209;2
7287;2026-06-11 20:27:45+00;2026-06-11 20:29:25+00;100;27;210;2
7288;2026-06-11 20:30:05+00;2026-06-11 20:31:02+00;57;10;214;2
7289;2026-06-11 20:33:34+00;2026-06-11 21:17:34+00;2640;143;222;19
7290;2026-06-11 20:36:46+00;2026-06-11 20:38:25+00;99;12;206;2
7291;2026-06-11 20:39:37+00;2026-06-11 20:40:33+00;56;23;223;2
7292;2026-06-11 20:47:47+00;2026-06-11 20:49:11+00;84;26;202;2
7293;2026-06-11 20:59:38+00;2026-06-11 22:16:38+00;4620;95;221;14
7294;2026-06-11 21:09:55+00;2026-06-11 21:45:55+00;2160;41;219;13
7295;2026-06-11 21:11:50+00;2026-06-11 21:13:25+00;95;25;204;2
7296;2026-06-11 21:18:51+00;2026-06-11 21:20:26+00;95;21;212;2
7297;2026-06-11 21:20:04+00;2026-06-11 21:22:04+00;120;20;204;2
7298;2026-06-11 21:22:00+00;2026-06-11 21:22:49+00;49;25;214;2
7299;2026-06-11 21:23:48+00;2026-06-11 21:25:23+00;95;19;201;2
7300;2026-06-11 21:27:37+00;2026-06-11 21:57:37+00;1800;76;213;13
7301;2026-06-11 21:29:57+00;2026-06-11 22:08:57+00;2340;141;214;19
7302;2026-06-11 21:35:33+00;2026-06-11 21:36:15+00;42;28;218;2
7303;2026-06-11 21:38:26+00;2026-06-11 21:39:06+00;40;11;219;2
7304;2026-06-11 21:38:38+00;2026-06-11 22:22:38+00;2640;110;208;19
7305;2026-06-11 21:39:32+00;2026-06-11 21:40:19+00;47;22;217;2
7306;2026-06-11 21:41:43+00;2026-06-11 22:16:43+00;2100;132;210;19
7307;2026-06-11 21:42:12+00;2026-06-11 21:43:40+00;88;13;206;2
7308;2026-06-11 21:44:08+00;2026-06-11 22:56:08+00;4320;54;210;13
7309;2026-06-11 21:49:28+00;2026-06-11 21:50:41+00;73;28;213;2
7310;2026-06-11 21:49:36+00;2026-06-11 21:51:06+00;90;18;212;2
7311;2026-06-11 21:54:04+00;2026-06-11 23:15:04+00;4860;58;203;19
7312;2026-06-11 21:57:12+00;2026-06-11 21:58:48+00;96;18;215;2
7313;2026-06-11 21:59:30+00;2026-06-11 22:59:30+00;3600;28;218;14
7314;2026-06-11 22:04:59+00;2026-06-11 22:51:59+00;2820;111;205;19
7315;2026-06-11 22:20:43+00;2026-06-11 22:21:33+00;50;15;223;2
7316;2026-06-11 22:21:49+00;2026-06-11 23:06:49+00;2700;146;206;19
7317;2026-06-11 22:24:47+00;2026-06-11 23:34:47+00;4200;66;201;13
7318;2026-06-11 22:36:12+00;2026-06-11 22:37:25+00;73;26;204;2
7319;2026-06-11 22:38:48+00;2026-06-11 22:39:28+00;40;28;216;2
7320;2026-06-11 22:40:41+00;2026-06-11 22:42:16+00;95;23;220;2
7321;2026-06-11 22:52:25+00;2026-06-11 23:40:25+00;2880;50;208;13
7322;2026-06-11 22:52:40+00;2026-06-12 00:00:40+00;4080;67;201;14
7323;2026-06-11 22:56:09+00;2026-06-11 22:57:44+00;95;23;213;2
7324;2026-06-11 22:59:36+00;2026-06-11 23:01:33+00;117;28;221;2
7325;2026-06-11 23:00:09+00;2026-06-11 23:29:09+00;1740;94;201;14
7326;2026-06-11 23:01:57+00;2026-06-12 00:03:57+00;3720;61;223;13
7327;2026-06-11 23:02:27+00;2026-06-11 23:04:08+00;101;30;203;2
7328;2026-06-11 23:09:10+00;2026-06-12 00:10:10+00;3660;124;223;13
7329;2026-06-11 23:10:11+00;2026-06-12 00:28:11+00;4680;97;200;14
7330;2026-06-11 23:14:35+00;2026-06-12 00:16:35+00;3720;71;203;19
7331;2026-06-11 23:16:35+00;2026-06-11 23:17:45+00;70;15;216;2
7332;2026-06-11 23:18:27+00;2026-06-12 00:39:27+00;4860;53;205;19
7333;2026-06-11 23:27:16+00;2026-06-12 00:08:16+00;2460;13;205;19
7334;2026-06-11 23:27:31+00;2026-06-11 23:29:29+00;118;13;216;2
7335;2026-06-11 23:41:27+00;2026-06-12 01:10:27+00;5340;99;201;19
7336;2026-06-11 23:47:15+00;2026-06-11 23:49:04+00;109;14;213;2
7337;2026-06-11 23:53:23+00;2026-06-11 23:54:52+00;89;26;209;2
7338;2026-06-12 00:24:40+00;2026-06-12 00:25:45+00;65;15;200;2
7339;2026-06-12 00:25:46+00;2026-06-12 00:27:35+00;109;27;215;2
7340;2026-06-12 00:31:31+00;2026-06-12 00:33:21+00;110;16;219;2
7341;2026-06-12 00:32:13+00;2026-06-12 00:33:33+00;80;14;212;2
7342;2026-06-12 00:35:14+00;2026-06-12 00:36:18+00;64;28;219;2
7343;2026-06-12 00:37:28+00;2026-06-12 00:39:05+00;97;10;221;2
7344;2026-06-12 00:46:46+00;2026-06-12 00:47:45+00;59;25;202;2
7345;2026-06-12 00:51:52+00;2026-06-12 00:52:35+00;43;20;217;2
7346;2026-06-12 06:00:20+00;2026-06-12 06:01:34+00;74;18;205;2
7347;2026-06-12 06:02:41+00;2026-06-12 06:56:41+00;3240;23;207;19
7348;2026-06-12 06:05:13+00;2026-06-12 06:06:59+00;106;21;218;2
7349;2026-06-12 06:06:05+00;2026-06-12 06:07:12+00;67;26;213;2
7350;2026-06-12 06:06:46+00;2026-06-12 06:07:42+00;56;21;210;2
7351;2026-06-12 06:13:31+00;2026-06-12 07:11:31+00;3480;28;216;13
7352;2026-06-12 06:15:50+00;2026-06-12 06:53:50+00;2280;37;215;13
7353;2026-06-12 06:22:30+00;2026-06-12 07:09:30+00;2820;148;204;14
7354;2026-06-12 06:37:38+00;2026-06-12 06:39:28+00;110;10;206;2
7355;2026-06-12 06:40:49+00;2026-06-12 06:41:41+00;52;10;209;2
7356;2026-06-12 06:44:59+00;2026-06-12 06:46:52+00;113;16;204;2
7357;2026-06-12 06:47:22+00;2026-06-12 06:48:46+00;84;27;202;2
7358;2026-06-12 06:47:25+00;2026-06-12 07:12:25+00;1500;26;215;19
7359;2026-06-12 06:48:14+00;2026-06-12 06:50:12+00;118;29;220;2
7360;2026-06-12 06:50:03+00;2026-06-12 06:51:42+00;99;15;215;2
7361;2026-06-12 06:51:22+00;2026-06-12 06:52:49+00;87;15;214;2
7362;2026-06-12 06:51:41+00;2026-06-12 07:25:41+00;2040;85;213;14
7363;2026-06-12 06:57:56+00;2026-06-12 08:08:56+00;4260;98;206;19
7364;2026-06-12 06:58:29+00;2026-06-12 07:00:07+00;98;13;201;2
7365;2026-06-12 06:59:06+00;2026-06-12 07:00:36+00;90;30;222;2
7366;2026-06-12 07:07:40+00;2026-06-12 07:08:32+00;52;30;218;2
7367;2026-06-12 07:19:45+00;2026-06-12 07:20:39+00;54;11;221;2
7368;2026-06-12 07:20:58+00;2026-06-12 07:21:55+00;57;18;200;2
7369;2026-06-12 07:26:18+00;2026-06-12 07:27:17+00;59;29;208;2
7370;2026-06-12 07:29:01+00;2026-06-12 07:30:05+00;64;28;206;2
7371;2026-06-12 07:29:47+00;2026-06-12 08:39:47+00;4200;143;202;19
7372;2026-06-12 07:31:08+00;2026-06-12 07:32:17+00;69;22;201;2
7373;2026-06-12 07:38:39+00;2026-06-12 07:39:39+00;60;20;203;2
7374;2026-06-12 07:38:48+00;2026-06-12 08:43:48+00;3900;45;207;19
7375;2026-06-12 07:47:05+00;2026-06-12 07:48:40+00;95;10;221;2
7376;2026-06-12 07:47:50+00;2026-06-12 09:13:50+00;5160;124;208;13
7377;2026-06-12 07:53:11+00;2026-06-12 07:54:10+00;59;16;220;2
7378;2026-06-12 07:56:04+00;2026-06-12 08:33:04+00;2220;5;207;3
7379;2026-06-12 07:57:23+00;2026-06-12 07:59:09+00;106;28;206;2
7380;2026-06-12 08:00:31+00;2026-06-12 08:01:41+00;70;24;205;2
7381;2026-06-12 08:01:58+00;2026-06-12 09:07:58+00;3960;51;214;14
7382;2026-06-12 08:02:37+00;2026-06-12 08:20:37+00;1080;38;219;13
7383;2026-06-12 08:06:24+00;2026-06-12 08:08:05+00;101;17;213;2
7384;2026-06-12 08:08:42+00;2026-06-12 09:24:42+00;4560;15;210;13
7385;2026-06-12 08:13:36+00;2026-06-12 08:56:36+00;2580;17;223;14
7386;2026-06-12 08:17:18+00;2026-06-12 08:18:06+00;48;19;206;2
7387;2026-06-12 08:28:42+00;2026-06-12 09:51:42+00;4980;129;206;19
7388;2026-06-12 08:36:07+00;2026-06-12 09:04:07+00;1680;12;213;14
7389;2026-06-12 08:42:05+00;2026-06-12 10:07:05+00;5100;132;214;13
7390;2026-06-12 08:44:39+00;2026-06-12 08:46:20+00;101;28;223;2
7391;2026-06-12 08:48:14+00;2026-06-12 09:09:14+00;1260;5;214;3
7392;2026-06-12 08:49:51+00;2026-06-12 08:51:04+00;73;26;211;2
7393;2026-06-12 08:54:50+00;2026-06-12 09:24:50+00;1800;8;220;3
7394;2026-06-12 08:56:12+00;2026-06-12 08:57:05+00;53;17;218;2
7395;2026-06-12 09:06:04+00;2026-06-12 09:48:04+00;2520;111;217;13
7396;2026-06-12 09:11:23+00;2026-06-12 09:56:23+00;2700;25;215;14
7397;2026-06-12 09:12:30+00;2026-06-12 10:31:30+00;4740;64;218;19
7398;2026-06-12 09:15:34+00;2026-06-12 09:52:34+00;2220;106;208;19
7399;2026-06-12 09:16:57+00;2026-06-12 09:18:46+00;109;11;204;2
7400;2026-06-12 09:20:41+00;2026-06-12 09:22:37+00;116;15;208;2
7401;2026-06-12 09:26:15+00;2026-06-12 10:36:15+00;4200;70;222;13
7402;2026-06-12 09:33:04+00;2026-06-12 10:02:04+00;1740;10;218;3
7403;2026-06-12 09:35:48+00;2026-06-12 09:37:20+00;92;20;203;2
7404;2026-06-12 09:36:02+00;2026-06-12 09:37:51+00;109;17;209;2
7405;2026-06-12 09:40:19+00;2026-06-12 09:41:21+00;62;11;217;2
7406;2026-06-12 09:40:58+00;2026-06-12 10:49:58+00;4140;29;219;19
7407;2026-06-12 09:42:31+00;2026-06-12 10:46:31+00;3840;149;216;13
7408;2026-06-12 09:43:45+00;2026-06-12 09:45:13+00;88;15;212;2
7409;2026-06-12 09:44:09+00;2026-06-12 09:45:05+00;56;14;219;2
7410;2026-06-12 09:52:16+00;2026-06-12 10:49:16+00;3420;24;204;14
7411;2026-06-12 09:55:37+00;2026-06-12 09:56:59+00;82;16;215;2
7412;2026-06-12 10:00:27+00;2026-06-12 10:01:52+00;85;30;219;2
7413;2026-06-12 10:01:36+00;2026-06-12 10:23:36+00;1320;138;202;19
7414;2026-06-12 10:04:18+00;2026-06-12 10:05:40+00;82;12;215;2
7415;2026-06-12 10:31:07+00;2026-06-12 11:17:07+00;2760;94;218;19
7416;2026-06-12 10:38:49+00;2026-06-12 10:39:48+00;59;19;213;2
7417;2026-06-12 10:44:01+00;2026-06-12 10:45:38+00;97;21;203;2
7418;2026-06-12 10:46:37+00;2026-06-12 10:48:32+00;115;17;207;2
7419;2026-06-12 10:48:09+00;2026-06-12 11:09:09+00;1260;5;219;3
7420;2026-06-12 10:54:08+00;2026-06-12 12:16:08+00;4920;111;216;14
7421;2026-06-12 10:57:55+00;2026-06-12 10:58:42+00;47;25;203;2
7422;2026-06-12 10:58:35+00;2026-06-12 10:59:55+00;80;11;211;2
7423;2026-06-12 10:59:38+00;2026-06-12 11:01:20+00;102;28;221;2
7424;2026-06-12 11:00:23+00;2026-06-12 12:06:23+00;3960;31;211;14
7425;2026-06-12 11:02:13+00;2026-06-12 11:23:13+00;1260;9;204;3
7426;2026-06-12 11:02:38+00;2026-06-12 11:25:38+00;1380;99;217;19
7427;2026-06-12 11:04:19+00;2026-06-12 12:23:19+00;4740;10;210;14
7428;2026-06-12 11:05:00+00;2026-06-12 11:06:15+00;75;25;201;2
7429;2026-06-12 11:13:31+00;2026-06-12 11:14:16+00;45;20;216;2
7430;2026-06-12 11:13:56+00;2026-06-12 11:14:51+00;55;10;212;2
7431;2026-06-12 11:17:09+00;2026-06-12 12:18:09+00;3660;138;220;14
7432;2026-06-12 11:18:54+00;2026-06-12 11:57:54+00;2340;76;215;19
7433;2026-06-12 11:22:20+00;2026-06-12 11:23:17+00;57;19;212;2
7434;2026-06-12 11:28:22+00;2026-06-12 11:44:22+00;960;136;220;19
7435;2026-06-12 11:28:47+00;2026-06-12 11:50:47+00;1320;107;203;13
7436;2026-06-12 11:31:57+00;2026-06-12 11:33:51+00;114;24;221;2
7437;2026-06-12 11:35:04+00;2026-06-12 11:36:08+00;64;25;212;2
7438;2026-06-12 11:35:05+00;2026-06-12 11:36:52+00;107;25;200;2
7439;2026-06-12 11:39:28+00;2026-06-12 11:41:08+00;100;30;212;2
7440;2026-06-12 11:41:54+00;2026-06-12 11:43:06+00;72;22;202;2
7441;2026-06-12 11:51:18+00;2026-06-12 11:52:14+00;56;27;204;2
7442;2026-06-12 11:55:53+00;2026-06-12 11:56:56+00;63;23;219;2
7443;2026-06-12 11:59:12+00;2026-06-12 12:36:12+00;2220;121;223;19
7444;2026-06-12 12:14:28+00;2026-06-12 12:53:28+00;2340;102;220;13
7445;2026-06-12 12:14:59+00;2026-06-12 12:30:59+00;960;42;204;13
7446;2026-06-12 12:15:01+00;2026-06-12 12:43:01+00;1680;6;210;1
7447;2026-06-12 12:24:38+00;2026-06-12 12:54:38+00;1800;8;202;3
7448;2026-06-12 12:26:14+00;2026-06-12 13:46:14+00;4800;78;218;19
7449;2026-06-12 12:29:31+00;2026-06-12 12:30:24+00;53;14;211;2
7450;2026-06-12 12:35:04+00;2026-06-12 13:09:04+00;2040;20;216;13
7451;2026-06-12 12:35:26+00;2026-06-12 13:11:26+00;2160;11;220;14
7452;2026-06-12 12:38:10+00;2026-06-12 12:39:18+00;68;19;211;2
7453;2026-06-12 12:38:30+00;2026-06-12 13:04:30+00;1560;9;215;3
7454;2026-06-12 12:44:58+00;2026-06-12 12:59:58+00;900;10;211;1
7455;2026-06-12 12:45:03+00;2026-06-12 12:46:03+00;60;19;210;2
7456;2026-06-12 12:47:59+00;2026-06-12 14:16:59+00;5340;149;200;19
7457;2026-06-12 12:51:17+00;2026-06-12 12:52:08+00;51;11;201;2
7458;2026-06-12 12:59:15+00;2026-06-12 13:41:15+00;2520;68;206;14
7459;2026-06-12 13:04:18+00;2026-06-12 13:37:18+00;1980;77;201;19
7460;2026-06-12 13:09:06+00;2026-06-12 13:10:49+00;103;30;203;2
7461;2026-06-12 13:16:53+00;2026-06-12 13:18:25+00;92;13;205;2
7462;2026-06-12 13:24:03+00;2026-06-12 13:48:03+00;1440;106;210;14
7463;2026-06-12 13:33:30+00;2026-06-12 14:53:30+00;4800;57;218;14
7464;2026-06-12 13:35:10+00;2026-06-12 13:52:10+00;1020;13;211;14
7465;2026-06-12 13:37:24+00;2026-06-12 13:38:23+00;59;12;222;2
7466;2026-06-12 13:51:59+00;2026-06-12 15:15:59+00;5040;33;210;13
7467;2026-06-12 13:52:32+00;2026-06-12 13:53:51+00;79;27;212;2
7468;2026-06-12 13:52:41+00;2026-06-12 14:24:41+00;1920;129;204;14
7469;2026-06-12 13:52:55+00;2026-06-12 13:54:53+00;118;27;208;2
7470;2026-06-12 13:54:19+00;2026-06-12 14:40:19+00;2760;124;219;14
7471;2026-06-12 14:01:10+00;2026-06-12 14:02:37+00;87;16;218;2
7472;2026-06-12 14:02:14+00;2026-06-12 14:03:02+00;48;17;222;2
7473;2026-06-12 14:13:08+00;2026-06-12 14:14:09+00;61;13;213;2
7474;2026-06-12 14:13:15+00;2026-06-12 14:41:15+00;1680;51;211;19
7475;2026-06-12 14:15:15+00;2026-06-12 14:44:15+00;1740;59;221;13
7476;2026-06-12 14:21:34+00;2026-06-12 14:52:34+00;1860;9;212;3
7477;2026-06-12 14:27:36+00;2026-06-12 14:29:24+00;108;20;219;2
7478;2026-06-12 14:30:05+00;2026-06-12 14:31:29+00;84;24;211;2
7479;2026-06-12 14:33:36+00;2026-06-12 14:34:46+00;70;21;222;2
7480;2026-06-12 14:42:43+00;2026-06-12 15:04:43+00;1320;61;214;13
7481;2026-06-12 14:56:24+00;2026-06-12 15:44:24+00;2880;60;211;13
7482;2026-06-12 15:01:20+00;2026-06-12 15:02:12+00;52;23;209;2
7483;2026-06-12 15:02:41+00;2026-06-12 15:04:10+00;89;22;203;2
7484;2026-06-12 15:05:18+00;2026-06-12 16:35:18+00;5400;135;200;19
7485;2026-06-12 15:12:13+00;2026-06-12 16:07:13+00;3300;131;203;13
7486;2026-06-12 15:13:56+00;2026-06-12 16:11:56+00;3480;38;221;14
7487;2026-06-12 15:14:06+00;2026-06-12 15:15:58+00;112;23;217;2
7488;2026-06-12 15:15:15+00;2026-06-12 15:36:15+00;1260;78;215;13
7489;2026-06-12 15:19:25+00;2026-06-12 15:38:25+00;1140;36;209;14
7490;2026-06-12 15:23:00+00;2026-06-12 16:21:00+00;3480;61;217;13
7491;2026-06-12 15:23:10+00;2026-06-12 15:48:10+00;1500;93;222;19
7492;2026-06-12 15:32:54+00;2026-06-12 15:49:54+00;1020;7;209;1
7493;2026-06-12 15:32:56+00;2026-06-12 16:12:56+00;2400;42;218;14
7494;2026-06-12 15:34:01+00;2026-06-12 15:35:06+00;65;28;202;2
7495;2026-06-12 15:36:51+00;2026-06-12 15:37:44+00;53;22;209;2
7496;2026-06-12 15:38:36+00;2026-06-12 15:40:24+00;108;27;208;2
7497;2026-06-12 15:39:54+00;2026-06-12 16:39:54+00;3600;122;209;19
7498;2026-06-12 15:42:36+00;2026-06-12 16:52:36+00;4200;15;201;13
7499;2026-06-12 15:44:56+00;2026-06-12 15:46:02+00;66;29;221;2
7500;2026-06-12 15:45:52+00;2026-06-12 15:46:36+00;44;13;214;2
7501;2026-06-12 15:49:56+00;2026-06-12 17:14:56+00;5100;52;202;14
7502;2026-06-12 15:58:55+00;2026-06-12 16:26:55+00;1680;9;200;3
7503;2026-06-12 16:14:38+00;2026-06-12 16:16:13+00;95;12;213;2
7504;2026-06-12 16:15:53+00;2026-06-12 16:17:06+00;73;24;201;2
7505;2026-06-12 16:23:30+00;2026-06-12 16:24:45+00;75;23;212;2
7506;2026-06-12 16:36:23+00;2026-06-12 16:37:31+00;68;29;216;2
7507;2026-06-12 16:41:57+00;2026-06-12 17:38:57+00;3420;107;208;13
7508;2026-06-12 16:45:54+00;2026-06-12 17:53:54+00;4080;34;214;13
7509;2026-06-12 16:49:38+00;2026-06-12 16:50:23+00;45;13;208;2
7510;2026-06-12 16:50:28+00;2026-06-12 16:51:42+00;74;19;206;2
7511;2026-06-12 16:52:41+00;2026-06-12 16:54:05+00;84;26;203;2
7512;2026-06-12 16:54:19+00;2026-06-12 18:06:19+00;4320;140;215;13
7513;2026-06-12 16:58:11+00;2026-06-12 17:31:11+00;1980;60;200;14
7514;2026-06-12 17:00:48+00;2026-06-12 17:54:48+00;3240;17;217;14
7515;2026-06-12 17:02:55+00;2026-06-12 17:04:53+00;118;18;218;2
7516;2026-06-12 17:06:26+00;2026-06-12 17:07:48+00;82;17;223;2
7517;2026-06-12 17:07:23+00;2026-06-12 17:08:13+00;50;16;206;2
7518;2026-06-12 17:07:38+00;2026-06-12 17:46:38+00;2340;107;216;19
7519;2026-06-12 17:18:48+00;2026-06-12 17:19:40+00;52;15;208;2
7520;2026-06-12 17:19:53+00;2026-06-12 18:26:53+00;4020;142;203;13
7521;2026-06-12 17:24:23+00;2026-06-12 18:31:23+00;4020;35;216;13
7522;2026-06-12 17:26:46+00;2026-06-12 17:28:45+00;119;24;215;2
7523;2026-06-12 17:29:16+00;2026-06-12 18:20:16+00;3060;51;205;14
7524;2026-06-12 17:29:44+00;2026-06-12 17:59:44+00;1800;54;207;14
7525;2026-06-12 17:32:03+00;2026-06-12 18:56:03+00;5040;100;203;13
7526;2026-06-12 17:36:00+00;2026-06-12 17:37:40+00;100;11;215;2
7527;2026-06-12 17:39:21+00;2026-06-12 18:11:21+00;1920;43;205;13
7528;2026-06-12 17:40:46+00;2026-06-12 17:42:12+00;86;10;202;2
7529;2026-06-12 17:43:06+00;2026-06-12 19:08:06+00;5100;140;205;14
7530;2026-06-12 17:50:56+00;2026-06-12 17:52:06+00;70;14;209;2
7531;2026-06-12 18:05:00+00;2026-06-12 18:06:12+00;72;25;217;2
7532;2026-06-12 18:06:49+00;2026-06-12 18:08:46+00;117;21;218;2
7533;2026-06-12 18:11:31+00;2026-06-12 19:40:31+00;5340;14;205;13
7534;2026-06-12 18:36:06+00;2026-06-12 18:36:47+00;41;19;213;2
7535;2026-06-12 18:39:41+00;2026-06-12 18:57:41+00;1080;113;208;13
7536;2026-06-12 18:48:28+00;2026-06-12 19:47:28+00;3540;130;212;13
7537;2026-06-12 18:57:21+00;2026-06-12 20:11:21+00;4440;16;212;13
7538;2026-06-12 19:03:44+00;2026-06-12 19:43:44+00;2400;69;209;19
7539;2026-06-12 19:04:54+00;2026-06-12 19:06:11+00;77;27;214;2
7540;2026-06-12 19:07:57+00;2026-06-12 19:09:42+00;105;14;200;2
7541;2026-06-12 19:09:56+00;2026-06-12 20:19:56+00;4200;24;212;13
7542;2026-06-12 19:14:22+00;2026-06-12 19:16:03+00;101;12;209;2
7543;2026-06-12 19:18:40+00;2026-06-12 19:19:47+00;67;15;223;2
7544;2026-06-12 19:30:01+00;2026-06-12 19:31:29+00;88;28;220;2
7545;2026-06-12 19:30:56+00;2026-06-12 19:31:56+00;60;27;221;2
7546;2026-06-12 19:40:31+00;2026-06-12 19:41:33+00;62;28;207;2
7547;2026-06-12 19:55:18+00;2026-06-12 21:07:18+00;4320;98;206;14
7548;2026-06-12 19:58:40+00;2026-06-12 20:00:12+00;92;16;223;2
7549;2026-06-12 20:04:10+00;2026-06-12 20:05:17+00;67;30;211;2
7550;2026-06-12 20:04:22+00;2026-06-12 20:05:55+00;93;13;204;2
7551;2026-06-12 20:09:57+00;2026-06-12 20:42:57+00;1980;70;222;19
7552;2026-06-12 20:14:32+00;2026-06-12 20:36:32+00;1320;143;214;13
7553;2026-06-12 20:21:34+00;2026-06-12 21:43:34+00;4920;142;210;19
7554;2026-06-12 20:30:21+00;2026-06-12 20:31:35+00;74;14;221;2
7555;2026-06-12 20:36:43+00;2026-06-12 21:15:43+00;2340;87;204;13
7556;2026-06-12 20:46:05+00;2026-06-12 21:27:05+00;2460;109;202;13
7557;2026-06-12 20:57:16+00;2026-06-12 20:58:26+00;70;15;210;2
7558;2026-06-12 20:59:21+00;2026-06-12 21:24:21+00;1500;95;201;13
7559;2026-06-12 21:05:36+00;2026-06-12 21:43:36+00;2280;142;218;19
7560;2026-06-12 21:06:44+00;2026-06-12 21:08:25+00;101;23;215;2
7561;2026-06-12 21:07:50+00;2026-06-12 22:08:50+00;3660;53;220;14
7562;2026-06-12 21:10:46+00;2026-06-12 21:27:46+00;1020;51;212;13
7563;2026-06-12 21:11:36+00;2026-06-12 21:13:20+00;104;16;217;2
7564;2026-06-12 21:12:24+00;2026-06-12 22:07:24+00;3300;24;217;14
7565;2026-06-12 21:15:18+00;2026-06-12 21:16:32+00;74;12;220;2
7566;2026-06-12 21:17:54+00;2026-06-12 22:12:54+00;3300;134;206;13
7567;2026-06-12 21:18:30+00;2026-06-12 22:34:30+00;4560;105;223;19
7568;2026-06-12 21:25:23+00;2026-06-12 21:27:12+00;109;12;201;2
7569;2026-06-12 21:53:57+00;2026-06-12 21:55:38+00;101;12;206;2
7570;2026-06-12 22:00:44+00;2026-06-12 22:48:44+00;2880;73;206;19
7571;2026-06-12 22:04:29+00;2026-06-12 22:06:14+00;105;11;207;2
7572;2026-06-12 22:06:48+00;2026-06-12 22:08:38+00;110;29;205;2
7573;2026-06-12 22:07:37+00;2026-06-12 22:09:14+00;97;23;204;2
7574;2026-06-12 22:09:32+00;2026-06-12 23:21:32+00;4320;94;202;14
7575;2026-06-12 22:20:33+00;2026-06-12 23:24:33+00;3840;87;212;14
7576;2026-06-12 22:23:22+00;2026-06-12 22:24:16+00;54;24;216;2
7577;2026-06-12 22:28:12+00;2026-06-12 22:29:29+00;77;25;216;2
7578;2026-06-12 22:36:50+00;2026-06-12 23:26:50+00;3000;57;201;14
7579;2026-06-12 22:41:03+00;2026-06-12 23:56:03+00;4500;116;221;13
7580;2026-06-12 22:51:26+00;2026-06-12 22:52:58+00;92;12;213;2
7581;2026-06-12 22:52:40+00;2026-06-12 23:35:40+00;2580;66;202;14
7582;2026-06-12 22:52:40+00;2026-06-12 22:54:37+00;117;24;220;2
7583;2026-06-12 22:53:15+00;2026-06-12 22:54:58+00;103;12;210;2
7584;2026-06-12 23:04:34+00;2026-06-12 23:06:26+00;112;24;212;2
7585;2026-06-12 23:17:18+00;2026-06-12 23:18:11+00;53;27;217;2
7586;2026-06-12 23:23:11+00;2026-06-12 23:24:25+00;74;28;223;2
7587;2026-06-12 23:24:10+00;2026-06-12 23:47:10+00;1380;118;213;14
7588;2026-06-12 23:31:51+00;2026-06-13 00:26:51+00;3300;118;217;19
7589;2026-06-12 23:33:43+00;2026-06-13 00:08:43+00;2100;91;204;13
7590;2026-06-12 23:40:40+00;2026-06-12 23:42:08+00;88;10;223;2
7591;2026-06-12 23:44:58+00;2026-06-12 23:45:40+00;42;27;220;2
7592;2026-06-12 23:48:17+00;2026-06-12 23:49:43+00;86;14;219;2
7593;2026-06-12 23:49:29+00;2026-06-13 00:08:29+00;1140;134;213;14
7594;2026-06-12 23:57:00+00;2026-06-12 23:57:57+00;57;22;205;2
7595;2026-06-12 23:57:04+00;2026-06-13 01:22:04+00;5100;17;203;14
7596;2026-06-13 00:06:04+00;2026-06-13 00:07:27+00;83;25;200;2
7597;2026-06-13 00:23:58+00;2026-06-13 00:25:38+00;100;19;214;2
7598;2026-06-13 00:25:01+00;2026-06-13 00:25:54+00;53;13;207;2
7599;2026-06-13 00:31:41+00;2026-06-13 00:33:12+00;91;11;214;2
7600;2026-06-13 00:31:42+00;2026-06-13 00:33:11+00;89;17;201;2
7601;2026-06-13 00:39:15+00;2026-06-13 00:40:41+00;86;23;210;2
7602;2026-06-13 00:50:56+00;2026-06-13 00:52:37+00;101;15;217;2
7603;2026-06-13 00:52:15+00;2026-06-13 00:54:04+00;109;11;214;2
7604;2026-06-13 00:56:53+00;2026-06-13 00:58:25+00;92;13;219;2
7605;2026-06-13 06:04:50+00;2026-06-13 06:05:34+00;44;17;202;2
7606;2026-06-13 06:08:44+00;2026-06-13 06:10:41+00;117;22;209;2
7607;2026-06-13 06:10:52+00;2026-06-13 06:35:52+00;1500;145;202;19
7608;2026-06-13 06:19:37+00;2026-06-13 06:20:30+00;53;30;209;2
7609;2026-06-13 06:23:34+00;2026-06-13 06:24:28+00;54;28;214;2
7610;2026-06-13 06:23:36+00;2026-06-13 06:25:11+00;95;21;202;2
7611;2026-06-13 06:27:59+00;2026-06-13 06:29:46+00;107;30;205;2
7612;2026-06-13 06:33:27+00;2026-06-13 07:10:27+00;2220;23;223;14
7613;2026-06-13 06:43:13+00;2026-06-13 06:44:01+00;48;23;222;2
7614;2026-06-13 06:47:18+00;2026-06-13 06:49:01+00;103;10;219;2
7615;2026-06-13 06:49:30+00;2026-06-13 06:51:12+00;102;16;206;2
7616;2026-06-13 06:50:35+00;2026-06-13 07:57:35+00;4020;75;210;19
7617;2026-06-13 06:56:45+00;2026-06-13 06:58:09+00;84;28;210;2
7618;2026-06-13 07:05:43+00;2026-06-13 08:22:43+00;4620;54;210;19
7619;2026-06-13 07:11:05+00;2026-06-13 07:12:31+00;86;16;222;2
7620;2026-06-13 07:13:14+00;2026-06-13 08:02:14+00;2940;122;212;19
7621;2026-06-13 07:17:08+00;2026-06-13 08:22:08+00;3900;70;221;19
7622;2026-06-13 07:18:24+00;2026-06-13 07:20:20+00;116;29;204;2
7623;2026-06-13 07:28:18+00;2026-06-13 08:40:18+00;4320;28;203;19
7624;2026-06-13 07:33:01+00;2026-06-13 07:33:42+00;41;22;212;2
7625;2026-06-13 07:34:39+00;2026-06-13 07:35:32+00;53;11;204;2
7626;2026-06-13 07:39:18+00;2026-06-13 08:45:18+00;3960;146;218;19
7627;2026-06-13 07:41:19+00;2026-06-13 08:22:19+00;2460;143;208;19
7628;2026-06-13 07:42:56+00;2026-06-13 08:03:56+00;1260;71;220;13
7629;2026-06-13 07:43:15+00;2026-06-13 07:58:15+00;900;35;200;13
7630;2026-06-13 07:43:38+00;2026-06-13 07:45:18+00;100;23;212;2
7631;2026-06-13 07:43:45+00;2026-06-13 07:58:45+00;900;7;211;1
7632;2026-06-13 07:46:46+00;2026-06-13 08:04:46+00;1080;61;213;14
7633;2026-06-13 07:54:15+00;2026-06-13 07:55:20+00;65;12;211;2
7634;2026-06-13 07:58:25+00;2026-06-13 08:00:23+00;118;28;217;2
7635;2026-06-13 08:02:31+00;2026-06-13 08:22:31+00;1200;48;203;14
7636;2026-06-13 08:06:31+00;2026-06-13 08:07:12+00;41;25;209;2
7637;2026-06-13 08:07:37+00;2026-06-13 09:09:37+00;3720;78;221;14
7638;2026-06-13 08:10:03+00;2026-06-13 09:35:03+00;5100;145;212;14
7639;2026-06-13 08:15:14+00;2026-06-13 08:16:41+00;87;29;209;2
7640;2026-06-13 08:17:11+00;2026-06-13 08:17:54+00;43;27;207;2
7641;2026-06-13 08:17:16+00;2026-06-13 09:38:16+00;4860;110;209;14
7642;2026-06-13 08:22:43+00;2026-06-13 08:42:43+00;1200;5;223;3
7643;2026-06-13 08:28:02+00;2026-06-13 08:29:20+00;78;14;210;2
7644;2026-06-13 08:29:06+00;2026-06-13 08:29:48+00;42;30;203;2
7645;2026-06-13 08:31:48+00;2026-06-13 08:33:45+00;117;22;215;2
7646;2026-06-13 08:34:46+00;2026-06-13 09:55:46+00;4860;81;209;14
7647;2026-06-13 08:36:40+00;2026-06-13 08:57:40+00;1260;15;217;13
7648;2026-06-13 08:40:29+00;2026-06-13 08:42:07+00;98;29;217;2
7649;2026-06-13 08:41:13+00;2026-06-13 09:15:13+00;2040;136;200;19
7650;2026-06-13 08:42:43+00;2026-06-13 10:00:43+00;4680;137;223;13
7651;2026-06-13 08:46:31+00;2026-06-13 09:20:31+00;2040;41;219;14
7652;2026-06-13 08:48:22+00;2026-06-13 09:09:22+00;1260;35;206;14
7653;2026-06-13 08:49:37+00;2026-06-13 09:16:37+00;1620;7;219;1
7654;2026-06-13 08:53:44+00;2026-06-13 08:55:19+00;95;29;211;2
7655;2026-06-13 08:54:42+00;2026-06-13 08:56:41+00;119;15;218;2
7656;2026-06-13 08:55:17+00;2026-06-13 09:30:17+00;2100;42;213;14
7657;2026-06-13 08:58:27+00;2026-06-13 08:59:57+00;90;18;220;2
7658;2026-06-13 08:59:40+00;2026-06-13 10:22:40+00;4980;92;218;13
7659;2026-06-13 09:01:36+00;2026-06-13 09:38:36+00;2220;5;211;3
7660;2026-06-13 09:03:12+00;2026-06-13 09:04:23+00;71;23;207;2
7661;2026-06-13 09:12:39+00;2026-06-13 10:41:39+00;5340;70;212;13
7662;2026-06-13 09:15:00+00;2026-06-13 09:16:09+00;69;10;206;2
7663;2026-06-13 09:17:10+00;2026-06-13 10:46:10+00;5340;103;210;14
7664;2026-06-13 09:20:37+00;2026-06-13 10:13:37+00;3180;40;203;14
7665;2026-06-13 09:20:45+00;2026-06-13 09:22:09+00;84;12;205;2
7666;2026-06-13 09:24:50+00;2026-06-13 10:14:50+00;3000;141;217;14
7667;2026-06-13 09:29:23+00;2026-06-13 10:32:23+00;3780;78;207;13
7668;2026-06-13 09:37:16+00;2026-06-13 09:39:14+00;118;29;212;2
7669;2026-06-13 09:42:53+00;2026-06-13 09:57:53+00;900;75;222;14
7670;2026-06-13 09:51:49+00;2026-06-13 10:17:49+00;1560;8;209;3
7671;2026-06-13 09:52:06+00;2026-06-13 09:53:05+00;59;26;210;2
7672;2026-06-13 09:53:42+00;2026-06-13 09:55:09+00;87;10;211;2
7673;2026-06-13 09:54:48+00;2026-06-13 09:56:19+00;91;23;223;2
7674;2026-06-13 10:01:31+00;2026-06-13 10:32:31+00;1860;6;202;3
7675;2026-06-13 10:01:48+00;2026-06-13 10:03:28+00;100;26;214;2
7676;2026-06-13 10:03:05+00;2026-06-13 11:14:05+00;4260;11;214;19
7677;2026-06-13 10:05:29+00;2026-06-13 11:22:29+00;4620;123;214;14
7678;2026-06-13 10:07:39+00;2026-06-13 11:36:39+00;5340;141;204;19
7679;2026-06-13 10:12:08+00;2026-06-13 10:13:44+00;96;30;214;2
7680;2026-06-13 10:12:44+00;2026-06-13 10:14:02+00;78;23;217;2
7681;2026-06-13 10:12:44+00;2026-06-13 10:14:27+00;103;27;222;2
7682;2026-06-13 10:13:03+00;2026-06-13 10:13:46+00;43;27;212;2
7683;2026-06-13 10:23:06+00;2026-06-13 10:24:35+00;89;25;215;2
7684;2026-06-13 10:24:09+00;2026-06-13 10:25:32+00;83;15;216;2
7685;2026-06-13 10:40:08+00;2026-06-13 10:41:34+00;86;19;202;2
7686;2026-06-13 10:40:21+00;2026-06-13 10:42:06+00;105;25;200;2
7687;2026-06-13 10:47:42+00;2026-06-13 10:49:40+00;118;26;200;2
7688;2026-06-13 10:51:51+00;2026-06-13 11:58:51+00;4020;55;200;19
7689;2026-06-13 10:59:18+00;2026-06-13 11:00:40+00;82;15;207;2
7690;2026-06-13 11:04:44+00;2026-06-13 11:05:49+00;65;18;214;2
7691;2026-06-13 11:18:49+00;2026-06-13 12:41:49+00;4980;134;219;13
7692;2026-06-13 11:22:34+00;2026-06-13 11:23:30+00;56;24;216;2
7693;2026-06-13 11:25:59+00;2026-06-13 12:02:59+00;2220;8;215;3
7694;2026-06-13 11:27:41+00;2026-06-13 11:28:22+00;41;24;209;2
7695;2026-06-13 11:30:18+00;2026-06-13 11:31:31+00;73;16;218;2
7696;2026-06-13 11:32:12+00;2026-06-13 11:33:57+00;105;11;201;2
7697;2026-06-13 11:34:13+00;2026-06-13 11:35:58+00;105;22;217;2
7698;2026-06-13 11:37:20+00;2026-06-13 12:58:20+00;4860;33;214;13
7699;2026-06-13 11:39:49+00;2026-06-13 13:04:49+00;5100;76;218;13
7700;2026-06-13 11:45:07+00;2026-06-13 11:45:55+00;48;22;205;2
7701;2026-06-13 11:57:42+00;2026-06-13 12:17:42+00;1200;127;222;19
7702;2026-06-13 12:04:02+00;2026-06-13 13:23:02+00;4740;107;205;13
7703;2026-06-13 12:10:15+00;2026-06-13 12:11:11+00;56;30;202;2
7704;2026-06-13 12:12:36+00;2026-06-13 13:40:36+00;5280;16;215;14
7705;2026-06-13 12:16:31+00;2026-06-13 12:38:31+00;1320;42;201;14
7706;2026-06-13 12:19:35+00;2026-06-13 12:21:30+00;115;21;221;2
7707;2026-06-13 12:19:39+00;2026-06-13 13:42:39+00;4980;114;205;19
7708;2026-06-13 12:24:13+00;2026-06-13 12:47:13+00;1380;38;217;13
7709;2026-06-13 12:28:54+00;2026-06-13 12:29:40+00;46;13;212;2
7710;2026-06-13 12:34:11+00;2026-06-13 13:15:11+00;2460;91;208;19
7711;2026-06-13 12:47:02+00;2026-06-13 12:48:29+00;87;28;216;2
7712;2026-06-13 12:50:14+00;2026-06-13 13:54:14+00;3840;93;221;13
7713;2026-06-13 12:59:13+00;2026-06-13 13:00:55+00;102;26;205;2
7714;2026-06-13 13:02:48+00;2026-06-13 13:44:48+00;2520;143;218;14
7715;2026-06-13 13:12:33+00;2026-06-13 13:13:40+00;67;20;213;2
7716;2026-06-13 13:13:43+00;2026-06-13 13:48:43+00;2100;34;212;13
7717;2026-06-13 13:16:36+00;2026-06-13 13:17:49+00;73;14;211;2
7718;2026-06-13 13:21:00+00;2026-06-13 13:22:28+00;88;10;206;2
7719;2026-06-13 13:21:59+00;2026-06-13 14:43:59+00;4920;121;206;14
7720;2026-06-13 13:25:53+00;2026-06-13 13:40:53+00;900;5;207;1
7721;2026-06-13 13:31:31+00;2026-06-13 13:32:20+00;49;24;201;2
7722;2026-06-13 13:35:00+00;2026-06-13 13:36:53+00;113;12;214;2
7723;2026-06-13 13:35:21+00;2026-06-13 14:50:21+00;4500;13;211;14
7724;2026-06-13 13:38:22+00;2026-06-13 14:19:22+00;2460;147;219;13
7725;2026-06-13 13:45:35+00;2026-06-13 13:46:35+00;60;20;208;2
7726;2026-06-13 13:48:11+00;2026-06-13 14:04:11+00;960;142;209;14
7727;2026-06-13 13:56:04+00;2026-06-13 14:38:04+00;2520;55;206;14
7728;2026-06-13 14:02:45+00;2026-06-13 15:18:45+00;4560;142;202;13
7729;2026-06-13 14:21:14+00;2026-06-13 14:50:14+00;1740;113;201;14
7730;2026-06-13 14:28:06+00;2026-06-13 14:29:54+00;108;21;206;2
7731;2026-06-13 14:37:22+00;2026-06-13 14:39:15+00;113;14;213;2
7732;2026-06-13 14:39:28+00;2026-06-13 15:24:28+00;2700;109;201;14
7733;2026-06-13 14:44:05+00;2026-06-13 15:12:05+00;1680;10;221;3
7734;2026-06-13 14:48:43+00;2026-06-13 14:50:19+00;96;27;209;2
7735;2026-06-13 14:48:52+00;2026-06-13 14:50:04+00;72;16;217;2
7736;2026-06-13 14:58:41+00;2026-06-13 15:00:24+00;103;19;221;2
7737;2026-06-13 14:59:27+00;2026-06-13 15:17:27+00;1080;150;200;14
7738;2026-06-13 14:59:50+00;2026-06-13 15:54:50+00;3300;44;205;13
7739;2026-06-13 15:06:43+00;2026-06-13 15:39:43+00;1980;111;212;19
7740;2026-06-13 15:11:50+00;2026-06-13 15:13:43+00;113;13;202;2
7741;2026-06-13 15:17:24+00;2026-06-13 15:18:59+00;95;15;223;2
7742;2026-06-13 15:24:38+00;2026-06-13 15:25:36+00;58;11;208;2
7743;2026-06-13 15:26:21+00;2026-06-13 16:05:21+00;2340;9;206;3
7744;2026-06-13 15:30:04+00;2026-06-13 15:31:48+00;104;16;221;2
7745;2026-06-13 15:43:13+00;2026-06-13 15:59:13+00;960;40;207;13
7746;2026-06-13 15:44:47+00;2026-06-13 16:11:47+00;1620;5;217;3
7747;2026-06-13 15:52:49+00;2026-06-13 15:53:49+00;60;25;212;2
7748;2026-06-13 15:56:35+00;2026-06-13 16:55:35+00;3540;34;210;14
7749;2026-06-13 16:01:11+00;2026-06-13 16:02:03+00;52;16;222;2
7750;2026-06-13 16:02:56+00;2026-06-13 16:04:02+00;66;30;200;2
7751;2026-06-13 16:04:49+00;2026-06-13 17:10:49+00;3960;143;202;14
7752;2026-06-13 16:14:32+00;2026-06-13 16:15:59+00;87;15;210;2
7753;2026-06-13 16:17:14+00;2026-06-13 17:00:14+00;2580;72;217;19
7754;2026-06-13 16:18:05+00;2026-06-13 17:42:05+00;5040;89;222;14
7755;2026-06-13 16:18:56+00;2026-06-13 16:19:49+00;53;15;219;2
7756;2026-06-13 16:28:35+00;2026-06-13 17:22:35+00;3240;86;200;14
7757;2026-06-13 16:32:03+00;2026-06-13 16:32:55+00;52;24;213;2
7758;2026-06-13 16:43:22+00;2026-06-13 17:09:22+00;1560;40;216;19
7759;2026-06-13 16:43:24+00;2026-06-13 17:14:24+00;1860;18;220;19
7760;2026-06-13 16:54:14+00;2026-06-13 16:54:56+00;42;25;211;2
7761;2026-06-13 17:01:40+00;2026-06-13 17:37:40+00;2160;148;201;13
7762;2026-06-13 17:01:55+00;2026-06-13 17:02:56+00;61;29;220;2
7763;2026-06-13 17:13:49+00;2026-06-13 17:14:37+00;48;14;223;2
7764;2026-06-13 17:24:36+00;2026-06-13 17:26:26+00;110;19;218;2
7765;2026-06-13 17:26:01+00;2026-06-13 18:21:01+00;3300;28;218;19
7766;2026-06-13 17:50:28+00;2026-06-13 17:51:47+00;79;25;206;2
7767;2026-06-13 17:55:33+00;2026-06-13 17:57:23+00;110;17;207;2
7768;2026-06-13 17:59:02+00;2026-06-13 17:59:58+00;56;14;201;2
7769;2026-06-13 18:05:27+00;2026-06-13 18:28:27+00;1380;49;222;13
7770;2026-06-13 18:09:29+00;2026-06-13 19:32:29+00;4980;82;213;19
7771;2026-06-13 18:19:08+00;2026-06-13 18:21:03+00;115;21;210;2
7772;2026-06-13 18:20:08+00;2026-06-13 19:08:08+00;2880;73;202;19
7773;2026-06-13 18:22:08+00;2026-06-13 18:22:57+00;49;29;221;2
7774;2026-06-13 18:36:45+00;2026-06-13 18:38:05+00;80;29;223;2
7775;2026-06-13 18:46:50+00;2026-06-13 19:36:50+00;3000;90;215;14
7776;2026-06-13 18:48:18+00;2026-06-13 18:49:15+00;57;17;220;2
7777;2026-06-13 18:49:45+00;2026-06-13 18:51:40+00;115;23;208;2
7778;2026-06-13 18:57:38+00;2026-06-13 18:59:19+00;101;11;218;2
7779;2026-06-13 19:00:11+00;2026-06-13 19:01:34+00;83;26;200;2
7780;2026-06-13 19:16:55+00;2026-06-13 20:23:55+00;4020;150;223;14
7781;2026-06-13 19:27:01+00;2026-06-13 20:29:01+00;3720;114;221;19
7782;2026-06-13 19:27:48+00;2026-06-13 19:49:48+00;1320;120;222;14
7783;2026-06-13 19:39:10+00;2026-06-13 20:54:10+00;4500;143;211;14
7784;2026-06-13 19:46:46+00;2026-06-13 19:47:56+00;70;21;202;2
7785;2026-06-13 19:48:37+00;2026-06-13 19:50:36+00;119;30;210;2
7786;2026-06-13 20:00:59+00;2026-06-13 20:01:53+00;54;21;219;2
7787;2026-06-13 20:05:29+00;2026-06-13 21:02:29+00;3420;89;212;13
7788;2026-06-13 20:12:11+00;2026-06-13 20:13:09+00;58;22;206;2
7789;2026-06-13 20:13:50+00;2026-06-13 20:14:38+00;48;22;214;2
7790;2026-06-13 20:19:55+00;2026-06-13 21:07:55+00;2880;47;218;14
7791;2026-06-13 20:20:16+00;2026-06-13 21:43:16+00;4980;60;208;13
7792;2026-06-13 20:21:21+00;2026-06-13 20:23:17+00;116;28;201;2
7793;2026-06-13 20:24:43+00;2026-06-13 20:25:28+00;45;22;221;2
7794;2026-06-13 20:27:02+00;2026-06-13 20:27:42+00;40;26;207;2
7795;2026-06-13 20:30:10+00;2026-06-13 21:54:10+00;5040;49;211;14
7796;2026-06-13 20:31:10+00;2026-06-13 20:32:23+00;73;11;213;2
7797;2026-06-13 20:35:01+00;2026-06-13 21:15:01+00;2400;118;201;13
7798;2026-06-13 20:43:52+00;2026-06-13 21:42:52+00;3540;136;208;13
7799;2026-06-13 20:44:58+00;2026-06-13 21:15:58+00;1860;23;219;14
7800;2026-06-13 20:45:30+00;2026-06-13 22:07:30+00;4920;129;208;19
7801;2026-06-13 20:45:38+00;2026-06-13 21:23:38+00;2280;15;221;13
7802;2026-06-13 20:49:38+00;2026-06-13 21:43:38+00;3240;10;207;13
7803;2026-06-13 20:59:57+00;2026-06-13 22:20:57+00;4860;110;221;19
7804;2026-06-13 21:07:40+00;2026-06-13 21:09:25+00;105;17;222;2
7805;2026-06-13 21:13:05+00;2026-06-13 22:04:05+00;3060;35;216;14
7806;2026-06-13 21:20:28+00;2026-06-13 21:21:54+00;86;28;200;2
7807;2026-06-13 21:26:56+00;2026-06-13 21:28:20+00;84;10;216;2
7808;2026-06-13 21:28:55+00;2026-06-13 21:30:52+00;117;14;216;2
7809;2026-06-13 21:29:58+00;2026-06-13 22:21:58+00;3120;96;204;14
7810;2026-06-13 21:33:27+00;2026-06-13 21:34:12+00;45;11;210;2
7811;2026-06-13 21:37:43+00;2026-06-13 21:39:19+00;96;18;203;2
7812;2026-06-13 21:39:22+00;2026-06-13 21:40:57+00;95;20;207;2
7813;2026-06-13 21:43:18+00;2026-06-13 21:44:01+00;43;22;206;2
7814;2026-06-13 21:52:12+00;2026-06-13 21:53:31+00;79;30;206;2
7815;2026-06-13 21:54:19+00;2026-06-13 23:13:19+00;4740;15;216;13
7816;2026-06-13 22:00:23+00;2026-06-13 22:35:23+00;2100;31;210;14
7817;2026-06-13 22:05:42+00;2026-06-13 22:07:03+00;81;19;213;2
7818;2026-06-13 22:11:14+00;2026-06-13 22:12:43+00;89;12;215;2
7819;2026-06-13 22:14:11+00;2026-06-13 22:15:36+00;85;14;212;2
7820;2026-06-13 22:14:31+00;2026-06-13 23:36:31+00;4920;128;216;13
7821;2026-06-13 22:16:19+00;2026-06-13 22:18:12+00;113;22;208;2
7822;2026-06-13 22:17:42+00;2026-06-13 22:19:41+00;119;29;205;2
7823;2026-06-13 22:18:53+00;2026-06-13 23:34:53+00;4560;30;213;19
7824;2026-06-13 22:21:23+00;2026-06-13 23:00:23+00;2340;74;200;13
7825;2026-06-13 22:26:48+00;2026-06-13 23:43:48+00;4620;137;202;19
7826;2026-06-13 22:29:28+00;2026-06-13 22:31:25+00;117;21;215;2
7827;2026-06-13 22:32:17+00;2026-06-13 22:33:48+00;91;15;222;2
7828;2026-06-13 22:35:57+00;2026-06-13 22:36:56+00;59;18;221;2
7829;2026-06-13 22:36:27+00;2026-06-13 22:37:37+00;70;20;205;2
7830;2026-06-13 22:36:29+00;2026-06-13 22:37:28+00;59;26;222;2
7831;2026-06-13 22:36:40+00;2026-06-13 23:47:40+00;4260;87;204;14
7832;2026-06-13 22:38:24+00;2026-06-13 23:39:24+00;3660;16;204;14
7833;2026-06-13 22:44:00+00;2026-06-13 23:54:00+00;4200;77;208;14
7834;2026-06-13 22:46:03+00;2026-06-13 22:47:33+00;90;30;218;2
7835;2026-06-13 22:49:56+00;2026-06-13 22:51:10+00;74;13;204;2
7836;2026-06-13 22:55:10+00;2026-06-13 22:55:59+00;49;16;223;2
7837;2026-06-13 22:56:30+00;2026-06-13 22:57:19+00;49;11;201;2
7838;2026-06-13 23:01:37+00;2026-06-13 23:27:37+00;1560;116;207;13
7839;2026-06-13 23:03:02+00;2026-06-13 23:04:31+00;89;25;208;2
7840;2026-06-13 23:13:07+00;2026-06-14 00:14:07+00;3660;90;215;13
7841;2026-06-13 23:18:32+00;2026-06-13 23:19:39+00;67;24;220;2
7842;2026-06-13 23:19:40+00;2026-06-14 00:33:40+00;4440;148;207;13
7843;2026-06-13 23:20:01+00;2026-06-13 23:44:01+00;1440;52;207;19
7844;2026-06-13 23:27:37+00;2026-06-14 00:26:37+00;3540;140;211;19
7845;2026-06-13 23:36:39+00;2026-06-14 00:32:39+00;3360;67;220;19
7846;2026-06-13 23:43:47+00;2026-06-13 23:45:30+00;103;16;211;2
7847;2026-06-13 23:46:46+00;2026-06-13 23:47:59+00;73;22;211;2
7848;2026-06-13 23:53:45+00;2026-06-13 23:54:26+00;41;10;204;2
7849;2026-06-13 23:58:39+00;2026-06-13 23:59:30+00;51;17;219;2
7850;2026-06-14 00:11:28+00;2026-06-14 00:12:30+00;62;28;205;2
7851;2026-06-14 00:16:03+00;2026-06-14 00:17:29+00;86;26;203;2
7852;2026-06-14 00:16:40+00;2026-06-14 00:18:15+00;95;14;218;2
7853;2026-06-14 00:23:53+00;2026-06-14 00:25:41+00;108;10;214;2
7854;2026-06-14 00:35:23+00;2026-06-14 00:37:21+00;118;14;218;2
7855;2026-06-14 00:38:10+00;2026-06-14 00:39:48+00;98;24;222;2
7856;2026-06-14 00:39:17+00;2026-06-14 00:40:00+00;43;20;204;2
7857;2026-06-14 00:39:28+00;2026-06-14 00:41:15+00;107;28;211;2
7858;2026-06-14 00:45:34+00;2026-06-14 00:47:17+00;103;23;214;2
7859;2026-06-14 00:47:03+00;2026-06-14 00:48:25+00;82;28;203;2
7860;2026-06-14 00:47:06+00;2026-06-14 00:47:59+00;53;20;200;2
7861;2026-06-14 00:51:43+00;2026-06-14 00:53:29+00;106;27;221;2
7862;2026-06-14 06:08:07+00;2026-06-14 06:42:07+00;2040;143;206;13
7863;2026-06-14 06:11:25+00;2026-06-14 07:29:25+00;4680;145;213;13
7864;2026-06-14 06:12:03+00;2026-06-14 06:12:55+00;52;27;210;2
7865;2026-06-14 06:20:15+00;2026-06-14 06:22:14+00;119;20;215;2
7866;2026-06-14 06:24:21+00;2026-06-14 06:25:11+00;50;15;209;2
7867;2026-06-14 06:41:56+00;2026-06-14 07:39:56+00;3480;90;220;13
7868;2026-06-14 06:47:18+00;2026-06-14 06:48:45+00;87;24;216;2
7869;2026-06-14 06:48:03+00;2026-06-14 06:49:02+00;59;21;211;2
7870;2026-06-14 06:57:05+00;2026-06-14 06:58:41+00;96;20;220;2
7871;2026-06-14 07:12:24+00;2026-06-14 07:13:55+00;91;29;219;2
7872;2026-06-14 07:13:57+00;2026-06-14 08:34:57+00;4860;73;223;13
7873;2026-06-14 07:19:00+00;2026-06-14 08:35:00+00;4560;20;207;19
7874;2026-06-14 07:24:06+00;2026-06-14 07:25:10+00;64;15;221;2
7875;2026-06-14 07:30:57+00;2026-06-14 08:56:57+00;5160;149;215;14
7876;2026-06-14 07:34:18+00;2026-06-14 08:45:18+00;4260;134;219;13
7877;2026-06-14 07:36:13+00;2026-06-14 07:36:53+00;40;18;207;2
7878;2026-06-14 07:41:32+00;2026-06-14 07:43:20+00;108;15;223;2
7879;2026-06-14 07:41:59+00;2026-06-14 08:34:59+00;3180;115;204;19
7880;2026-06-14 07:48:15+00;2026-06-14 08:43:15+00;3300;79;223;19
7881;2026-06-14 07:57:14+00;2026-06-14 08:24:14+00;1620;6;220;3
7882;2026-06-14 07:58:26+00;2026-06-14 08:36:26+00;2280;21;219;14
7883;2026-06-14 08:02:34+00;2026-06-14 08:54:34+00;3120;95;222;14
7884;2026-06-14 08:04:26+00;2026-06-14 09:15:26+00;4260;35;221;13
7885;2026-06-14 08:09:38+00;2026-06-14 09:04:38+00;3300;103;209;19
7886;2026-06-14 08:20:44+00;2026-06-14 08:51:44+00;1860;29;211;19
7887;2026-06-14 08:21:04+00;2026-06-14 08:22:00+00;56;10;223;2
7888;2026-06-14 08:26:08+00;2026-06-14 09:52:08+00;5160;109;201;14
7889;2026-06-14 08:27:03+00;2026-06-14 09:51:03+00;5040;121;223;13
7890;2026-06-14 08:27:30+00;2026-06-14 09:43:30+00;4560;92;208;13
7891;2026-06-14 08:28:44+00;2026-06-14 08:49:44+00;1260;7;221;3
7892;2026-06-14 08:34:26+00;2026-06-14 08:35:22+00;56;20;211;2
7893;2026-06-14 08:43:44+00;2026-06-14 08:44:54+00;70;15;213;2
7894;2026-06-14 08:52:15+00;2026-06-14 09:52:15+00;3600;128;206;19
7895;2026-06-14 08:55:48+00;2026-06-14 08:56:28+00;40;26;210;2
7896;2026-06-14 09:00:10+00;2026-06-14 10:29:10+00;5340;55;201;13
7897;2026-06-14 09:02:03+00;2026-06-14 10:14:03+00;4320;55;210;13
7898;2026-06-14 09:02:36+00;2026-06-14 10:27:36+00;5100;140;203;14
7899;2026-06-14 09:07:44+00;2026-06-14 10:07:44+00;3600;114;200;13
7900;2026-06-14 09:10:30+00;2026-06-14 09:12:19+00;109;18;202;2
7901;2026-06-14 09:14:10+00;2026-06-14 10:32:10+00;4680;28;222;19
7902;2026-06-14 09:19:14+00;2026-06-14 09:20:17+00;63;22;212;2
7903;2026-06-14 09:19:38+00;2026-06-14 10:01:38+00;2520;104;204;13
7904;2026-06-14 09:25:57+00;2026-06-14 10:42:57+00;4620;103;203;14
7905;2026-06-14 09:37:17+00;2026-06-14 09:39:02+00;105;12;217;2
7906;2026-06-14 09:37:49+00;2026-06-14 09:58:49+00;1260;67;221;14
7907;2026-06-14 09:40:51+00;2026-06-14 09:41:44+00;53;15;202;2
7908;2026-06-14 09:41:05+00;2026-06-14 09:42:53+00;108;10;206;2
7909;2026-06-14 09:43:29+00;2026-06-14 09:44:17+00;48;17;213;2
7910;2026-06-14 09:44:23+00;2026-06-14 11:06:23+00;4920;69;215;14
7911;2026-06-14 09:46:56+00;2026-06-14 10:33:56+00;2820;25;222;19
7912;2026-06-14 09:51:07+00;2026-06-14 09:53:03+00;116;25;210;2
7913;2026-06-14 09:51:32+00;2026-06-14 09:53:23+00;111;21;223;2
7914;2026-06-14 09:53:37+00;2026-06-14 09:55:35+00;118;10;204;2
7915;2026-06-14 09:57:08+00;2026-06-14 09:58:42+00;94;10;222;2
7916;2026-06-14 10:14:35+00;2026-06-14 11:23:35+00;4140;18;217;13
7917;2026-06-14 10:16:28+00;2026-06-14 10:17:13+00;45;28;217;2
7918;2026-06-14 10:25:41+00;2026-06-14 11:16:41+00;3060;67;202;14
7919;2026-06-14 10:27:09+00;2026-06-14 10:29:00+00;111;21;219;2
7920;2026-06-14 10:30:24+00;2026-06-14 10:31:59+00;95;19;208;2
7921;2026-06-14 10:33:10+00;2026-06-14 10:34:34+00;84;16;204;2
7922;2026-06-14 10:35:36+00;2026-06-14 11:04:36+00;1740;6;212;1
7923;2026-06-14 10:46:09+00;2026-06-14 10:46:52+00;43;20;207;2
7924;2026-06-14 10:46:31+00;2026-06-14 11:46:31+00;3600;112;205;13
7925;2026-06-14 10:47:10+00;2026-06-14 10:48:16+00;66;14;221;2
7926;2026-06-14 10:47:49+00;2026-06-14 11:35:49+00;2880;37;214;19
7927;2026-06-14 10:50:05+00;2026-06-14 10:51:32+00;87;11;210;2
7928;2026-06-14 10:57:15+00;2026-06-14 11:55:15+00;3480;80;203;13
7929;2026-06-14 11:01:36+00;2026-06-14 11:02:51+00;75;20;202;2
7930;2026-06-14 11:13:25+00;2026-06-14 12:36:25+00;4980;16;210;19
7931;2026-06-14 11:18:44+00;2026-06-14 11:20:44+00;120;27;200;2
7932;2026-06-14 11:19:44+00;2026-06-14 11:20:47+00;63;11;204;2
7933;2026-06-14 11:24:47+00;2026-06-14 12:47:47+00;4980;16;202;19
7934;2026-06-14 11:27:38+00;2026-06-14 11:54:38+00;1620;96;221;19
7935;2026-06-14 11:38:25+00;2026-06-14 11:39:31+00;66;14;215;2
7936;2026-06-14 11:46:34+00;2026-06-14 11:47:17+00;43;28;213;2
7937;2026-06-14 11:48:56+00;2026-06-14 12:23:56+00;2100;6;201;3
7938;2026-06-14 11:57:53+00;2026-06-14 12:17:53+00;1200;88;212;14
7939;2026-06-14 12:03:01+00;2026-06-14 13:07:01+00;3840;81;218;14
7940;2026-06-14 12:06:07+00;2026-06-14 12:07:48+00;101;12;201;2
7941;2026-06-14 12:13:10+00;2026-06-14 12:50:10+00;2220;6;222;3
7942;2026-06-14 12:18:31+00;2026-06-14 13:39:31+00;4860;96;215;19
7943;2026-06-14 12:24:35+00;2026-06-14 12:26:26+00;111;14;201;2
7944;2026-06-14 12:25:31+00;2026-06-14 12:57:31+00;1920;5;204;3
7945;2026-06-14 12:31:48+00;2026-06-14 12:32:51+00;63;15;208;2
7946;2026-06-14 12:32:18+00;2026-06-14 12:33:20+00;62;12;218;2
7947;2026-06-14 12:34:55+00;2026-06-14 13:10:55+00;2160;18;200;19
7948;2026-06-14 12:39:18+00;2026-06-14 13:42:18+00;3780;69;217;14
7949;2026-06-14 12:39:38+00;2026-06-14 13:53:38+00;4440;11;201;13
7950;2026-06-14 12:39:55+00;2026-06-14 13:12:55+00;1980;10;216;3
7951;2026-06-14 12:40:15+00;2026-06-14 12:41:06+00;51;14;220;2
7952;2026-06-14 12:44:13+00;2026-06-14 13:06:13+00;1320;9;216;1
7953;2026-06-14 12:47:18+00;2026-06-14 12:49:14+00;116;26;204;2
7954;2026-06-14 12:50:03+00;2026-06-14 13:17:03+00;1620;99;222;13
7955;2026-06-14 12:54:12+00;2026-06-14 12:55:56+00;104;18;215;2
7956;2026-06-14 12:54:39+00;2026-06-14 12:55:24+00;45;18;216;2
7957;2026-06-14 12:56:08+00;2026-06-14 12:56:52+00;44;11;214;2
7958;2026-06-14 13:03:00+00;2026-06-14 13:04:12+00;72;24;210;2
7959;2026-06-14 13:04:19+00;2026-06-14 13:05:54+00;95;15;211;2
7960;2026-06-14 13:09:54+00;2026-06-14 13:10:56+00;62;19;201;2
7961;2026-06-14 13:10:10+00;2026-06-14 13:11:05+00;55;20;221;2
7962;2026-06-14 13:14:41+00;2026-06-14 13:39:41+00;1500;6;209;3
7963;2026-06-14 13:22:46+00;2026-06-14 13:24:29+00;103;30;204;2
7964;2026-06-14 13:23:37+00;2026-06-14 14:47:37+00;5040;109;223;19
7965;2026-06-14 13:24:15+00;2026-06-14 14:02:15+00;2280;124;217;14
7966;2026-06-14 13:28:44+00;2026-06-14 13:30:41+00;117;13;216;2
7967;2026-06-14 13:31:51+00;2026-06-14 13:33:44+00;113;27;216;2
7968;2026-06-14 13:34:42+00;2026-06-14 13:35:30+00;48;18;221;2
7969;2026-06-14 13:38:49+00;2026-06-14 13:57:49+00;1140;64;213;19
7970;2026-06-14 13:42:46+00;2026-06-14 13:43:41+00;55;22;221;2
7971;2026-06-14 13:44:07+00;2026-06-14 14:15:07+00;1860;7;213;3
7972;2026-06-14 13:45:03+00;2026-06-14 14:02:03+00;1020;28;202;13
7973;2026-06-14 13:45:12+00;2026-06-14 13:46:39+00;87;20;222;2
7974;2026-06-14 13:47:32+00;2026-06-14 14:39:32+00;3120;74;207;19
7975;2026-06-14 13:47:54+00;2026-06-14 13:49:13+00;79;29;209;2
7976;2026-06-14 13:49:12+00;2026-06-14 13:50:27+00;75;11;209;2
7977;2026-06-14 13:51:34+00;2026-06-14 15:01:34+00;4200;102;207;14
7978;2026-06-14 13:57:02+00;2026-06-14 13:58:18+00;76;30;212;2
7979;2026-06-14 14:00:30+00;2026-06-14 14:01:59+00;89;22;210;2
7980;2026-06-14 14:02:26+00;2026-06-14 14:04:11+00;105;20;200;2
7981;2026-06-14 14:11:48+00;2026-06-14 14:12:56+00;68;20;204;2
7982;2026-06-14 14:15:21+00;2026-06-14 15:21:21+00;3960;74;212;13
7983;2026-06-14 14:17:10+00;2026-06-14 14:18:20+00;70;23;218;2
7984;2026-06-14 14:20:45+00;2026-06-14 15:34:45+00;4440;22;219;19
7985;2026-06-14 14:29:02+00;2026-06-14 14:57:02+00;1680;122;223;14
7986;2026-06-14 14:35:56+00;2026-06-14 14:36:36+00;40;22;220;2
7987;2026-06-14 14:36:04+00;2026-06-14 15:37:04+00;3660;147;214;14
7988;2026-06-14 14:40:55+00;2026-06-14 15:56:55+00;4560;79;207;14
7989;2026-06-14 14:43:52+00;2026-06-14 14:45:32+00;100;20;210;2
7990;2026-06-14 14:44:32+00;2026-06-14 14:45:25+00;53;23;206;2
7991;2026-06-14 14:48:40+00;2026-06-14 16:00:40+00;4320;11;209;19
7992;2026-06-14 14:54:19+00;2026-06-14 15:14:19+00;1200;10;208;3
7993;2026-06-14 15:00:19+00;2026-06-14 15:01:50+00;91;12;221;2
7994;2026-06-14 15:04:58+00;2026-06-14 15:06:24+00;86;26;223;2
7995;2026-06-14 15:06:24+00;2026-06-14 16:23:24+00;4620;20;216;13
7996;2026-06-14 15:06:33+00;2026-06-14 15:35:33+00;1740;123;212;13
7997;2026-06-14 15:07:31+00;2026-06-14 15:08:45+00;74;20;223;2
7998;2026-06-14 15:16:57+00;2026-06-14 15:18:20+00;83;13;214;2
7999;2026-06-14 15:23:14+00;2026-06-14 15:24:01+00;47;19;215;2
8000;2026-06-14 15:27:33+00;2026-06-14 15:28:35+00;62;23;212;2
8001;2026-06-14 15:32:38+00;2026-06-14 15:33:40+00;62;11;202;2
8002;2026-06-14 15:36:03+00;2026-06-14 15:37:06+00;63;20;217;2
8003;2026-06-14 15:40:56+00;2026-06-14 15:41:45+00;49;21;215;2
8004;2026-06-14 15:46:00+00;2026-06-14 15:47:12+00;72;23;214;2
8005;2026-06-14 15:46:16+00;2026-06-14 16:06:16+00;1200;9;214;1
8006;2026-06-14 15:46:20+00;2026-06-14 16:09:20+00;1380;10;202;3
8007;2026-06-14 15:46:36+00;2026-06-14 15:47:21+00;45;14;219;2
8008;2026-06-14 15:49:14+00;2026-06-14 16:07:14+00;1080;146;221;13
8009;2026-06-14 15:51:13+00;2026-06-14 16:06:13+00;900;67;222;13
8010;2026-06-14 15:52:51+00;2026-06-14 15:54:45+00;114;10;212;2
8011;2026-06-14 15:53:10+00;2026-06-14 16:48:10+00;3300;26;206;19
8012;2026-06-14 15:54:03+00;2026-06-14 15:55:39+00;96;16;217;2
8013;2026-06-14 15:55:51+00;2026-06-14 17:15:51+00;4800;146;220;19
8014;2026-06-14 15:56:34+00;2026-06-14 15:58:24+00;110;10;217;2
8015;2026-06-14 15:58:09+00;2026-06-14 15:59:08+00;59;18;220;2
8016;2026-06-14 15:58:44+00;2026-06-14 17:14:44+00;4560;29;201;14
8017;2026-06-14 16:01:53+00;2026-06-14 16:43:53+00;2520;21;209;14
8018;2026-06-14 16:04:40+00;2026-06-14 16:06:13+00;93;15;203;2
8019;2026-06-14 16:20:44+00;2026-06-14 16:56:44+00;2160;98;216;19
8020;2026-06-14 16:21:59+00;2026-06-14 16:23:22+00;83;25;217;2
8021;2026-06-14 16:25:08+00;2026-06-14 16:50:08+00;1500;143;205;13
8022;2026-06-14 16:27:10+00;2026-06-14 16:27:58+00;48;26;207;2
8023;2026-06-14 16:29:28+00;2026-06-14 16:30:57+00;89;17;207;2
8024;2026-06-14 16:30:25+00;2026-06-14 16:31:23+00;58;18;220;2
8025;2026-06-14 16:31:53+00;2026-06-14 16:32:37+00;44;10;207;2
8026;2026-06-14 16:34:56+00;2026-06-14 16:36:23+00;87;17;205;2
8027;2026-06-14 16:48:14+00;2026-06-14 17:29:14+00;2460;121;213;13
8028;2026-06-14 16:59:48+00;2026-06-14 17:00:33+00;45;24;223;2
8029;2026-06-14 17:03:30+00;2026-06-14 17:48:30+00;2700;44;216;13
8030;2026-06-14 17:08:05+00;2026-06-14 17:57:05+00;2940;74;205;14
8031;2026-06-14 17:09:18+00;2026-06-14 17:41:18+00;1920;49;209;19
8032;2026-06-14 17:09:41+00;2026-06-14 17:10:46+00;65;23;216;2
8033;2026-06-14 17:25:20+00;2026-06-14 17:26:48+00;88;22;203;2
8034;2026-06-14 17:30:03+00;2026-06-14 17:31:01+00;58;11;212;2
8035;2026-06-14 17:52:28+00;2026-06-14 17:54:02+00;94;13;213;2
8036;2026-06-14 17:55:04+00;2026-06-14 18:46:04+00;3060;83;211;14
8037;2026-06-14 18:13:16+00;2026-06-14 18:15:01+00;105;15;213;2
8038;2026-06-14 18:14:14+00;2026-06-14 18:14:58+00;44;14;206;2
8039;2026-06-14 18:15:40+00;2026-06-14 19:21:40+00;3960;62;208;19
8040;2026-06-14 18:17:01+00;2026-06-14 18:18:47+00;106;30;222;2
8041;2026-06-14 18:21:14+00;2026-06-14 19:36:14+00;4500;80;206;13
8042;2026-06-14 18:22:03+00;2026-06-14 18:23:42+00;99;18;211;2
8043;2026-06-14 18:22:53+00;2026-06-14 18:45:53+00;1380;88;214;13
8044;2026-06-14 18:25:39+00;2026-06-14 18:26:27+00;48;21;213;2
8045;2026-06-14 18:26:48+00;2026-06-14 18:28:45+00;117;24;208;2
8046;2026-06-14 18:27:25+00;2026-06-14 18:29:20+00;115;13;208;2
8047;2026-06-14 18:29:12+00;2026-06-14 19:38:12+00;4140;79;209;14
8048;2026-06-14 18:30:36+00;2026-06-14 18:32:17+00;101;12;201;2
8049;2026-06-14 18:33:45+00;2026-06-14 19:10:45+00;2220;118;217;14
8050;2026-06-14 18:34:44+00;2026-06-14 19:40:44+00;3960;142;220;14
8051;2026-06-14 18:41:16+00;2026-06-14 18:42:13+00;57;30;215;2
8052;2026-06-14 18:42:32+00;2026-06-14 18:44:29+00;117;30;216;2
8053;2026-06-14 18:59:18+00;2026-06-14 20:00:18+00;3660;16;207;14
8054;2026-06-14 19:01:47+00;2026-06-14 19:03:40+00;113;22;213;2
8055;2026-06-14 19:15:41+00;2026-06-14 19:50:41+00;2100;23;200;19
8056;2026-06-14 19:18:15+00;2026-06-14 20:42:15+00;5040;124;211;14
8057;2026-06-14 19:19:51+00;2026-06-14 19:20:43+00;52;26;220;2
8058;2026-06-14 19:22:14+00;2026-06-14 20:03:14+00;2460;134;219;14
8059;2026-06-14 19:23:01+00;2026-06-14 20:10:01+00;2820;41;215;19
8060;2026-06-14 19:26:38+00;2026-06-14 19:27:19+00;41;20;211;2
8061;2026-06-14 19:35:59+00;2026-06-14 19:37:28+00;89;29;213;2
8062;2026-06-14 19:38:52+00;2026-06-14 19:39:54+00;62;19;203;2
8063;2026-06-14 19:46:38+00;2026-06-14 19:48:23+00;105;27;220;2
8064;2026-06-14 19:47:16+00;2026-06-14 20:25:16+00;2280;24;204;19
8065;2026-06-14 19:49:13+00;2026-06-14 19:51:11+00;118;17;221;2
8066;2026-06-14 19:50:11+00;2026-06-14 19:50:51+00;40;23;204;2
8067;2026-06-14 19:50:48+00;2026-06-14 19:52:38+00;110;25;207;2
8068;2026-06-14 19:53:07+00;2026-06-14 19:54:29+00;82;15;219;2
8069;2026-06-14 19:55:49+00;2026-06-14 21:11:49+00;4560;134;218;14
8070;2026-06-14 19:59:57+00;2026-06-14 21:18:57+00;4740;80;204;14
8071;2026-06-14 20:02:52+00;2026-06-14 21:06:52+00;3840;112;214;19
8072;2026-06-14 20:04:49+00;2026-06-14 20:35:49+00;1860;22;209;14
8073;2026-06-14 20:10:55+00;2026-06-14 21:30:55+00;4800;49;212;14
8074;2026-06-14 20:14:35+00;2026-06-14 20:15:20+00;45;30;201;2
8075;2026-06-14 20:15:37+00;2026-06-14 20:17:31+00;114;18;209;2
8076;2026-06-14 20:22:01+00;2026-06-14 20:22:42+00;41;23;208;2
8077;2026-06-14 20:32:37+00;2026-06-14 20:34:34+00;117;21;222;2
8078;2026-06-14 20:37:50+00;2026-06-14 20:38:48+00;58;10;218;2
8079;2026-06-14 20:39:27+00;2026-06-14 21:20:27+00;2460;49;202;14
8080;2026-06-14 20:40:58+00;2026-06-14 20:42:02+00;64;16;212;2
8081;2026-06-14 20:53:29+00;2026-06-14 21:25:29+00;1920;106;205;13
8082;2026-06-14 20:55:33+00;2026-06-14 20:56:49+00;76;18;218;2
8083;2026-06-14 20:59:21+00;2026-06-14 21:00:23+00;62;12;209;2
8084;2026-06-14 20:59:56+00;2026-06-14 21:01:23+00;87;10;205;2
8085;2026-06-14 21:00:28+00;2026-06-14 21:01:51+00;83;21;217;2
8086;2026-06-14 21:04:51+00;2026-06-14 21:06:10+00;79;18;212;2
8087;2026-06-14 21:10:25+00;2026-06-14 22:26:25+00;4560;87;218;19
8088;2026-06-14 21:14:18+00;2026-06-14 21:15:11+00;53;12;203;2
8089;2026-06-14 21:14:26+00;2026-06-14 21:15:27+00;61;15;222;2
8090;2026-06-14 21:24:18+00;2026-06-14 21:25:23+00;65;16;202;2
8091;2026-06-14 21:26:29+00;2026-06-14 21:27:51+00;82;30;200;2
8092;2026-06-14 21:28:45+00;2026-06-14 22:46:45+00;4680;57;206;13
8093;2026-06-14 21:34:11+00;2026-06-14 22:36:11+00;3720;49;213;19
8094;2026-06-14 21:36:10+00;2026-06-14 21:37:35+00;85;20;212;2
8095;2026-06-14 21:36:39+00;2026-06-14 21:37:52+00;73;14;218;2
8096;2026-06-14 21:48:59+00;2026-06-14 23:05:59+00;4620;121;206;13
8097;2026-06-14 21:50:53+00;2026-06-14 22:40:53+00;3000;107;202;13
8098;2026-06-14 21:54:52+00;2026-06-14 21:55:34+00;42;26;215;2
8099;2026-06-14 21:56:29+00;2026-06-14 21:58:25+00;116;17;205;2
8100;2026-06-14 21:59:04+00;2026-06-14 22:00:09+00;65;24;208;2
8101;2026-06-14 22:00:21+00;2026-06-14 22:01:14+00;53;24;205;2
8102;2026-06-14 22:01:53+00;2026-06-14 23:04:53+00;3780;84;213;13
8103;2026-06-14 22:12:08+00;2026-06-14 23:13:08+00;3660;31;210;14
8104;2026-06-14 22:12:49+00;2026-06-14 22:13:54+00;65;18;223;2
8105;2026-06-14 22:16:54+00;2026-06-14 22:18:34+00;100;14;205;2
8106;2026-06-14 22:18:12+00;2026-06-14 22:59:12+00;2460;150;205;19
8107;2026-06-14 22:20:59+00;2026-06-14 23:13:59+00;3180;149;205;19
8108;2026-06-14 22:25:51+00;2026-06-14 23:25:51+00;3600;31;200;14
8109;2026-06-14 22:26:32+00;2026-06-14 23:49:32+00;4980;111;208;19
8110;2026-06-14 22:26:46+00;2026-06-14 23:19:46+00;3180;31;213;14
8111;2026-06-14 22:41:47+00;2026-06-14 22:43:11+00;84;13;201;2
8112;2026-06-14 22:42:38+00;2026-06-14 22:43:24+00;46;12;218;2
8113;2026-06-14 22:57:45+00;2026-06-14 23:22:45+00;1500;11;207;14
8114;2026-06-14 22:59:07+00;2026-06-15 00:20:07+00;4860;59;208;13
8115;2026-06-14 23:05:16+00;2026-06-14 23:47:16+00;2520;139;203;19
8116;2026-06-14 23:23:57+00;2026-06-15 00:29:57+00;3960;78;219;19
8117;2026-06-14 23:28:12+00;2026-06-14 23:29:19+00;67;19;207;2
8118;2026-06-14 23:37:35+00;2026-06-14 23:38:22+00;47;25;215;2
8119;2026-06-14 23:45:39+00;2026-06-14 23:46:21+00;42;21;222;2
8120;2026-06-14 23:49:53+00;2026-06-14 23:51:52+00;119;13;205;2
8121;2026-06-14 23:50:16+00;2026-06-14 23:51:51+00;95;13;205;2
8122;2026-06-14 23:50:40+00;2026-06-15 00:34:40+00;2640;135;204;13
8123;2026-06-14 23:56:36+00;2026-06-14 23:58:11+00;95;17;214;2
8124;2026-06-15 00:14:04+00;2026-06-15 00:15:56+00;112;15;206;2
8125;2026-06-15 00:16:59+00;2026-06-15 00:18:22+00;83;11;200;2
8126;2026-06-15 00:38:24+00;2026-06-15 00:39:47+00;83;11;216;2
8127;2026-06-15 00:46:24+00;2026-06-15 00:48:23+00;119;26;209;2
8128;2026-06-15 00:49:49+00;2026-06-15 00:51:45+00;116;17;207;2
8129;2026-06-15 00:58:53+00;2026-06-15 01:00:03+00;70;18;206;2
8130;2026-06-15 06:09:16+00;2026-06-15 06:10:56+00;100;24;216;2
8131;2026-06-15 06:14:49+00;2026-06-15 07:11:49+00;3420;109;211;13
8132;2026-06-15 06:22:19+00;2026-06-15 07:22:19+00;3600;131;220;19
8133;2026-06-15 06:23:57+00;2026-06-15 07:25:57+00;3720;29;202;13
8134;2026-06-15 06:31:05+00;2026-06-15 07:52:05+00;4860;109;219;13
8135;2026-06-15 06:32:47+00;2026-06-15 06:34:29+00;102;27;211;2
8136;2026-06-15 06:36:41+00;2026-06-15 06:38:22+00;101;19;203;2
8137;2026-06-15 06:43:15+00;2026-06-15 07:19:15+00;2160;126;205;13
8138;2026-06-15 06:43:57+00;2026-06-15 07:11:57+00;1680;41;210;13
8139;2026-06-15 06:54:09+00;2026-06-15 06:54:59+00;50;22;201;2
8140;2026-06-15 06:56:15+00;2026-06-15 06:57:00+00;45;13;200;2
8141;2026-06-15 06:58:04+00;2026-06-15 06:58:47+00;43;23;201;2
8142;2026-06-15 07:00:56+00;2026-06-15 08:12:56+00;4320;82;210;13
8143;2026-06-15 07:00:57+00;2026-06-15 07:59:57+00;3540;85;206;19
8144;2026-06-15 07:02:53+00;2026-06-15 07:03:33+00;40;18;204;2
8145;2026-06-15 07:06:36+00;2026-06-15 07:45:36+00;2340;79;218;19
8146;2026-06-15 07:12:20+00;2026-06-15 07:14:06+00;106;17;202;2
8147;2026-06-15 07:12:36+00;2026-06-15 07:28:36+00;960;43;217;14
8148;2026-06-15 07:13:05+00;2026-06-15 07:13:47+00;42;13;209;2
8149;2026-06-15 07:16:45+00;2026-06-15 08:12:45+00;3360;84;209;19
8150;2026-06-15 07:25:16+00;2026-06-15 07:27:12+00;116;28;209;2
8151;2026-06-15 07:26:44+00;2026-06-15 07:28:31+00;107;25;214;2
8152;2026-06-15 07:26:45+00;2026-06-15 07:28:40+00;115;27;208;2
8153;2026-06-15 07:26:50+00;2026-06-15 08:55:50+00;5340;68;215;13
8154;2026-06-15 07:27:18+00;2026-06-15 08:06:18+00;2340;94;208;13
8155;2026-06-15 07:29:04+00;2026-06-15 08:05:04+00;2160;59;218;19
8156;2026-06-15 07:29:17+00;2026-06-15 07:30:48+00;91;21;213;2
8157;2026-06-15 07:38:10+00;2026-06-15 08:11:10+00;1980;37;215;19
8158;2026-06-15 07:40:22+00;2026-06-15 09:03:22+00;4980;42;206;19
8159;2026-06-15 07:43:43+00;2026-06-15 09:13:43+00;5400;44;207;13
8160;2026-06-15 07:47:15+00;2026-06-15 07:48:18+00;63;29;206;2
8161;2026-06-15 07:47:43+00;2026-06-15 09:04:43+00;4620;76;209;14
8162;2026-06-15 07:50:29+00;2026-06-15 07:51:43+00;74;19;202;2
8163;2026-06-15 07:51:16+00;2026-06-15 08:45:16+00;3240;34;215;13
8164;2026-06-15 07:57:44+00;2026-06-15 09:22:44+00;5100;85;200;14
8165;2026-06-15 08:07:20+00;2026-06-15 08:08:23+00;63;27;214;2
8166;2026-06-15 08:13:50+00;2026-06-15 08:14:55+00;65;17;222;2
8167;2026-06-15 08:22:21+00;2026-06-15 08:23:57+00;96;15;200;2
8168;2026-06-15 08:27:44+00;2026-06-15 08:57:44+00;1800;6;216;3
8169;2026-06-15 08:28:47+00;2026-06-15 09:18:47+00;3000;34;205;19
8170;2026-06-15 08:31:37+00;2026-06-15 09:38:37+00;4020;67;201;19
8171;2026-06-15 08:33:08+00;2026-06-15 08:34:59+00;111;24;202;2
8172;2026-06-15 08:34:20+00;2026-06-15 08:36:04+00;104;22;205;2
8173;2026-06-15 08:36:37+00;2026-06-15 08:37:46+00;69;21;208;2
8174;2026-06-15 08:40:22+00;2026-06-15 08:42:19+00;117;10;203;2
8175;2026-06-15 08:41:32+00;2026-06-15 09:35:32+00;3240;74;203;19
8176;2026-06-15 08:44:57+00;2026-06-15 08:45:54+00;57;15;218;2
8177;2026-06-15 08:45:29+00;2026-06-15 08:46:14+00;45;29;218;2
8178;2026-06-15 08:49:01+00;2026-06-15 09:56:01+00;4020;136;222;14
8179;2026-06-15 08:52:37+00;2026-06-15 08:54:37+00;120;27;222;2
8180;2026-06-15 08:53:22+00;2026-06-15 09:27:22+00;2040;9;221;3
8181;2026-06-15 08:56:08+00;2026-06-15 09:50:08+00;3240;19;206;14
8182;2026-06-15 08:57:11+00;2026-06-15 08:58:40+00;89;27;202;2
8183;2026-06-15 08:58:53+00;2026-06-15 09:00:04+00;71;11;211;2
8184;2026-06-15 09:03:11+00;2026-06-15 09:05:10+00;119;30;216;2
8185;2026-06-15 09:05:43+00;2026-06-15 09:06:54+00;71;24;213;2
8186;2026-06-15 09:11:41+00;2026-06-15 10:21:41+00;4200;111;200;14
8187;2026-06-15 09:14:25+00;2026-06-15 09:44:25+00;1800;125;221;14
8188;2026-06-15 09:18:07+00;2026-06-15 10:08:07+00;3000;150;214;14
8189;2026-06-15 09:18:16+00;2026-06-15 09:19:57+00;101;30;209;2
8190;2026-06-15 09:22:11+00;2026-06-15 10:11:11+00;2940;30;205;13
8191;2026-06-15 09:41:47+00;2026-06-15 09:43:45+00;118;19;206;2
8192;2026-06-15 09:43:21+00;2026-06-15 10:18:21+00;2100;51;212;19
8193;2026-06-15 09:43:24+00;2026-06-15 11:05:24+00;4920;77;218;14
8194;2026-06-15 09:51:31+00;2026-06-15 09:52:44+00;73;19;211;2
8195;2026-06-15 10:01:30+00;2026-06-15 11:14:30+00;4380;29;217;14
8196;2026-06-15 10:03:05+00;2026-06-15 11:13:05+00;4200;146;202;19
8197;2026-06-15 10:04:40+00;2026-06-15 10:06:20+00;100;22;222;2
8198;2026-06-15 10:11:13+00;2026-06-15 10:12:35+00;82;17;216;2
8199;2026-06-15 10:16:09+00;2026-06-15 10:16:52+00;43;18;220;2
8200;2026-06-15 10:18:13+00;2026-06-15 11:18:13+00;3600;80;201;14
8201;2026-06-15 10:19:29+00;2026-06-15 11:00:29+00;2460;102;213;19
8202;2026-06-15 10:20:18+00;2026-06-15 10:22:00+00;102;23;208;2
8203;2026-06-15 10:21:47+00;2026-06-15 10:49:47+00;1680;6;200;3
8204;2026-06-15 10:22:56+00;2026-06-15 11:10:56+00;2880;32;217;13
8205;2026-06-15 10:24:58+00;2026-06-15 10:25:45+00;47;29;211;2
8206;2026-06-15 10:33:26+00;2026-06-15 10:34:33+00;67;26;206;2
8207;2026-06-15 10:37:22+00;2026-06-15 11:06:22+00;1740;5;220;3
8208;2026-06-15 10:37:59+00;2026-06-15 10:39:44+00;105;28;223;2
8209;2026-06-15 10:46:23+00;2026-06-15 10:47:51+00;88;16;212;2
8210;2026-06-15 10:53:41+00;2026-06-15 11:54:41+00;3660;108;204;13
8211;2026-06-15 10:55:43+00;2026-06-15 10:57:01+00;78;18;205;2
8212;2026-06-15 10:56:06+00;2026-06-15 10:57:13+00;67;19;217;2
8213;2026-06-15 10:59:45+00;2026-06-15 11:47:45+00;2880;46;214;19
8214;2026-06-15 11:03:43+00;2026-06-15 11:35:43+00;1920;104;214;19
8215;2026-06-15 11:04:41+00;2026-06-15 11:05:56+00;75;22;212;2
8216;2026-06-15 11:12:11+00;2026-06-15 11:13:11+00;60;10;204;2
8217;2026-06-15 11:13:16+00;2026-06-15 12:24:16+00;4260;10;210;14
8218;2026-06-15 11:27:40+00;2026-06-15 12:48:40+00;4860;125;220;19
8219;2026-06-15 11:37:47+00;2026-06-15 11:38:51+00;64;29;210;2
8220;2026-06-15 11:47:56+00;2026-06-15 11:48:42+00;46;15;211;2
8221;2026-06-15 11:51:21+00;2026-06-15 12:27:21+00;2160;7;217;3
8222;2026-06-15 11:52:51+00;2026-06-15 12:35:51+00;2580;31;200;13
8223;2026-06-15 11:52:58+00;2026-06-15 11:54:32+00;94;15;210;2
8224;2026-06-15 11:56:19+00;2026-06-15 12:48:19+00;3120;136;206;14
8225;2026-06-15 12:01:03+00;2026-06-15 12:31:03+00;1800;117;213;14
8226;2026-06-15 12:02:34+00;2026-06-15 13:06:34+00;3840;75;201;19
8227;2026-06-15 12:11:47+00;2026-06-15 12:40:47+00;1740;7;215;3
8228;2026-06-15 12:19:30+00;2026-06-15 13:37:30+00;4680;62;216;19
8229;2026-06-15 12:23:55+00;2026-06-15 13:05:55+00;2520;16;205;13
8230;2026-06-15 12:24:50+00;2026-06-15 13:46:50+00;4920;145;220;13
8231;2026-06-15 12:25:03+00;2026-06-15 12:26:53+00;110;27;200;2
8232;2026-06-15 12:37:51+00;2026-06-15 12:39:48+00;117;15;221;2
8233;2026-06-15 12:37:57+00;2026-06-15 13:00:57+00;1380;10;204;3
8234;2026-06-15 12:41:33+00;2026-06-15 12:57:33+00;960;5;214;1
8235;2026-06-15 12:44:06+00;2026-06-15 12:45:12+00;66;22;205;2
8236;2026-06-15 12:44:18+00;2026-06-15 13:30:18+00;2760;15;210;19
8237;2026-06-15 12:46:15+00;2026-06-15 13:19:15+00;1980;92;217;19
8238;2026-06-15 12:51:09+00;2026-06-15 13:08:09+00;1020;35;208;14
8239;2026-06-15 12:57:31+00;2026-06-15 13:19:31+00;1320;75;204;19
8240;2026-06-15 13:05:08+00;2026-06-15 13:33:08+00;1680;128;202;14
8241;2026-06-15 13:11:19+00;2026-06-15 13:12:42+00;83;16;217;2
8242;2026-06-15 13:16:57+00;2026-06-15 13:18:14+00;77;12;210;2
8243;2026-06-15 13:18:53+00;2026-06-15 13:20:30+00;97;16;223;2
8244;2026-06-15 13:29:57+00;2026-06-15 13:31:32+00;95;18;218;2
8245;2026-06-15 13:32:02+00;2026-06-15 13:57:02+00;1500;10;206;3
8246;2026-06-15 13:32:50+00;2026-06-15 13:33:35+00;45;10;208;2
8247;2026-06-15 13:37:49+00;2026-06-15 13:39:40+00;111;27;216;2
8248;2026-06-15 13:39:50+00;2026-06-15 13:41:07+00;77;26;215;2
8249;2026-06-15 13:40:03+00;2026-06-15 13:41:55+00;112;26;202;2
8250;2026-06-15 13:43:56+00;2026-06-15 13:44:37+00;41;24;207;2
8251;2026-06-15 13:55:27+00;2026-06-15 13:56:45+00;78;18;200;2
8252;2026-06-15 13:57:07+00;2026-06-15 13:58:03+00;56;25;207;2
8253;2026-06-15 14:00:18+00;2026-06-15 15:11:18+00;4260;127;211;19
8254;2026-06-15 14:01:31+00;2026-06-15 14:02:22+00;51;15;215;2
8255;2026-06-15 14:03:55+00;2026-06-15 14:04:44+00;49;19;221;2
8256;2026-06-15 14:12:26+00;2026-06-15 14:14:13+00;107;24;206;2
8257;2026-06-15 14:14:26+00;2026-06-15 14:15:24+00;58;24;214;2
8258;2026-06-15 14:20:52+00;2026-06-15 14:35:52+00;900;60;214;14
8259;2026-06-15 14:22:53+00;2026-06-15 15:31:53+00;4140;133;215;14
8260;2026-06-15 14:24:41+00;2026-06-15 14:44:41+00;1200;106;214;13
8261;2026-06-15 14:26:27+00;2026-06-15 15:12:27+00;2760;17;204;14
8262;2026-06-15 14:32:58+00;2026-06-15 15:52:58+00;4800;98;222;14
8263;2026-06-15 14:33:10+00;2026-06-15 14:34:33+00;83;24;218;2
8264;2026-06-15 14:43:38+00;2026-06-15 14:44:54+00;76;21;217;2
8265;2026-06-15 14:44:14+00;2026-06-15 14:45:53+00;99;24;218;2
8266;2026-06-15 14:46:56+00;2026-06-15 15:09:56+00;1380;94;223;19
8267;2026-06-15 14:54:15+00;2026-06-15 15:10:15+00;960;118;200;14
8268;2026-06-15 14:57:34+00;2026-06-15 14:59:33+00;119;27;201;2
8269;2026-06-15 14:58:57+00;2026-06-15 15:56:57+00;3480;33;218;13
8270;2026-06-15 15:07:55+00;2026-06-15 16:01:55+00;3240;25;216;19
8271;2026-06-15 15:13:11+00;2026-06-15 16:24:11+00;4260;23;216;19
8272;2026-06-15 15:16:48+00;2026-06-15 15:37:48+00;1260;6;210;3
8273;2026-06-15 15:18:23+00;2026-06-15 15:19:15+00;52;14;215;2
8274;2026-06-15 15:20:22+00;2026-06-15 16:25:22+00;3900;38;221;19
8275;2026-06-15 15:23:48+00;2026-06-15 15:24:34+00;46;14;217;2
8276;2026-06-15 15:31:26+00;2026-06-15 16:11:26+00;2400;106;211;13
8277;2026-06-15 15:33:06+00;2026-06-15 16:35:06+00;3720;90;206;13
8278;2026-06-15 15:34:22+00;2026-06-15 15:35:53+00;91;22;213;2
8279;2026-06-15 15:35:57+00;2026-06-15 15:37:09+00;72;13;219;2
8280;2026-06-15 15:40:41+00;2026-06-15 15:57:41+00;1020;122;215;19
8281;2026-06-15 15:42:08+00;2026-06-15 16:07:08+00;1500;40;202;13
8282;2026-06-15 15:44:15+00;2026-06-15 15:45:40+00;85;10;207;2
8283;2026-06-15 15:48:31+00;2026-06-15 15:49:59+00;88;19;212;2
8284;2026-06-15 15:55:08+00;2026-06-15 15:55:57+00;49;12;219;2
8285;2026-06-15 16:01:01+00;2026-06-15 16:01:47+00;46;14;200;2
8286;2026-06-15 16:02:26+00;2026-06-15 17:00:26+00;3480;113;209;14
8287;2026-06-15 16:15:00+00;2026-06-15 16:16:40+00;100;24;207;2
8288;2026-06-15 16:18:12+00;2026-06-15 17:39:12+00;4860;150;211;14
8289;2026-06-15 16:26:49+00;2026-06-15 16:27:41+00;52;30;206;2
8290;2026-06-15 16:27:55+00;2026-06-15 17:11:55+00;2640;119;213;13
8291;2026-06-15 16:33:13+00;2026-06-15 16:34:52+00;99;16;200;2
8292;2026-06-15 16:37:00+00;2026-06-15 16:37:45+00;45;13;208;2
8293;2026-06-15 16:42:58+00;2026-06-15 16:44:46+00;108;28;204;2
8294;2026-06-15 16:49:18+00;2026-06-15 16:50:26+00;68;20;218;2
8295;2026-06-15 16:52:57+00;2026-06-15 17:29:57+00;2220;61;209;13
8296;2026-06-15 16:58:47+00;2026-06-15 18:11:47+00;4380;120;208;14
8297;2026-06-15 17:02:14+00;2026-06-15 17:03:06+00;52;17;208;2
8298;2026-06-15 17:11:39+00;2026-06-15 18:26:39+00;4500;80;223;19
8299;2026-06-15 17:12:01+00;2026-06-15 17:12:54+00;53;10;221;2
8300;2026-06-15 17:13:58+00;2026-06-15 17:29:58+00;960;50;212;19
8301;2026-06-15 17:17:38+00;2026-06-15 17:19:08+00;90;18;211;2
8302;2026-06-15 17:24:45+00;2026-06-15 17:55:45+00;1860;109;217;14
8303;2026-06-15 17:26:44+00;2026-06-15 17:27:33+00;49;21;203;2
8304;2026-06-15 17:29:33+00;2026-06-15 17:30:27+00;54;11;222;2
8305;2026-06-15 17:30:06+00;2026-06-15 18:52:06+00;4920;14;203;13
8306;2026-06-15 17:40:14+00;2026-06-15 17:42:07+00;113;26;207;2
8307;2026-06-15 17:50:04+00;2026-06-15 17:51:30+00;86;30;215;2
8308;2026-06-15 18:03:28+00;2026-06-15 18:31:28+00;1680;86;220;13
8309;2026-06-15 18:03:54+00;2026-06-15 18:05:02+00;68;23;208;2
8310;2026-06-15 18:11:14+00;2026-06-15 19:04:14+00;3180;75;205;13
8311;2026-06-15 18:12:11+00;2026-06-15 18:13:22+00;71;24;214;2
8312;2026-06-15 18:12:17+00;2026-06-15 18:13:36+00;79;29;219;2
8313;2026-06-15 18:12:20+00;2026-06-15 18:14:13+00;113;29;201;2
8314;2026-06-15 18:14:29+00;2026-06-15 19:02:29+00;2880;102;200;19
8315;2026-06-15 18:16:16+00;2026-06-15 18:17:37+00;81;23;223;2
8316;2026-06-15 18:17:58+00;2026-06-15 19:04:58+00;2820;92;206;13
8317;2026-06-15 18:18:27+00;2026-06-15 18:19:17+00;50;25;214;2
8318;2026-06-15 18:19:54+00;2026-06-15 19:07:54+00;2880;74;202;14
8319;2026-06-15 18:20:17+00;2026-06-15 18:21:53+00;96;24;214;2
8320;2026-06-15 18:24:53+00;2026-06-15 19:10:53+00;2760;133;221;13
8321;2026-06-15 18:56:06+00;2026-06-15 18:56:58+00;52;21;218;2
8322;2026-06-15 18:56:56+00;2026-06-15 18:58:33+00;97;18;214;2
8323;2026-06-15 18:58:30+00;2026-06-15 18:59:20+00;50;26;213;2
8324;2026-06-15 19:01:41+00;2026-06-15 19:02:43+00;62;24;210;2
8325;2026-06-15 19:13:01+00;2026-06-15 19:13:51+00;50;30;221;2
8326;2026-06-15 19:15:30+00;2026-06-15 20:00:30+00;2700;44;208;14
8327;2026-06-15 19:17:15+00;2026-06-15 19:18:51+00;96;13;204;2
8328;2026-06-15 19:17:48+00;2026-06-15 19:18:36+00;48;12;209;2
8329;2026-06-15 19:27:58+00;2026-06-15 20:30:58+00;3780;124;214;13
8330;2026-06-15 19:32:37+00;2026-06-15 19:34:34+00;117;12;203;2
8331;2026-06-15 19:42:52+00;2026-06-15 21:05:52+00;4980;101;204;19
8332;2026-06-15 19:52:30+00;2026-06-15 19:54:24+00;114;26;223;2
8333;2026-06-15 19:53:59+00;2026-06-15 19:55:50+00;111;24;206;2
8334;2026-06-15 19:54:59+00;2026-06-15 20:36:59+00;2520;112;219;19
8335;2026-06-15 19:57:27+00;2026-06-15 19:58:10+00;43;24;202;2
8336;2026-06-15 20:02:13+00;2026-06-15 20:02:53+00;40;19;223;2
8337;2026-06-15 20:03:19+00;2026-06-15 20:57:19+00;3240;44;223;14
8338;2026-06-15 20:06:56+00;2026-06-15 20:08:11+00;75;13;203;2
8339;2026-06-15 20:20:00+00;2026-06-15 20:20:55+00;55;17;216;2
8340;2026-06-15 20:24:45+00;2026-06-15 21:18:45+00;3240;51;208;14
8341;2026-06-15 20:26:21+00;2026-06-15 20:27:08+00;47;21;207;2
8342;2026-06-15 20:35:31+00;2026-06-15 22:05:31+00;5400;133;205;13
8343;2026-06-15 20:36:02+00;2026-06-15 21:07:02+00;1860;24;220;19
8344;2026-06-15 20:40:08+00;2026-06-15 21:52:08+00;4320;81;222;19
8345;2026-06-15 20:41:22+00;2026-06-15 22:04:22+00;4980;87;204;13
8346;2026-06-15 20:48:38+00;2026-06-15 20:49:43+00;65;17;220;2
8347;2026-06-15 20:50:29+00;2026-06-15 20:51:34+00;65;20;205;2
8348;2026-06-15 20:57:13+00;2026-06-15 20:58:27+00;74;20;216;2
8349;2026-06-15 21:02:39+00;2026-06-15 21:03:55+00;76;25;222;2
8350;2026-06-15 21:08:14+00;2026-06-15 21:09:06+00;52;10;211;2
8351;2026-06-15 21:16:24+00;2026-06-15 21:17:23+00;59;16;200;2
8352;2026-06-15 21:28:12+00;2026-06-15 21:29:46+00;94;12;205;2
8353;2026-06-15 21:30:20+00;2026-06-15 21:31:42+00;82;15;207;2
8354;2026-06-15 21:30:35+00;2026-06-15 21:32:28+00;113;20;213;2
8355;2026-06-15 21:31:22+00;2026-06-15 21:32:11+00;49;11;200;2
8356;2026-06-15 21:34:52+00;2026-06-15 21:36:50+00;118;15;213;2
8357;2026-06-15 21:41:07+00;2026-06-15 22:18:07+00;2220;106;204;14
8358;2026-06-15 21:41:13+00;2026-06-15 22:47:13+00;3960;125;208;14
8359;2026-06-15 21:45:13+00;2026-06-15 22:08:13+00;1380;26;212;19
8360;2026-06-15 21:53:04+00;2026-06-15 22:49:04+00;3360;84;207;14
8361;2026-06-15 22:01:00+00;2026-06-15 22:02:55+00;115;10;217;2
8362;2026-06-15 22:13:38+00;2026-06-15 22:15:36+00;118;18;219;2
8363;2026-06-15 22:14:49+00;2026-06-15 22:16:16+00;87;10;206;2
8364;2026-06-15 22:15:56+00;2026-06-15 22:17:42+00;106;10;209;2
8365;2026-06-15 22:17:25+00;2026-06-15 22:19:07+00;102;19;213;2
8366;2026-06-15 22:19:05+00;2026-06-15 22:20:07+00;62;15;202;2
8367;2026-06-15 22:19:53+00;2026-06-15 22:57:53+00;2280;10;207;19
8368;2026-06-15 22:20:03+00;2026-06-15 23:01:03+00;2460;133;219;13
8369;2026-06-15 22:25:36+00;2026-06-15 23:22:36+00;3420;150;209;19
8370;2026-06-15 22:30:37+00;2026-06-15 22:31:28+00;51;25;218;2
8371;2026-06-15 22:32:38+00;2026-06-15 23:48:38+00;4560;96;212;19
8372;2026-06-15 22:37:46+00;2026-06-15 22:38:54+00;68;21;203;2
8373;2026-06-15 22:38:21+00;2026-06-15 22:39:34+00;73;27;210;2
8374;2026-06-15 22:45:32+00;2026-06-15 22:47:29+00;117;20;223;2
8375;2026-06-15 22:46:10+00;2026-06-15 22:47:46+00;96;19;205;2
8376;2026-06-15 22:47:36+00;2026-06-16 00:15:36+00;5280;122;203;13
8377;2026-06-15 22:49:56+00;2026-06-15 22:51:20+00;84;23;219;2
8378;2026-06-15 22:52:14+00;2026-06-15 23:31:14+00;2340;109;223;14
8379;2026-06-15 22:56:36+00;2026-06-15 22:58:25+00;109;12;210;2
8380;2026-06-15 22:57:10+00;2026-06-16 00:25:10+00;5280;82;203;13
8381;2026-06-15 22:59:18+00;2026-06-15 23:58:18+00;3540;55;216;19
8382;2026-06-15 22:59:30+00;2026-06-15 23:44:30+00;2700;131;216;19
8383;2026-06-15 23:04:13+00;2026-06-15 23:05:44+00;91;24;215;2
8384;2026-06-15 23:06:03+00;2026-06-15 23:06:52+00;49;17;205;2
8385;2026-06-15 23:16:03+00;2026-06-15 23:16:59+00;56;15;220;2
8386;2026-06-15 23:16:20+00;2026-06-15 23:17:00+00;40;27;203;2
8387;2026-06-15 23:30:08+00;2026-06-15 23:31:15+00;67;16;220;2
8388;2026-06-15 23:32:19+00;2026-06-16 00:44:19+00;4320;48;223;19
8389;2026-06-15 23:39:48+00;2026-06-16 00:29:48+00;3000;150;218;19
8390;2026-06-15 23:47:24+00;2026-06-15 23:48:10+00;46;18;216;2
8391;2026-06-15 23:58:58+00;2026-06-15 23:59:42+00;44;24;217;2
8392;2026-06-16 00:03:38+00;2026-06-16 00:04:30+00;52;10;206;2
8393;2026-06-16 00:04:31+00;2026-06-16 00:06:12+00;101;14;214;2
8394;2026-06-16 00:19:05+00;2026-06-16 00:20:09+00;64;16;217;2
8395;2026-06-16 00:32:39+00;2026-06-16 00:33:20+00;41;15;203;2
8396;2026-06-16 00:36:30+00;2026-06-16 00:37:52+00;82;18;205;2
8397;2026-06-16 00:40:48+00;2026-06-16 00:42:47+00;119;12;212;2
8398;2026-06-16 00:48:12+00;2026-06-16 00:49:58+00;106;25;223;2
8399;2026-06-16 00:51:33+00;2026-06-16 00:52:21+00;48;27;216;2
8400;2026-06-16 00:55:11+00;2026-06-16 00:56:01+00;50;12;221;2
8401;2026-06-16 00:58:13+00;2026-06-16 00:59:40+00;87;26;208;2
8402;2026-06-16 06:12:16+00;2026-06-16 06:13:16+00;60;22;205;2
8403;2026-06-16 06:14:50+00;2026-06-16 06:46:50+00;1920;71;204;13
8404;2026-06-16 06:16:10+00;2026-06-16 07:34:10+00;4680;118;209;14
8405;2026-06-16 06:18:36+00;2026-06-16 06:47:36+00;1740;111;200;14
8406;2026-06-16 06:20:03+00;2026-06-16 06:21:44+00;101;11;207;2
8407;2026-06-16 06:34:51+00;2026-06-16 07:09:51+00;2100;95;210;13
8408;2026-06-16 06:40:43+00;2026-06-16 06:41:48+00;65;27;201;2
8409;2026-06-16 06:41:27+00;2026-06-16 07:52:27+00;4260;88;208;14
8410;2026-06-16 06:42:43+00;2026-06-16 07:40:43+00;3480;102;211;14
8411;2026-06-16 06:59:04+00;2026-06-16 07:47:04+00;2880;128;202;13
8412;2026-06-16 07:01:51+00;2026-06-16 08:04:51+00;3780;77;221;14
8413;2026-06-16 07:04:39+00;2026-06-16 07:05:47+00;68;26;208;2
8414;2026-06-16 07:15:50+00;2026-06-16 08:27:50+00;4320;39;207;13
8415;2026-06-16 07:17:00+00;2026-06-16 07:18:37+00;97;20;222;2
8416;2026-06-16 07:17:27+00;2026-06-16 07:19:16+00;109;26;213;2
8417;2026-06-16 07:26:29+00;2026-06-16 08:28:29+00;3720;116;216;19
8418;2026-06-16 07:36:15+00;2026-06-16 07:37:11+00;56;13;217;2
8419;2026-06-16 07:40:23+00;2026-06-16 08:12:23+00;1920;39;212;14
8420;2026-06-16 07:43:14+00;2026-06-16 07:44:53+00;99;12;211;2
8421;2026-06-16 07:44:01+00;2026-06-16 08:00:01+00;960;23;203;19
8422;2026-06-16 07:56:38+00;2026-06-16 08:55:38+00;3540;10;222;14
8423;2026-06-16 07:56:59+00;2026-06-16 07:58:28+00;89;18;209;2
8424;2026-06-16 08:02:31+00;2026-06-16 08:03:51+00;80;25;204;2
8425;2026-06-16 08:02:45+00;2026-06-16 08:03:55+00;70;15;204;2
8426;2026-06-16 08:04:59+00;2026-06-16 09:00:59+00;3360;34;201;13
8427;2026-06-16 08:08:00+00;2026-06-16 08:47:00+00;2340;7;220;3
8428;2026-06-16 08:08:34+00;2026-06-16 08:10:01+00;87;20;219;2
8429;2026-06-16 08:12:03+00;2026-06-16 09:10:03+00;3480;71;211;14
8430;2026-06-16 08:19:42+00;2026-06-16 09:18:42+00;3540;25;223;14
8431;2026-06-16 08:22:26+00;2026-06-16 08:42:26+00;1200;10;217;3
8432;2026-06-16 08:26:39+00;2026-06-16 09:20:39+00;3240;139;213;13
8433;2026-06-16 08:36:59+00;2026-06-16 08:38:18+00;79;10;202;2
8434;2026-06-16 08:37:45+00;2026-06-16 08:38:35+00;50;17;206;2
8435;2026-06-16 08:39:14+00;2026-06-16 09:26:14+00;2820;79;201;13
8436;2026-06-16 08:47:50+00;2026-06-16 09:28:50+00;2460;125;203;14
8437;2026-06-16 08:48:51+00;2026-06-16 08:49:40+00;49;22;204;2
8438;2026-06-16 09:00:49+00;2026-06-16 09:02:19+00;90;24;214;2
8439;2026-06-16 09:01:10+00;2026-06-16 10:19:10+00;4680;140;201;14
8440;2026-06-16 09:01:26+00;2026-06-16 09:17:26+00;960;6;222;1
8441;2026-06-16 09:09:54+00;2026-06-16 09:10:40+00;46;18;201;2
8442;2026-06-16 09:10:15+00;2026-06-16 09:11:35+00;80;15;210;2
8443;2026-06-16 09:13:24+00;2026-06-16 09:32:24+00;1140;27;214;13
8444;2026-06-16 09:18:35+00;2026-06-16 09:20:06+00;91;24;204;2
8445;2026-06-16 09:19:53+00;2026-06-16 09:21:20+00;87;23;215;2
8446;2026-06-16 09:22:47+00;2026-06-16 10:08:47+00;2760;129;207;14
8447;2026-06-16 09:23:22+00;2026-06-16 09:48:22+00;1500;9;208;3
8448;2026-06-16 09:23:51+00;2026-06-16 09:24:59+00;68;21;214;2
8449;2026-06-16 09:31:06+00;2026-06-16 09:32:47+00;101;21;222;2
8450;2026-06-16 09:36:21+00;2026-06-16 09:38:18+00;117;27;216;2
8451;2026-06-16 09:48:09+00;2026-06-16 09:49:39+00;90;16;200;2
8452;2026-06-16 09:56:06+00;2026-06-16 09:57:57+00;111;27;214;2
8453;2026-06-16 09:58:55+00;2026-06-16 11:01:55+00;3780;37;223;14
8454;2026-06-16 10:05:23+00;2026-06-16 10:45:23+00;2400;9;219;3
8455;2026-06-16 10:13:44+00;2026-06-16 11:41:44+00;5280;81;207;13
8456;2026-06-16 10:20:00+00;2026-06-16 11:12:00+00;3120;32;219;14
8457;2026-06-16 10:22:06+00;2026-06-16 10:23:36+00;90;26;220;2
8458;2026-06-16 10:22:40+00;2026-06-16 10:23:21+00;41;26;201;2
8459;2026-06-16 10:28:57+00;2026-06-16 11:25:57+00;3420;26;203;14
8460;2026-06-16 10:30:31+00;2026-06-16 10:31:49+00;78;17;220;2
8461;2026-06-16 10:32:56+00;2026-06-16 11:33:56+00;3660;142;200;14
8462;2026-06-16 10:34:12+00;2026-06-16 10:55:12+00;1260;6;214;3
8463;2026-06-16 10:35:40+00;2026-06-16 10:37:21+00;101;16;207;2
8464;2026-06-16 10:41:47+00;2026-06-16 11:53:47+00;4320;89;219;13
8465;2026-06-16 10:45:44+00;2026-06-16 11:17:44+00;1920;10;223;3
8466;2026-06-16 10:47:40+00;2026-06-16 12:13:40+00;5160;95;219;14
8467;2026-06-16 10:50:31+00;2026-06-16 11:26:31+00;2160;10;210;3
8468;2026-06-16 10:53:16+00;2026-06-16 12:04:16+00;4260;16;206;19
8469;2026-06-16 10:54:08+00;2026-06-16 10:55:40+00;92;22;221;2
8470;2026-06-16 10:56:31+00;2026-06-16 10:58:26+00;115;20;213;2
8471;2026-06-16 11:00:54+00;2026-06-16 12:20:54+00;4800;102;220;14
8472;2026-06-16 11:07:10+00;2026-06-16 12:24:10+00;4620;69;213;14
8473;2026-06-16 11:08:23+00;2026-06-16 11:09:57+00;94;27;218;2
8474;2026-06-16 11:08:49+00;2026-06-16 11:09:39+00;50;10;217;2
8475;2026-06-16 11:09:28+00;2026-06-16 12:13:28+00;3840;57;218;13
8476;2026-06-16 11:16:09+00;2026-06-16 12:23:09+00;4020;133;207;19
8477;2026-06-16 11:16:58+00;2026-06-16 11:17:42+00;44;17;218;2
8478;2026-06-16 11:19:14+00;2026-06-16 12:22:14+00;3780;58;206;14
8479;2026-06-16 11:21:39+00;2026-06-16 11:44:39+00;1380;91;208;14
8480;2026-06-16 11:27:11+00;2026-06-16 11:27:52+00;41;21;221;2
8481;2026-06-16 11:33:41+00;2026-06-16 11:35:08+00;87;14;215;2
8482;2026-06-16 11:40:36+00;2026-06-16 11:42:31+00;115;17;209;2
8483;2026-06-16 11:42:47+00;2026-06-16 12:46:47+00;3840;93;214;14
8484;2026-06-16 11:45:27+00;2026-06-16 11:47:22+00;115;29;218;2
8485;2026-06-16 11:49:58+00;2026-06-16 13:16:58+00;5220;109;221;13
8486;2026-06-16 11:54:35+00;2026-06-16 11:55:44+00;69;10;204;2
8487;2026-06-16 12:04:53+00;2026-06-16 12:05:37+00;44;22;210;2
8488;2026-06-16 12:06:57+00;2026-06-16 12:07:56+00;59;27;223;2
8489;2026-06-16 12:09:26+00;2026-06-16 13:06:26+00;3420;126;223;19
8490;2026-06-16 12:14:37+00;2026-06-16 12:15:28+00;51;15;207;2
8491;2026-06-16 12:16:17+00;2026-06-16 13:10:17+00;3240;74;214;13
8492;2026-06-16 12:21:59+00;2026-06-16 13:10:59+00;2940;27;211;19
8493;2026-06-16 12:28:47+00;2026-06-16 12:54:47+00;1560;12;200;19
8494;2026-06-16 12:33:31+00;2026-06-16 13:21:31+00;2880;47;204;19
8495;2026-06-16 12:34:45+00;2026-06-16 12:36:37+00;112;24;202;2
8496;2026-06-16 12:35:06+00;2026-06-16 12:36:08+00;62;13;218;2
8497;2026-06-16 12:36:00+00;2026-06-16 14:00:00+00;5040;33;211;19
8498;2026-06-16 12:38:49+00;2026-06-16 12:40:44+00;115;26;211;2
8499;2026-06-16 12:38:49+00;2026-06-16 12:40:45+00;116;17;220;2
8500;2026-06-16 12:45:48+00;2026-06-16 13:41:48+00;3360;143;217;14
8501;2026-06-16 12:49:12+00;2026-06-16 13:44:12+00;3300;66;220;19
8502;2026-06-16 13:03:09+00;2026-06-16 13:03:56+00;47;21;203;2
8503;2026-06-16 13:08:31+00;2026-06-16 13:09:35+00;64;25;220;2
8504;2026-06-16 13:13:50+00;2026-06-16 14:01:50+00;2880;79;221;14
8505;2026-06-16 13:15:01+00;2026-06-16 13:16:19+00;78;14;223;2
8506;2026-06-16 13:22:19+00;2026-06-16 13:23:12+00;53;11;209;2
8507;2026-06-16 13:29:52+00;2026-06-16 14:18:52+00;2940;25;205;14
8508;2026-06-16 13:32:18+00;2026-06-16 13:34:04+00;106;21;204;2
8509;2026-06-16 13:36:52+00;2026-06-16 13:38:42+00;110;25;214;2
8510;2026-06-16 13:40:15+00;2026-06-16 13:41:13+00;58;18;202;2
8511;2026-06-16 13:42:59+00;2026-06-16 13:44:02+00;63;16;209;2
8512;2026-06-16 13:43:38+00;2026-06-16 14:13:38+00;1800;123;217;13
8513;2026-06-16 13:44:22+00;2026-06-16 14:39:22+00;3300;118;219;14
8514;2026-06-16 13:48:04+00;2026-06-16 13:48:56+00;52;30;205;2
8515;2026-06-16 13:52:12+00;2026-06-16 13:53:38+00;86;11;201;2
8516;2026-06-16 13:52:42+00;2026-06-16 13:53:25+00;43;17;200;2
8517;2026-06-16 13:56:49+00;2026-06-16 13:57:34+00;45;20;223;2
8518;2026-06-16 14:12:26+00;2026-06-16 14:13:24+00;58;21;217;2
8519;2026-06-16 14:13:35+00;2026-06-16 15:17:35+00;3840;24;205;13
8520;2026-06-16 14:14:50+00;2026-06-16 14:15:35+00;45;10;222;2
8521;2026-06-16 14:19:43+00;2026-06-16 14:21:41+00;118;12;206;2
8522;2026-06-16 14:23:31+00;2026-06-16 14:25:25+00;114;25;219;2
8523;2026-06-16 14:23:54+00;2026-06-16 15:24:54+00;3660;137;205;14
8524;2026-06-16 14:25:06+00;2026-06-16 14:26:26+00;80;23;218;2
8525;2026-06-16 14:29:04+00;2026-06-16 15:07:04+00;2280;143;220;19
8526;2026-06-16 14:30:04+00;2026-06-16 14:31:32+00;88;11;203;2
8527;2026-06-16 14:36:46+00;2026-06-16 14:38:35+00;109;25;205;2
8528;2026-06-16 14:52:14+00;2026-06-16 15:38:14+00;2760;80;202;14
8529;2026-06-16 14:56:21+00;2026-06-16 15:21:21+00;1500;65;207;19
8530;2026-06-16 14:58:18+00;2026-06-16 16:14:18+00;4560;16;217;14
8531;2026-06-16 14:58:23+00;2026-06-16 15:00:20+00;117;15;205;2
8532;2026-06-16 15:05:58+00;2026-06-16 16:34:58+00;5340;148;200;14
8533;2026-06-16 15:06:58+00;2026-06-16 15:08:37+00;99;24;220;2
8534;2026-06-16 15:07:02+00;2026-06-16 16:32:02+00;5100;44;200;13
8535;2026-06-16 15:17:23+00;2026-06-16 15:18:26+00;63;25;217;2
8536;2026-06-16 15:21:54+00;2026-06-16 15:23:22+00;88;11;207;2
8537;2026-06-16 15:24:14+00;2026-06-16 15:25:53+00;99;25;220;2
8538;2026-06-16 15:27:57+00;2026-06-16 15:29:02+00;65;18;217;2
8539;2026-06-16 15:28:37+00;2026-06-16 15:29:17+00;40;10;200;2
8540;2026-06-16 15:33:37+00;2026-06-16 15:35:09+00;92;21;220;2
8541;2026-06-16 15:35:34+00;2026-06-16 15:37:05+00;91;11;211;2
8542;2026-06-16 15:36:20+00;2026-06-16 16:13:20+00;2220;9;203;3
8543;2026-06-16 15:36:42+00;2026-06-16 16:56:42+00;4800;22;212;19
8544;2026-06-16 15:44:24+00;2026-06-16 15:45:30+00;66;29;203;2
8545;2026-06-16 15:45:20+00;2026-06-16 17:04:20+00;4740;76;218;14
8546;2026-06-16 15:46:50+00;2026-06-16 16:26:50+00;2400;79;212;13
8547;2026-06-16 15:52:01+00;2026-06-16 16:18:01+00;1560;5;212;3
8548;2026-06-16 15:59:49+00;2026-06-16 16:00:58+00;69;20;203;2
8549;2026-06-16 16:04:44+00;2026-06-16 17:31:44+00;5220;28;212;14
8550;2026-06-16 16:05:54+00;2026-06-16 16:26:54+00;1260;83;208;14
8551;2026-06-16 16:07:01+00;2026-06-16 17:11:01+00;3840;103;208;19
8552;2026-06-16 16:07:22+00;2026-06-16 16:39:22+00;1920;147;202;14
8553;2026-06-16 16:07:57+00;2026-06-16 16:08:45+00;48;25;208;2
8554;2026-06-16 16:10:14+00;2026-06-16 16:40:14+00;1800;51;222;19
8555;2026-06-16 16:16:48+00;2026-06-16 16:17:31+00;43;29;222;2
8556;2026-06-16 16:17:31+00;2026-06-16 16:47:31+00;1800;79;216;13
8557;2026-06-16 16:21:00+00;2026-06-16 16:46:00+00;1500;130;209;14
8558;2026-06-16 16:23:17+00;2026-06-16 16:47:17+00;1440;63;220;19
8559;2026-06-16 16:26:12+00;2026-06-16 17:17:12+00;3060;60;213;14
8560;2026-06-16 16:27:46+00;2026-06-16 17:08:46+00;2460;16;215;14
8561;2026-06-16 16:28:09+00;2026-06-16 16:28:53+00;44;19;212;2
8562;2026-06-16 16:41:38+00;2026-06-16 17:38:38+00;3420;99;202;13
8563;2026-06-16 16:46:22+00;2026-06-16 17:32:22+00;2760;124;215;19
8564;2026-06-16 16:46:53+00;2026-06-16 16:48:44+00;111;14;212;2
8565;2026-06-16 16:46:54+00;2026-06-16 16:48:37+00;103;10;214;2
8566;2026-06-16 16:48:03+00;2026-06-16 17:14:03+00;1560;78;220;13
8567;2026-06-16 17:04:01+00;2026-06-16 17:05:04+00;63;12;223;2
8568;2026-06-16 17:06:49+00;2026-06-16 17:35:49+00;1740;131;202;14
8569;2026-06-16 17:07:34+00;2026-06-16 17:08:16+00;42;15;212;2
8570;2026-06-16 17:07:42+00;2026-06-16 17:09:41+00;119;17;222;2
8571;2026-06-16 17:09:26+00;2026-06-16 17:10:33+00;67;29;216;2
8572;2026-06-16 17:10:38+00;2026-06-16 17:12:16+00;98;22;219;2
8573;2026-06-16 17:17:32+00;2026-06-16 17:19:02+00;90;11;207;2
8574;2026-06-16 17:17:40+00;2026-06-16 18:21:40+00;3840;59;203;13
8575;2026-06-16 17:21:24+00;2026-06-16 17:22:05+00;41;10;215;2
8576;2026-06-16 17:23:08+00;2026-06-16 17:50:08+00;1620;122;218;19
8577;2026-06-16 17:23:41+00;2026-06-16 17:24:58+00;77;15;208;2
8578;2026-06-16 17:28:16+00;2026-06-16 17:49:16+00;1260;131;206;14
8579;2026-06-16 17:40:45+00;2026-06-16 17:42:25+00;100;13;212;2
8580;2026-06-16 17:49:12+00;2026-06-16 17:50:13+00;61;16;207;2
8581;2026-06-16 17:55:50+00;2026-06-16 18:10:50+00;900;93;206;19
8582;2026-06-16 17:55:55+00;2026-06-16 17:57:54+00;119;24;221;2
8583;2026-06-16 18:04:24+00;2026-06-16 19:05:24+00;3660;27;209;13
8584;2026-06-16 18:04:37+00;2026-06-16 18:05:55+00;78;11;210;2
8585;2026-06-16 18:08:11+00;2026-06-16 18:09:19+00;68;26;200;2
8586;2026-06-16 18:08:24+00;2026-06-16 18:30:24+00;1320;39;220;13
8587;2026-06-16 18:21:24+00;2026-06-16 19:39:24+00;4680;135;211;19
8588;2026-06-16 18:25:29+00;2026-06-16 19:04:29+00;2340;139;214;13
8589;2026-06-16 18:26:17+00;2026-06-16 18:27:40+00;83;17;201;2
8590;2026-06-16 18:28:07+00;2026-06-16 18:29:57+00;110;11;219;2
8591;2026-06-16 18:35:34+00;2026-06-16 19:06:34+00;1860;13;203;14
8592;2026-06-16 18:42:00+00;2026-06-16 18:43:03+00;63;15;220;2
8593;2026-06-16 18:42:28+00;2026-06-16 19:33:28+00;3060;142;208;14
8594;2026-06-16 18:45:58+00;2026-06-16 20:03:58+00;4680;100;222;19
8595;2026-06-16 18:53:36+00;2026-06-16 19:20:36+00;1620;45;206;19
8596;2026-06-16 18:54:20+00;2026-06-16 18:55:01+00;41;20;207;2
8597;2026-06-16 19:02:25+00;2026-06-16 19:36:25+00;2040;141;218;14
8598;2026-06-16 19:04:57+00;2026-06-16 20:02:57+00;3480;95;210;14
8599;2026-06-16 19:08:03+00;2026-06-16 19:09:08+00;65;22;204;2
8600;2026-06-16 19:09:31+00;2026-06-16 19:10:53+00;82;28;222;2
8601;2026-06-16 19:20:13+00;2026-06-16 19:21:10+00;57;18;222;2
8602;2026-06-16 19:32:37+00;2026-06-16 19:33:32+00;55;16;217;2
8603;2026-06-16 19:50:49+00;2026-06-16 20:38:49+00;2880;90;216;19
8604;2026-06-16 20:02:19+00;2026-06-16 21:20:19+00;4680;83;213;13
8605;2026-06-16 20:02:49+00;2026-06-16 20:03:54+00;65;26;217;2
8606;2026-06-16 20:11:08+00;2026-06-16 20:56:08+00;2700;27;215;14
8607;2026-06-16 20:15:36+00;2026-06-16 21:13:36+00;3480;47;222;19
8608;2026-06-16 20:15:51+00;2026-06-16 21:10:51+00;3300;56;222;14
8609;2026-06-16 20:16:47+00;2026-06-16 20:18:40+00;113;21;219;2
8610;2026-06-16 20:16:54+00;2026-06-16 20:51:54+00;2100;101;210;14
8611;2026-06-16 20:17:00+00;2026-06-16 20:17:40+00;40;23;203;2
8612;2026-06-16 20:20:40+00;2026-06-16 20:21:22+00;42;10;211;2
8613;2026-06-16 20:32:43+00;2026-06-16 21:50:43+00;4680;31;210;13
8614;2026-06-16 20:40:12+00;2026-06-16 20:40:53+00;41;28;206;2
8615;2026-06-16 20:44:11+00;2026-06-16 21:57:11+00;4380;28;204;13
8616;2026-06-16 20:44:14+00;2026-06-16 22:09:14+00;5100;56;216;13
8617;2026-06-16 21:22:21+00;2026-06-16 21:24:08+00;107;28;219;2
8618;2026-06-16 21:24:35+00;2026-06-16 21:59:35+00;2100;64;208;14
8619;2026-06-16 21:24:52+00;2026-06-16 21:25:59+00;67;14;215;2
8620;2026-06-16 21:29:03+00;2026-06-16 21:31:02+00;119;23;223;2
8621;2026-06-16 21:32:08+00;2026-06-16 21:33:01+00;53;20;211;2
8622;2026-06-16 21:37:09+00;2026-06-16 21:38:03+00;54;11;216;2
8623;2026-06-16 21:39:41+00;2026-06-16 21:40:33+00;52;17;214;2
8624;2026-06-16 21:39:45+00;2026-06-16 21:41:10+00;85;21;218;2
8625;2026-06-16 21:45:40+00;2026-06-16 22:12:40+00;1620;140;211;14
8626;2026-06-16 21:46:45+00;2026-06-16 22:40:45+00;3240;80;219;14
8627;2026-06-16 21:47:32+00;2026-06-16 21:48:29+00;57;23;214;2
8628;2026-06-16 21:53:21+00;2026-06-16 21:54:32+00;71;25;209;2
8629;2026-06-16 22:03:48+00;2026-06-16 22:05:42+00;114;10;212;2
8630;2026-06-16 22:03:55+00;2026-06-16 22:05:37+00;102;12;202;2
8631;2026-06-16 22:04:12+00;2026-06-16 22:05:15+00;63;27;221;2
8632;2026-06-16 22:07:29+00;2026-06-16 22:09:02+00;93;15;208;2
8633;2026-06-16 22:18:24+00;2026-06-16 22:42:24+00;1440;95;213;13
8634;2026-06-16 22:20:32+00;2026-06-16 22:21:20+00;48;10;218;2
8635;2026-06-16 22:23:25+00;2026-06-16 23:32:25+00;4140;110;213;14
8636;2026-06-16 22:31:12+00;2026-06-16 22:32:28+00;76;30;209;2
8637;2026-06-16 22:51:34+00;2026-06-16 23:53:34+00;3720;22;205;19
8638;2026-06-16 23:01:48+00;2026-06-16 23:02:51+00;63;28;201;2
8639;2026-06-16 23:03:05+00;2026-06-17 00:22:05+00;4740;41;222;14
8640;2026-06-16 23:06:55+00;2026-06-16 23:08:32+00;97;20;201;2
8641;2026-06-16 23:11:49+00;2026-06-16 23:34:49+00;1380;33;200;13
8642;2026-06-16 23:14:12+00;2026-06-16 23:15:46+00;94;14;214;2
8643;2026-06-16 23:14:30+00;2026-06-16 23:16:17+00;107;10;206;2
8644;2026-06-16 23:14:42+00;2026-06-17 00:21:42+00;4020;134;205;13
8645;2026-06-16 23:22:27+00;2026-06-16 23:23:56+00;89;23;210;2
8646;2026-06-16 23:24:48+00;2026-06-16 23:50:48+00;1560;23;214;14
8647;2026-06-16 23:28:11+00;2026-06-17 00:03:11+00;2100;85;223;19
8648;2026-06-16 23:28:23+00;2026-06-16 23:30:02+00;99;27;217;2
8649;2026-06-16 23:31:19+00;2026-06-16 23:32:36+00;77;24;207;2
8650;2026-06-16 23:35:07+00;2026-06-17 01:03:07+00;5280;84;218;13
8651;2026-06-16 23:40:14+00;2026-06-16 23:41:55+00;101;17;213;2
8652;2026-06-16 23:47:59+00;2026-06-17 00:42:59+00;3300;92;214;19
8653;2026-06-17 00:03:03+00;2026-06-17 00:04:27+00;84;24;213;2
8654;2026-06-17 00:12:20+00;2026-06-17 00:14:13+00;113;14;209;2
8655;2026-06-17 00:23:38+00;2026-06-17 00:25:06+00;88;27;205;2
8656;2026-06-17 00:25:51+00;2026-06-17 00:27:45+00;114;28;206;2
8657;2026-06-17 00:28:14+00;2026-06-17 00:29:38+00;84;22;210;2
8658;2026-06-17 00:36:10+00;2026-06-17 00:37:58+00;108;24;200;2
8659;2026-06-17 00:45:18+00;2026-06-17 00:46:12+00;54;19;216;2
8660;2026-06-17 00:50:13+00;2026-06-17 00:51:02+00;49;20;205;2
8661;2026-06-17 00:56:07+00;2026-06-17 00:57:30+00;83;30;210;2
8662;2026-06-17 00:56:28+00;2026-06-17 00:58:08+00;100;20;222;2
